Log file open, 09/18/26 19:31:50
LogWindows: Failed to load 'aqProf.dll' (GetLastError=126)
LogWindows: File 'aqProf.dll' does not exist
LogWindows: Failed to load 'VtuneApi.dll' (GetLastError=126)
LogWindows: File 'VtuneApi.dll' does not exist
LogWindows: Failed to load 'VtuneApi32e.dll' (GetLastError=126)
LogWindows: File 'VtuneApi32e.dll' does not exist
LogConsoleResponse: Display: Failed to find resolution value strings in scalability ini. Falling back to default.
LogConsoleResponse: Display: Failed to find resolution value strings in scalability ini. Falling back to default.
LogInit: Display: Running engine for game: MyProject
LogPlatformFile: Not using cached read wrapper
LogTaskGraph: Started task graph with 5 named threads and 83 total threads with 3 sets of task threads.
LogStats: Stats thread started at 0.683397
LogICUInternationalization: ICU TimeZone Detection - Raw Offset: +8:00, Platform Override: ''
LogInit: Display: Loading text-based GConfig....
LogPluginManager: Mounting plugin XGEController
LogPluginManager: Mounting plugin MeshPainting
LogPluginManager: Mounting plugin Paper2D
LogPluginManager: Mounting plugin OodleData
LogPluginManager: Mounting plugin OodleNetwork
LogPluginManager: Mounting plugin CLionSourceCodeAccess
LogPluginManager: Mounting plugin PerforceSourceControl
LogPluginManager: Mounting plugin PixWinPlugin
LogPluginManager: Mounting plugin PlasticSourceControl
LogPluginManager: Mounting plugin LightPropagationVolume
LogPluginManager: Mounting plugin VisualStudioCodeSourceCodeAccess
LogPluginManager: Mounting plugin AnimationSharing
LogPluginManager: Mounting plugin UObjectPlugin
LogPluginManager: Mounting plugin GitSourceControl
LogPluginManager: Mounting plugin MagicLeap
LogPluginManager: Mounting plugin LuminPlatformFeatures
LogPluginManager: Mounting plugin PluginUtils
LogPluginManager: Mounting plugin SubversionSourceControl
LogPluginManager: Mounting plugin TextureFormatOodle
LogPluginManager: Mounting plugin RiderSourceCodeAccess
LogPluginManager: Mounting plugin PropertyAccessNode
LogPluginManager: Mounting plugin XCodeSourceCodeAccess
LogPluginManager: Mounting plugin CodeLiteSourceCodeAccess
LogPluginManager: Mounting plugin KDevelopSourceCodeAccess
LogPluginManager: Mounting plugin MagicLeapPassableWorld
LogPluginManager: Mounting plugin MLSDK
LogPluginManager: Mounting plugin VisualStudioSourceCodeAccess
LogPluginManager: Mounting plugin OnlineSubsystem
LogPluginManager: Mounting plugin OnlineSubsystemNull
LogPluginManager: Mounting plugin OnlineSubsystemUtils
LogPluginManager: Mounting plugin ActorLayerUtilities
LogPluginManager: Mounting plugin Niagara
LogPluginManager: Mounting plugin MagicLeapMedia
LogPluginManager: Mounting plugin AndroidPermission
LogPluginManager: Mounting plugin MagicLeapLightEstimation
LogPluginManager: Mounting plugin AudioCapture
LogPluginManager: Mounting plugin ArchVisCharacter
LogPluginManager: Mounting plugin AudioSynesthesia
LogPluginManager: Mounting plugin CustomMeshComponent
LogPluginManager: Mounting plugin CableComponent
LogPluginManager: Mounting plugin ChunkDownloader
LogPluginManager: Mounting plugin AssetTags
LogPluginManager: Mounting plugin NullSourceCodeAccess
LogPluginManager: Mounting plugin AppleImageUtils
LogPluginManager: Mounting plugin AndroidMoviePlayer
LogPluginManager: Mounting plugin EditableMesh
LogPluginManager: Mounting plugin AndroidDeviceProfileSelector
LogPluginManager: Mounting plugin ExampleDeviceProfileSelector
LogPluginManager: Mounting plugin GoogleCloudMessaging
LogPluginManager: Mounting plugin GooglePAD
LogPluginManager: Mounting plugin LinuxDeviceProfileSelector
LogPluginManager: Mounting plugin AppleMoviePlayer
LogPluginManager: Mounting plugin LocationServicesBPLibrary
LogPluginManager: Mounting plugin OpenXR
LogPluginManager: Mounting plugin MobilePatchingUtils
LogPluginManager: Mounting plugin OpenXRHandTracking
LogPluginManager: Mounting plugin OpenXREyeTracker
LogPluginManager: Mounting plugin PropertyAccessEditor
LogPluginManager: Mounting plugin ProceduralMeshComponent
LogPluginManager: Mounting plugin PhysXVehicles
LogPluginManager: Mounting plugin SignificanceManager
LogPluginManager: Mounting plugin SoundFields
LogPluginManager: Mounting plugin Synthesis
LogPluginManager: Mounting plugin RuntimePhysXCooking
LogPluginManager: Mounting plugin PostSplashScreen
LogPluginManager: Mounting plugin WebMMoviePlayer
LogPluginManager: Mounting plugin WindowsMoviePlayer
LogPluginManager: Mounting plugin Takes
LogPluginManager: Mounting plugin LiveLink
LogPluginManager: Mounting plugin ScreenshotTools
LogPluginManager: Mounting plugin AISupport
LogPluginManager: Mounting plugin EnvironmentQueryEditor
LogPluginManager: Mounting plugin IOSDeviceProfileSelector
LogPluginManager: Mounting plugin DatasmithContent
LogPluginManager: Mounting plugin VariantManagerContent
LogPluginManager: Mounting plugin UdpMessaging
LogPluginManager: Mounting plugin TcpMessaging
LogPluginManager: Mounting plugin ActorSequence
LogPluginManager: Mounting plugin LauncherChunkInstaller
LogPluginManager: Mounting plugin AndroidMedia
LogPluginManager: Mounting plugin LevelSequenceEditor
LogPluginManager: Mounting plugin TemplateSequence
LogPluginManager: Mounting plugin MatineeToLevelSequence
LogPluginManager: Mounting plugin MediaCompositing
LogPluginManager: Mounting plugin AvfMedia
LogPluginManager: Mounting plugin MediaPlayerEditor
LogPluginManager: Mounting plugin WmfMedia
LogPluginManager: Mounting plugin WebMMedia
LogPluginManager: Mounting plugin AssetManagerEditor
LogPluginManager: Mounting plugin GameplayCameras
LogPluginManager: Mounting plugin GeometryMode
LogPluginManager: Mounting plugin CurveEditorTools
LogPluginManager: Mounting plugin DataValidation
LogPluginManager: Mounting plugin MaterialAnalyzer
LogPluginManager: Mounting plugin CryptoKeys
LogPluginManager: Mounting plugin PluginBrowser
LogPluginManager: Mounting plugin MobileLauncherProfileWizard
LogPluginManager: Mounting plugin SpeedTreeImporter
LogPluginManager: Mounting plugin ImgMedia
LogPluginManager: Mounting plugin CameraShakePreviewer
LogPluginManager: Mounting plugin ChaosEditor
LogPluginManager: Mounting plugin AutomationUtils
LogPluginManager: Mounting plugin AlembicImporter
LogPluginManager: Mounting plugin BackChannel
LogPluginManager: Mounting plugin ChaosSolverPlugin
LogPluginManager: Mounting plugin ChaosNiagara
LogPluginManager: Mounting plugin ChaosCloth
LogPluginManager: Mounting plugin ChaosClothEditor
LogPluginManager: Mounting plugin FacialAnimation
LogPluginManager: Mounting plugin CharacterAI
LogPluginManager: Mounting plugin GeometryProcessing
LogPluginManager: Mounting plugin MacGraphicsSwitching
LogPluginManager: Mounting plugin GeometryCache
LogPluginManager: Mounting plugin GeometryCollectionPlugin
LogPluginManager: Mounting plugin GameplayTagsEditor
LogPluginManager: Mounting plugin OpenImageDenoise
LogPluginManager: Mounting plugin PythonScriptPlugin
LogPluginManager: Mounting plugin PlanarCut
LogPluginManager: Mounting plugin ProxyLODPlugin
LogPluginManager: Mounting plugin PlatformCrypto
LogPluginManager: Mounting plugin SkeletalReduction
LogPluginManager: Mounting plugin MotoSynth
LogPluginManager: Mounting plugin OnlineSubsystemGooglePlay
LogPluginManager: Mounting plugin OnlineSubsystemIOS
LogPluginManager: Mounting plugin OculusVR
LogPluginManager: Mounting plugin SteamVR
LogPluginManager: Mounting plugin ContentBrowserClassDataSource
LogPluginManager: Mounting plugin ContentBrowserAssetDataSource
LogPluginManager: Mounting plugin ContentBrowserFileDataSource
PixWinPlugin: PIX capture plugin failed to initialize! Check that the process is launched from PIX.
LogInit: Using libcurl 7.55.1-DEV
LogInit:  - built for x86_64-pc-win32
LogInit:  - supports SSL with OpenSSL/1.1.1
LogInit:  - supports HTTP deflate (compression) using libz 1.2.8
LogInit:  - other features:
LogInit:      CURL_VERSION_SSL
LogInit:      CURL_VERSION_LIBZ
LogInit:      CURL_VERSION_IPV6
LogInit:      CURL_VERSION_ASYNCHDNS
LogInit:      CURL_VERSION_LARGEFILE
LogInit:      CURL_VERSION_IDN
LogInit:  CurlRequestOptions (configurable via config and command line):
LogInit:  - bVerifyPeer = true  - Libcurl will verify peer certificate
LogInit:  - bUseHttpProxy = false  - Libcurl will NOT use HTTP proxy
LogInit:  - bDontReuseConnections = false  - Libcurl will reuse connections
LogInit:  - MaxHostConnections = 16  - Libcurl will limit the number of connections to a host
LogInit:  - LocalHostAddr = Default
LogInit:  - BufferSize = 65536
LogOnline: OSS: Creating online subsystem instance for: NULL
LogInit: WinSock: version 1.1 (2.2), MaxSocks=32767, MaxUdp=65467
LogOnline: OSS: TryLoadSubsystemAndSetDefault: Loaded subsystem for module [NULL]
LogOculusPluginWrapper: OculusPlugin initialized successfully
LogHMD: Failed initializing OVRPlugin 1.59.0
LogInit: Build: ++UE4+Release-4.27-CL-18319896
LogInit: Engine Version: 4.27.2-18319896+++UE4+Release-4.27
LogInit: Compatible Engine Version: 4.27.0-17155196+++UE4+Release-4.27
LogInit: Net CL: 17155196
LogInit: OS: Windows 10 (Release 2009) (), CPU: Intel(R) Core(TM) i7-14700HX, GPU: Intel(R) UHD Graphics
LogInit: Compiled (64-bit): Nov 30 2021 07:12:08
LogInit: Compiled with Visual C++: 19.24.28315.00
LogInit: Build Configuration: Development
LogInit: Branch Name: ++UE4+Release-4.27
LogInit: Command Line: 
LogInit: Base Directory: C:/Program Files/Epic Games/UE_4.27/Engine/Binaries/Win64/
LogInit: Allocator: TBB
LogInit: Installed Engine Build: 1
LogDevObjectVersion: Number of dev versions registered: 29
LogDevObjectVersion:   Dev-Blueprints (B0D832E4-1F89-4F0D-ACCF-7EB736FD4AA2): 10
LogDevObjectVersion:   Dev-Build (E1C64328-A22C-4D53-A36C-8E866417BD8C): 0
LogDevObjectVersion:   Dev-Core (375EC13C-06E4-48FB-B500-84F0262A717E): 4
LogDevObjectVersion:   Dev-Editor (E4B068ED-F494-42E9-A231-DA0B2E46BB41): 40
LogDevObjectVersion:   Dev-Framework (CFFC743F-43B0-4480-9391-14DF171D2073): 37
LogDevObjectVersion:   Dev-Mobile (B02B49B5-BB20-44E9-A304-32B752E40360): 3
LogDevObjectVersion:   Dev-Networking (A4E4105C-59A1-49B5-A7C5-40C4547EDFEE): 0
LogDevObjectVersion:   Dev-Online (39C831C9-5AE6-47DC-9A44-9C173E1C8E7C): 0
LogDevObjectVersion:   Dev-Physics (78F01B33-EBEA-4F98-B9B4-84EACCB95AA2): 14
LogDevObjectVersion:   Dev-Platform (6631380F-2D4D-43E0-8009-CF276956A95A): 0
LogDevObjectVersion:   Dev-Rendering (12F88B9F-8875-4AFC-A67C-D90C383ABD29): 45
LogDevObjectVersion:   Dev-Sequencer (7B5AE74C-D270-4C10-A958-57980B212A5A): 13
LogDevObjectVersion:   Dev-VR (D7296918-1DD6-4BDD-9DE2-64A83CC13884): 3
LogDevObjectVersion:   Dev-LoadTimes (C2A15278-BFE7-4AFE-6C17-90FF531DF755): 1
LogDevObjectVersion:   Private-Geometry (6EACA3D4-40EC-4CC1-B786-8BED09428FC5): 3
LogDevObjectVersion:   Dev-AnimPhys (29E575DD-E0A3-4627-9D10-D276232CDCEA): 17
LogDevObjectVersion:   Dev-Anim (AF43A65D-7FD3-4947-9873-3E8ED9C1BB05): 15
LogDevObjectVersion:   Dev-ReflectionCapture (6B266CEC-1EC7-4B8F-A30B-E4D90942FC07): 1
LogDevObjectVersion:   Dev-Automation (0DF73D61-A23F-47EA-B727-89E90C41499A): 1
LogDevObjectVersion:   FortniteMain (601D1886-AC64-4F84-AA16-D3DE0DEAC7D6): 47
LogDevObjectVersion:   FortniteRelease (E7086368-6B23-4C58-8439-1B7016265E91): 1
LogDevObjectVersion:   Dev-Enterprise (9DFFBCD6-494F-0158-E221-12823C92A888): 10
LogDevObjectVersion:   Dev-Niagara (F2AED0AC-9AFE-416F-8664-AA7FFA26D6FC): 1
LogDevObjectVersion:   Dev-Destruction (174F1F0B-B4C6-45A5-B13F-2EE8D0FB917D): 10
LogDevObjectVersion:   Dev-Physics-Ext (35F94A83-E258-406C-A318-09F59610247C): 41
LogDevObjectVersion:   Dev-PhysicsMaterial-Chaos (B68FC16E-8B1B-42E2-B453-215C058844FE): 1
LogDevObjectVersion:   Dev-CineCamera (B2E18506-4273-CFC2-A54E-F4BB758BBA07): 1
LogDevObjectVersion:   Dev-VirtualProduction (64F58936-FD1B-42BA-BA96-7289D5D0FA4E): 1
LogDevObjectVersion:   Dev-MediaFramework (6F0ED827-A609-4895-9C91-998D90180EA4): 2
LogInit: Presizing for max 25165824 objects, including 0 objects not considered by GC, pre-allocating 0 bytes for permanent pool.
LogConfig: Applying CVar settings from Section [/Script/Engine.StreamingSettings] File [D:/inGGIT/SteelEnclo_LD_BO/MyProject/Saved/Config/Windows/Engine.ini]
LogConfig: Setting CVar [[s.MinBulkDataSizeForAsyncLoading:131072]]
LogConfig: Setting CVar [[s.AsyncLoadingThreadEnabled:0]]
LogConfig: Setting CVar [[s.EventDrivenLoaderEnabled:1]]
LogConfig: Setting CVar [[s.WarnIfTimeLimitExceeded:0]]
LogConfig: Setting CVar [[s.TimeLimitExceededMultiplier:1.5]]
LogConfig: Setting CVar [[s.TimeLimitExceededMinTime:0.005]]
LogConfig: Setting CVar [[s.UseBackgroundLevelStreaming:1]]
LogConfig: Setting CVar [[s.PriorityAsyncLoadingExtraTime:15.0]]
LogConfig: Setting CVar [[s.LevelStreamingActorsUpdateTimeLimit:5.0]]
LogConfig: Setting CVar [[s.PriorityLevelStreamingActorsUpdateExtraTime:5.0]]
LogConfig: Setting CVar [[s.LevelStreamingComponentsRegistrationGranularity:10]]
LogConfig: Setting CVar [[s.UnregisterComponentsTimeLimit:1.0]]
LogConfig: Setting CVar [[s.LevelStreamingComponentsUnregistrationGranularity:5]]
LogConfig: Setting CVar [[s.FlushStreamingOnExit:1]]
LogInit: Object subsystem initialized
LogConfig: Setting CVar [[con.DebugEarlyDefault:1]]
LogConfig: Setting CVar [[r.setres:1280x720]]
[2026.09.18-11.31.52:184][  0]LogConfig: Setting CVar [[r.VSync:0]]
[2026.09.18-11.31.52:184][  0]LogConfig: Setting CVar [[r.RHICmdBypass:0]]
[2026.09.18-11.31.52:184][  0]LogConfig: Applying CVar settings from Section [/Script/Engine.RendererSettings] File [D:/inGGIT/SteelEnclo_LD_BO/MyProject/Saved/Config/Windows/Engine.ini]
[2026.09.18-11.31.52:184][  0]LogConfig: Setting CVar [[r.GPUCrashDebugging:0]]
[2026.09.18-11.31.52:184][  0]LogConfig: Applying CVar settings from Section [/Script/Engine.RendererOverrideSettings] File [D:/inGGIT/SteelEnclo_LD_BO/MyProject/Saved/Config/Windows/Engine.ini]
[2026.09.18-11.31.52:184][  0]LogConfig: Applying CVar settings from Section [/Script/Engine.StreamingSettings] File [D:/inGGIT/SteelEnclo_LD_BO/MyProject/Saved/Config/Windows/Engine.ini]
[2026.09.18-11.31.52:184][  0]LogConfig: Setting CVar [[s.MinBulkDataSizeForAsyncLoading:131072]]
[2026.09.18-11.31.52:184][  0]LogConfig: Setting CVar [[s.AsyncLoadingThreadEnabled:0]]
[2026.09.18-11.31.52:184][  0]LogConfig: Setting CVar [[s.EventDrivenLoaderEnabled:1]]
[2026.09.18-11.31.52:184][  0]LogConfig: Setting CVar [[s.WarnIfTimeLimitExceeded:0]]
[2026.09.18-11.31.52:184][  0]LogConfig: Setting CVar [[s.TimeLimitExceededMultiplier:1.5]]
[2026.09.18-11.31.52:184][  0]LogConfig: Setting CVar [[s.TimeLimitExceededMinTime:0.005]]
[2026.09.18-11.31.52:184][  0]LogConfig: Setting CVar [[s.UseBackgroundLevelStreaming:1]]
[2026.09.18-11.31.52:184][  0]LogConfig: Setting CVar [[s.PriorityAsyncLoadingExtraTime:15.0]]
[2026.09.18-11.31.52:184][  0]LogConfig: Setting CVar [[s.LevelStreamingActorsUpdateTimeLimit:5.0]]
[2026.09.18-11.31.52:184][  0]LogConfig: Setting CVar [[s.PriorityLevelStreamingActorsUpdateExtraTime:5.0]]
[2026.09.18-11.31.52:184][  0]LogConfig: Setting CVar [[s.LevelStreamingComponentsRegistrationGranularity:10]]
[2026.09.18-11.31.52:184][  0]LogConfig: Setting CVar [[s.UnregisterComponentsTimeLimit:1.0]]
[2026.09.18-11.31.52:184][  0]LogConfig: Setting CVar [[s.LevelStreamingComponentsUnregistrationGranularity:5]]
[2026.09.18-11.31.52:184][  0]LogConfig: Setting CVar [[s.FlushStreamingOnExit:1]]
[2026.09.18-11.31.52:184][  0]LogConfig: Applying CVar settings from Section [/Script/Engine.GarbageCollectionSettings] File [D:/inGGIT/SteelEnclo_LD_BO/MyProject/Saved/Config/Windows/Engine.ini]
[2026.09.18-11.31.52:184][  0]LogConfig: Setting CVar [[gc.MaxObjectsNotConsideredByGC:1]]
[2026.09.18-11.31.52:184][  0]LogConfig: Setting CVar [[gc.SizeOfPermanentObjectPool:0]]
[2026.09.18-11.31.52:184][  0]LogConfig: Setting CVar [[gc.FlushStreamingOnGC:0]]
[2026.09.18-11.31.52:184][  0]LogConfig: Setting CVar [[gc.NumRetriesBeforeForcingGC:10]]
[2026.09.18-11.31.52:184][  0]LogConfig: Setting CVar [[gc.AllowParallelGC:1]]
[2026.09.18-11.31.52:184][  0]LogConfig: Setting CVar [[gc.TimeBetweenPurgingPendingKillObjects:61.1]]
[2026.09.18-11.31.52:184][  0]LogConfig: Setting CVar [[gc.MaxObjectsInEditor:25165824]]
[2026.09.18-11.31.52:184][  0]LogConfig: Setting CVar [[gc.IncrementalBeginDestroyEnabled:1]]
[2026.09.18-11.31.52:184][  0]LogConfig: Setting CVar [[gc.CreateGCClusters:1]]
[2026.09.18-11.31.52:184][  0]LogConfig: Setting CVar [[gc.MinGCClusterSize:5]]
[2026.09.18-11.31.52:184][  0]LogConfig: Setting CVar [[gc.ActorClusteringEnabled:0]]
[2026.09.18-11.31.52:184][  0]LogConfig: Setting CVar [[gc.BlueprintClusteringEnabled:0]]
[2026.09.18-11.31.52:184][  0]LogConfig: Setting CVar [[gc.UseDisregardForGCOnDedicatedServers:0]]
[2026.09.18-11.31.52:184][  0]LogConfig: Setting CVar [[gc.MultithreadedDestructionEnabled:1]]
[2026.09.18-11.31.52:184][  0]LogConfig: Applying CVar settings from Section [/Script/Engine.NetworkSettings] File [D:/inGGIT/SteelEnclo_LD_BO/MyProject/Saved/Config/Windows/Engine.ini]
[2026.09.18-11.31.52:184][  0]LogConfig: Applying CVar settings from Section [/Script/UnrealEd.CookerSettings] File [D:/inGGIT/SteelEnclo_LD_BO/MyProject/Saved/Config/Windows/Engine.ini]
[2026.09.18-11.31.52:217][  0]LogConfig: Applying CVar settings from Section [ViewDistanceQuality@3] File [D:/inGGIT/SteelEnclo_LD_BO/MyProject/Saved/Config/Windows/Scalability.ini]
[2026.09.18-11.31.52:218][  0]LogConfig: Setting CVar [[r.SkeletalMeshLODBias:0]]
[2026.09.18-11.31.52:218][  0]LogConfig: Setting CVar [[r.ViewDistanceScale:1.0]]
[2026.09.18-11.31.52:218][  0]LogConfig: Applying CVar settings from Section [AntiAliasingQuality@3] File [D:/inGGIT/SteelEnclo_LD_BO/MyProject/Saved/Config/Windows/Scalability.ini]
[2026.09.18-11.31.52:218][  0]LogConfig: Setting CVar [[r.PostProcessAAQuality:4]]
[2026.09.18-11.31.52:218][  0]LogConfig: Applying CVar settings from Section [ShadowQuality@3] File [D:/inGGIT/SteelEnclo_LD_BO/MyProject/Saved/Config/Windows/Scalability.ini]
[2026.09.18-11.31.52:218][  0]LogConfig: Setting CVar [[r.LightFunctionQuality:1]]
[2026.09.18-11.31.52:218][  0]LogConfig: Setting CVar [[r.ShadowQuality:5]]
[2026.09.18-11.31.52:218][  0]LogConfig: Setting CVar [[r.Shadow.CSM.MaxCascades:10]]
[2026.09.18-11.31.52:218][  0]LogConfig: Setting CVar [[r.Shadow.MaxResolution:2048]]
[2026.09.18-11.31.52:218][  0]LogConfig: Setting CVar [[r.Shadow.MaxCSMResolution:2048]]
[2026.09.18-11.31.52:218][  0]LogConfig: Setting CVar [[r.Shadow.RadiusThreshold:0.01]]
[2026.09.18-11.31.52:218][  0]LogConfig: Setting CVar [[r.Shadow.DistanceScale:1.0]]
[2026.09.18-11.31.52:218][  0]LogConfig: Setting CVar [[r.Shadow.CSM.TransitionScale:1.0]]
[2026.09.18-11.31.52:218][  0]LogConfig: Setting CVar [[r.Shadow.PreShadowResolutionFactor:1.0]]
[2026.09.18-11.31.52:218][  0]LogConfig: Setting CVar [[r.DistanceFieldShadowing:1]]
[2026.09.18-11.31.52:218][  0]LogConfig: Setting CVar [[r.DistanceFieldAO:1]]
[2026.09.18-11.31.52:218][  0]LogConfig: Setting CVar [[r.AOQuality:2]]
[2026.09.18-11.31.52:218][  0]LogConfig: Setting CVar [[r.VolumetricFog:1]]
[2026.09.18-11.31.52:218][  0]LogConfig: Setting CVar [[r.VolumetricFog.GridPixelSize:8]]
[2026.09.18-11.31.52:218][  0]LogConfig: Setting CVar [[r.VolumetricFog.GridSizeZ:128]]
[2026.09.18-11.31.52:218][  0]LogConfig: Setting CVar [[r.VolumetricFog.HistoryMissSupersampleCount:4]]
[2026.09.18-11.31.52:218][  0]LogConfig: Setting CVar [[r.LightMaxDrawDistanceScale:1]]
[2026.09.18-11.31.52:218][  0]LogConfig: Setting CVar [[r.CapsuleShadows:1]]
[2026.09.18-11.31.52:218][  0]LogConfig: Applying CVar settings from Section [PostProcessQuality@3] File [D:/inGGIT/SteelEnclo_LD_BO/MyProject/Saved/Config/Windows/Scalability.ini]
[2026.09.18-11.31.52:218][  0]LogConfig: Setting CVar [[r.MotionBlurQuality:4]]
[2026.09.18-11.31.52:218][  0]LogConfig: Setting CVar [[r.AmbientOcclusionMipLevelFactor:0.4]]
[2026.09.18-11.31.52:218][  0]LogConfig: Setting CVar [[r.AmbientOcclusionMaxQuality:100]]
[2026.09.18-11.31.52:218][  0]LogConfig: Setting CVar [[r.AmbientOcclusionLevels:-1]]
[2026.09.18-11.31.52:218][  0]LogConfig: Setting CVar [[r.AmbientOcclusionRadiusScale:1.0]]
[2026.09.18-11.31.52:218][  0]LogConfig: Setting CVar [[r.DepthOfFieldQuality:2]]
[2026.09.18-11.31.52:218][  0]LogConfig: Setting CVar [[r.RenderTargetPoolMin:400]]
[2026.09.18-11.31.52:218][  0]LogConfig: Setting CVar [[r.LensFlareQuality:2]]
[2026.09.18-11.31.52:218][  0]LogConfig: Setting CVar [[r.SceneColorFringeQuality:1]]
[2026.09.18-11.31.52:218][  0]LogConfig: Setting CVar [[r.EyeAdaptationQuality:2]]
[2026.09.18-11.31.52:218][  0]LogConfig: Setting CVar [[r.BloomQuality:5]]
[2026.09.18-11.31.52:218][  0]LogConfig: Setting CVar [[r.FastBlurThreshold:100]]
[2026.09.18-11.31.52:218][  0]LogConfig: Setting CVar [[r.Upscale.Quality:3]]
[2026.09.18-11.31.52:218][  0]LogConfig: Setting CVar [[r.Tonemapper.GrainQuantization:1]]
[2026.09.18-11.31.52:218][  0]LogConfig: Setting CVar [[r.LightShaftQuality:1]]
[2026.09.18-11.31.52:218][  0]LogConfig: Setting CVar [[r.Filter.SizeScale:1]]
[2026.09.18-11.31.52:218][  0]LogConfig: Setting CVar [[r.Tonemapper.Quality:5]]
[2026.09.18-11.31.52:218][  0]LogConfig: Setting CVar [[r.DOF.Gather.AccumulatorQuality:1        ; higher gathering accumulator quality]]
[2026.09.18-11.31.52:218][  0]LogConfig: Setting CVar [[r.DOF.Gather.PostfilterMethod:1          ; Median3x3 postfilering method]]
[2026.09.18-11.31.52:218][  0]LogConfig: Setting CVar [[r.DOF.Gather.EnableBokehSettings:0       ; no bokeh simulation when gathering]]
[2026.09.18-11.31.52:218][  0]LogConfig: Setting CVar [[r.DOF.Gather.RingCount:4                 ; medium number of samples when gathering]]
[2026.09.18-11.31.52:218][  0]LogConfig: Setting CVar [[r.DOF.Scatter.ForegroundCompositing:1    ; additive foreground scattering]]
[2026.09.18-11.31.52:218][  0]LogConfig: Setting CVar [[r.DOF.Scatter.BackgroundCompositing:2    ; additive background scattering]]
[2026.09.18-11.31.52:218][  0]LogConfig: Setting CVar [[r.DOF.Scatter.EnableBokehSettings:1      ; bokeh simulation when scattering]]
[2026.09.18-11.31.52:218][  0]LogConfig: Setting CVar [[r.DOF.Scatter.MaxSpriteRatio:0.1         ; only a maximum of 10% of scattered bokeh]]
[2026.09.18-11.31.52:218][  0]LogConfig: Setting CVar [[r.DOF.Recombine.Quality:1                ; cheap slight out of focus]]
[2026.09.18-11.31.52:218][  0]LogConfig: Setting CVar [[r.DOF.Recombine.EnableBokehSettings:0    ; no bokeh simulation on slight out of focus]]
[2026.09.18-11.31.52:218][  0]LogConfig: Setting CVar [[r.DOF.TemporalAAQuality:1                ; more stable temporal accumulation]]
[2026.09.18-11.31.52:218][  0]LogConfig: Setting CVar [[r.DOF.Kernel.MaxForegroundRadius:0.025]]
[2026.09.18-11.31.52:218][  0]LogConfig: Setting CVar [[r.DOF.Kernel.MaxBackgroundRadius:0.025]]
[2026.09.18-11.31.52:218][  0]LogConfig: Applying CVar settings from Section [TextureQuality@3] File [D:/inGGIT/SteelEnclo_LD_BO/MyProject/Saved/Config/Windows/Scalability.ini]
[2026.09.18-11.31.52:218][  0]LogConfig: Setting CVar [[r.Streaming.MipBias:0]]
[2026.09.18-11.31.52:218][  0]LogConfig: Setting CVar [[r.Streaming.AmortizeCPUToGPUCopy:0]]
[2026.09.18-11.31.52:218][  0]LogConfig: Setting CVar [[r.Streaming.MaxNumTexturesToStreamPerFrame:0]]
[2026.09.18-11.31.52:218][  0]LogConfig: Setting CVar [[r.Streaming.Boost:1]]
[2026.09.18-11.31.52:218][  0]LogConfig: Setting CVar [[r.MaxAnisotropy:8]]
[2026.09.18-11.31.52:218][  0]LogConfig: Setting CVar [[r.VT.MaxAnisotropy:8]]
[2026.09.18-11.31.52:218][  0]LogConfig: Setting CVar [[r.Streaming.LimitPoolSizeToVRAM:0]]
[2026.09.18-11.31.52:218][  0]LogConfig: Setting CVar [[r.Streaming.PoolSize:1000]]
[2026.09.18-11.31.52:218][  0]LogConfig: Setting CVar [[r.Streaming.MaxEffectiveScreenSize:0]]
[2026.09.18-11.31.52:218][  0]LogConfig: Applying CVar settings from Section [EffectsQuality@3] File [D:/inGGIT/SteelEnclo_LD_BO/MyProject/Saved/Config/Windows/Scalability.ini]
[2026.09.18-11.31.52:218][  0]LogConfig: Setting CVar [[r.TranslucencyLightingVolumeDim:64]]
[2026.09.18-11.31.52:218][  0]LogConfig: Setting CVar [[r.RefractionQuality:2]]
[2026.09.18-11.31.52:218][  0]LogConfig: Setting CVar [[r.SSR.Quality:3]]
[2026.09.18-11.31.52:218][  0]LogConfig: Setting CVar [[r.SSR.HalfResSceneColor:0]]
[2026.09.18-11.31.52:218][  0]LogConfig: Setting CVar [[r.SceneColorFormat:4]]
[2026.09.18-11.31.52:218][  0]LogConfig: Setting CVar [[r.DetailMode:2]]
[2026.09.18-11.31.52:218][  0]LogConfig: Setting CVar [[r.TranslucencyVolumeBlur:1]]
[2026.09.18-11.31.52:218][  0]LogConfig: Setting CVar [[r.MaterialQualityLevel:1 ; High quality]]
[2026.09.18-11.31.52:218][  0]LogConfig: Setting CVar [[r.AnisotropicMaterials:1]]
[2026.09.18-11.31.52:218][  0]LogConfig: Setting CVar [[r.SSS.Scale:1]]
[2026.09.18-11.31.52:218][  0]LogConfig: Setting CVar [[r.SSS.SampleSet:2]]
[2026.09.18-11.31.52:218][  0]LogConfig: Setting CVar [[r.SSS.Quality:1]]
[2026.09.18-11.31.52:218][  0]LogConfig: Setting CVar [[r.SSS.HalfRes:0]]
[2026.09.18-11.31.52:218][  0]LogConfig: Setting CVar [[r.SSGI.Quality:3]]
[2026.09.18-11.31.52:218][  0]LogConfig: Setting CVar [[r.EmitterSpawnRateScale:1.0]]
[2026.09.18-11.31.52:218][  0]LogConfig: Setting CVar [[r.ParticleLightQuality:2]]
[2026.09.18-11.31.52:218][  0]LogConfig: Setting CVar [[r.SkyAtmosphere.AerialPerspectiveLUT.FastApplyOnOpaque:1 ; Always have FastSkyLUT 1 in this case to avoid wrong sky]]
[2026.09.18-11.31.52:218][  0]LogConfig: Setting CVar [[r.SkyAtmosphere.AerialPerspectiveLUT.SampleCountMaxPerSlice:4]]
[2026.09.18-11.31.52:218][  0]LogConfig: Setting CVar [[r.SkyAtmosphere.AerialPerspectiveLUT.DepthResolution:16.0]]
[2026.09.18-11.31.52:218][  0]LogConfig: Setting CVar [[r.SkyAtmosphere.FastSkyLUT:1]]
[2026.09.18-11.31.52:218][  0]LogConfig: Setting CVar [[r.SkyAtmosphere.FastSkyLUT.SampleCountMin:4.0]]
[2026.09.18-11.31.52:218][  0]LogConfig: Setting CVar [[r.SkyAtmosphere.FastSkyLUT.SampleCountMax:128.0]]
[2026.09.18-11.31.52:218][  0]LogConfig: Setting CVar [[r.SkyAtmosphere.SampleCountMin:4.0]]
[2026.09.18-11.31.52:218][  0]LogConfig: Setting CVar [[r.SkyAtmosphere.SampleCountMax:128.0]]
[2026.09.18-11.31.52:218][  0]LogConfig: Setting CVar [[r.SkyAtmosphere.TransmittanceLUT.UseSmallFormat:0]]
[2026.09.18-11.31.52:218][  0]LogConfig: Setting CVar [[r.SkyAtmosphere.TransmittanceLUT.SampleCount:10.0]]
[2026.09.18-11.31.52:218][  0]LogConfig: Setting CVar [[r.SkyAtmosphere.MultiScatteringLUT.SampleCount:15.0]]
[2026.09.18-11.31.52:218][  0]LogConfig: Setting CVar [[r.SkyLight.RealTimeReflectionCapture:1]]
[2026.09.18-11.31.52:218][  0]LogConfig: Applying CVar settings from Section [FoliageQuality@3] File [D:/inGGIT/SteelEnclo_LD_BO/MyProject/Saved/Config/Windows/Scalability.ini]
[2026.09.18-11.31.52:218][  0]LogConfig: Setting CVar [[foliage.DensityScale:1.0]]
[2026.09.18-11.31.52:218][  0]LogConfig: Setting CVar [[grass.DensityScale:1.0]]
[2026.09.18-11.31.52:218][  0]LogConfig: Applying CVar settings from Section [ShadingQuality@3] File [D:/inGGIT/SteelEnclo_LD_BO/MyProject/Saved/Config/Windows/Scalability.ini]
[2026.09.18-11.31.52:218][  0]LogConfig: Setting CVar [[r.HairStrands.SkyLighting.IntegrationType:2]]
[2026.09.18-11.31.52:218][  0]LogConfig: Setting CVar [[r.HairStrands.SkyAO.SampleCount:4]]
[2026.09.18-11.31.52:218][  0]LogConfig: Setting CVar [[r.HairStrands.Visibility.MSAA.SamplePerPixel:4]]
[2026.09.18-11.31.52:218][  0]LogInit: Selected Device Profile: [Windows]
[2026.09.18-11.31.52:218][  0]LogInit: Applying CVar settings loaded from the selected device profile: [Windows]
[2026.09.18-11.31.52:219][  0]LogHAL: Display: Platform has ~ 32 GB [34049220608 / 34359738368 / 32], which maps to Largest [LargestMinGB=32, LargerMinGB=12, DefaultMinGB=8, SmallerMinGB=6, SmallestMinGB=0)
[2026.09.18-11.31.52:220][  0]LogInit: Going up to parent DeviceProfile []
[2026.09.18-11.31.52:220][  0]LogConfig: Applying CVar settings from Section [ViewDistanceQuality@3] File [D:/inGGIT/SteelEnclo_LD_BO/MyProject/Saved/Config/Windows/Scalability.ini]
[2026.09.18-11.31.52:220][  0]LogConfig: Setting CVar [[r.SkeletalMeshLODBias:0]]
[2026.09.18-11.31.52:220][  0]LogConfig: Setting CVar [[r.ViewDistanceScale:1.0]]
[2026.09.18-11.31.52:220][  0]LogConfig: Applying CVar settings from Section [AntiAliasingQuality@3] File [D:/inGGIT/SteelEnclo_LD_BO/MyProject/Saved/Config/Windows/Scalability.ini]
[2026.09.18-11.31.52:220][  0]LogConfig: Setting CVar [[r.PostProcessAAQuality:4]]
[2026.09.18-11.31.52:220][  0]LogConfig: Applying CVar settings from Section [ShadowQuality@3] File [D:/inGGIT/SteelEnclo_LD_BO/MyProject/Saved/Config/Windows/Scalability.ini]
[2026.09.18-11.31.52:220][  0]LogConfig: Setting CVar [[r.LightFunctionQuality:1]]
[2026.09.18-11.31.52:220][  0]LogConfig: Setting CVar [[r.ShadowQuality:5]]
[2026.09.18-11.31.52:220][  0]LogConfig: Setting CVar [[r.Shadow.CSM.MaxCascades:10]]
[2026.09.18-11.31.52:220][  0]LogConfig: Setting CVar [[r.Shadow.MaxResolution:2048]]
[2026.09.18-11.31.52:220][  0]LogConfig: Setting CVar [[r.Shadow.MaxCSMResolution:2048]]
[2026.09.18-11.31.52:220][  0]LogConfig: Setting CVar [[r.Shadow.RadiusThreshold:0.01]]
[2026.09.18-11.31.52:220][  0]LogConfig: Setting CVar [[r.Shadow.DistanceScale:1.0]]
[2026.09.18-11.31.52:220][  0]LogConfig: Setting CVar [[r.Shadow.CSM.TransitionScale:1.0]]
[2026.09.18-11.31.52:220][  0]LogConfig: Setting CVar [[r.Shadow.PreShadowResolutionFactor:1.0]]
[2026.09.18-11.31.52:220][  0]LogConfig: Setting CVar [[r.DistanceFieldShadowing:1]]
[2026.09.18-11.31.52:220][  0]LogConfig: Setting CVar [[r.DistanceFieldAO:1]]
[2026.09.18-11.31.52:220][  0]LogConfig: Setting CVar [[r.AOQuality:2]]
[2026.09.18-11.31.52:220][  0]LogConfig: Setting CVar [[r.VolumetricFog:1]]
[2026.09.18-11.31.52:220][  0]LogConfig: Setting CVar [[r.VolumetricFog.GridPixelSize:8]]
[2026.09.18-11.31.52:220][  0]LogConfig: Setting CVar [[r.VolumetricFog.GridSizeZ:128]]
[2026.09.18-11.31.52:220][  0]LogConfig: Setting CVar [[r.VolumetricFog.HistoryMissSupersampleCount:4]]
[2026.09.18-11.31.52:220][  0]LogConfig: Setting CVar [[r.LightMaxDrawDistanceScale:1]]
[2026.09.18-11.31.52:220][  0]LogConfig: Setting CVar [[r.CapsuleShadows:1]]
[2026.09.18-11.31.52:220][  0]LogConfig: Applying CVar settings from Section [PostProcessQuality@3] File [D:/inGGIT/SteelEnclo_LD_BO/MyProject/Saved/Config/Windows/Scalability.ini]
[2026.09.18-11.31.52:220][  0]LogConfig: Setting CVar [[r.MotionBlurQuality:4]]
[2026.09.18-11.31.52:220][  0]LogConfig: Setting CVar [[r.AmbientOcclusionMipLevelFactor:0.4]]
[2026.09.18-11.31.52:220][  0]LogConfig: Setting CVar [[r.AmbientOcclusionMaxQuality:100]]
[2026.09.18-11.31.52:220][  0]LogConfig: Setting CVar [[r.AmbientOcclusionLevels:-1]]
[2026.09.18-11.31.52:220][  0]LogConfig: Setting CVar [[r.AmbientOcclusionRadiusScale:1.0]]
[2026.09.18-11.31.52:220][  0]LogConfig: Setting CVar [[r.DepthOfFieldQuality:2]]
[2026.09.18-11.31.52:220][  0]LogConfig: Setting CVar [[r.RenderTargetPoolMin:400]]
[2026.09.18-11.31.52:220][  0]LogConfig: Setting CVar [[r.LensFlareQuality:2]]
[2026.09.18-11.31.52:220][  0]LogConfig: Setting CVar [[r.SceneColorFringeQuality:1]]
[2026.09.18-11.31.52:220][  0]LogConfig: Setting CVar [[r.EyeAdaptationQuality:2]]
[2026.09.18-11.31.52:220][  0]LogConfig: Setting CVar [[r.BloomQuality:5]]
[2026.09.18-11.31.52:220][  0]LogConfig: Setting CVar [[r.FastBlurThreshold:100]]
[2026.09.18-11.31.52:220][  0]LogConfig: Setting CVar [[r.Upscale.Quality:3]]
[2026.09.18-11.31.52:220][  0]LogConfig: Setting CVar [[r.Tonemapper.GrainQuantization:1]]
[2026.09.18-11.31.52:220][  0]LogConfig: Setting CVar [[r.LightShaftQuality:1]]
[2026.09.18-11.31.52:220][  0]LogConfig: Setting CVar [[r.Filter.SizeScale:1]]
[2026.09.18-11.31.52:220][  0]LogConfig: Setting CVar [[r.Tonemapper.Quality:5]]
[2026.09.18-11.31.52:220][  0]LogConfig: Setting CVar [[r.DOF.Gather.AccumulatorQuality:1        ; higher gathering accumulator quality]]
[2026.09.18-11.31.52:220][  0]LogConfig: Setting CVar [[r.DOF.Gather.PostfilterMethod:1          ; Median3x3 postfilering method]]
[2026.09.18-11.31.52:220][  0]LogConfig: Setting CVar [[r.DOF.Gather.EnableBokehSettings:0       ; no bokeh simulation when gathering]]
[2026.09.18-11.31.52:220][  0]LogConfig: Setting CVar [[r.DOF.Gather.RingCount:4                 ; medium number of samples when gathering]]
[2026.09.18-11.31.52:220][  0]LogConfig: Setting CVar [[r.DOF.Scatter.ForegroundCompositing:1    ; additive foreground scattering]]
[2026.09.18-11.31.52:220][  0]LogConfig: Setting CVar [[r.DOF.Scatter.BackgroundCompositing:2    ; additive background scattering]]
[2026.09.18-11.31.52:220][  0]LogConfig: Setting CVar [[r.DOF.Scatter.EnableBokehSettings:1      ; bokeh simulation when scattering]]
[2026.09.18-11.31.52:220][  0]LogConfig: Setting CVar [[r.DOF.Scatter.MaxSpriteRatio:0.1         ; only a maximum of 10% of scattered bokeh]]
[2026.09.18-11.31.52:220][  0]LogConfig: Setting CVar [[r.DOF.Recombine.Quality:1                ; cheap slight out of focus]]
[2026.09.18-11.31.52:220][  0]LogConfig: Setting CVar [[r.DOF.Recombine.EnableBokehSettings:0    ; no bokeh simulation on slight out of focus]]
[2026.09.18-11.31.52:220][  0]LogConfig: Setting CVar [[r.DOF.TemporalAAQuality:1                ; more stable temporal accumulation]]
[2026.09.18-11.31.52:220][  0]LogConfig: Setting CVar [[r.DOF.Kernel.MaxForegroundRadius:0.025]]
[2026.09.18-11.31.52:220][  0]LogConfig: Setting CVar [[r.DOF.Kernel.MaxBackgroundRadius:0.025]]
[2026.09.18-11.31.52:220][  0]LogConfig: Applying CVar settings from Section [TextureQuality@3] File [D:/inGGIT/SteelEnclo_LD_BO/MyProject/Saved/Config/Windows/Scalability.ini]
[2026.09.18-11.31.52:220][  0]LogConfig: Setting CVar [[r.Streaming.MipBias:0]]
[2026.09.18-11.31.52:220][  0]LogConfig: Setting CVar [[r.Streaming.AmortizeCPUToGPUCopy:0]]
[2026.09.18-11.31.52:221][  0]LogConfig: Setting CVar [[r.Streaming.MaxNumTexturesToStreamPerFrame:0]]
[2026.09.18-11.31.52:221][  0]LogConfig: Setting CVar [[r.Streaming.Boost:1]]
[2026.09.18-11.31.52:221][  0]LogConfig: Setting CVar [[r.MaxAnisotropy:8]]
[2026.09.18-11.31.52:221][  0]LogConfig: Setting CVar [[r.VT.MaxAnisotropy:8]]
[2026.09.18-11.31.52:221][  0]LogConfig: Setting CVar [[r.Streaming.LimitPoolSizeToVRAM:0]]
[2026.09.18-11.31.52:221][  0]LogConfig: Setting CVar [[r.Streaming.PoolSize:1000]]
[2026.09.18-11.31.52:221][  0]LogConfig: Setting CVar [[r.Streaming.MaxEffectiveScreenSize:0]]
[2026.09.18-11.31.52:221][  0]LogConfig: Applying CVar settings from Section [EffectsQuality@3] File [D:/inGGIT/SteelEnclo_LD_BO/MyProject/Saved/Config/Windows/Scalability.ini]
[2026.09.18-11.31.52:221][  0]LogConfig: Setting CVar [[r.TranslucencyLightingVolumeDim:64]]
[2026.09.18-11.31.52:221][  0]LogConfig: Setting CVar [[r.RefractionQuality:2]]
[2026.09.18-11.31.52:221][  0]LogConfig: Setting CVar [[r.SSR.Quality:3]]
[2026.09.18-11.31.52:221][  0]LogConfig: Setting CVar [[r.SSR.HalfResSceneColor:0]]
[2026.09.18-11.31.52:221][  0]LogConfig: Setting CVar [[r.SceneColorFormat:4]]
[2026.09.18-11.31.52:221][  0]LogConfig: Setting CVar [[r.DetailMode:2]]
[2026.09.18-11.31.52:221][  0]LogConfig: Setting CVar [[r.TranslucencyVolumeBlur:1]]
[2026.09.18-11.31.52:221][  0]LogConfig: Setting CVar [[r.MaterialQualityLevel:1 ; High quality]]
[2026.09.18-11.31.52:221][  0]LogConfig: Setting CVar [[r.AnisotropicMaterials:1]]
[2026.09.18-11.31.52:221][  0]LogConfig: Setting CVar [[r.SSS.Scale:1]]
[2026.09.18-11.31.52:221][  0]LogConfig: Setting CVar [[r.SSS.SampleSet:2]]
[2026.09.18-11.31.52:221][  0]LogConfig: Setting CVar [[r.SSS.Quality:1]]
[2026.09.18-11.31.52:221][  0]LogConfig: Setting CVar [[r.SSS.HalfRes:0]]
[2026.09.18-11.31.52:221][  0]LogConfig: Setting CVar [[r.SSGI.Quality:3]]
[2026.09.18-11.31.52:221][  0]LogConfig: Setting CVar [[r.EmitterSpawnRateScale:1.0]]
[2026.09.18-11.31.52:221][  0]LogConfig: Setting CVar [[r.ParticleLightQuality:2]]
[2026.09.18-11.31.52:221][  0]LogConfig: Setting CVar [[r.SkyAtmosphere.AerialPerspectiveLUT.FastApplyOnOpaque:1 ; Always have FastSkyLUT 1 in this case to avoid wrong sky]]
[2026.09.18-11.31.52:221][  0]LogConfig: Setting CVar [[r.SkyAtmosphere.AerialPerspectiveLUT.SampleCountMaxPerSlice:4]]
[2026.09.18-11.31.52:221][  0]LogConfig: Setting CVar [[r.SkyAtmosphere.AerialPerspectiveLUT.DepthResolution:16.0]]
[2026.09.18-11.31.52:221][  0]LogConfig: Setting CVar [[r.SkyAtmosphere.FastSkyLUT:1]]
[2026.09.18-11.31.52:221][  0]LogConfig: Setting CVar [[r.SkyAtmosphere.FastSkyLUT.SampleCountMin:4.0]]
[2026.09.18-11.31.52:221][  0]LogConfig: Setting CVar [[r.SkyAtmosphere.FastSkyLUT.SampleCountMax:128.0]]
[2026.09.18-11.31.52:221][  0]LogConfig: Setting CVar [[r.SkyAtmosphere.SampleCountMin:4.0]]
[2026.09.18-11.31.52:221][  0]LogConfig: Setting CVar [[r.SkyAtmosphere.SampleCountMax:128.0]]
[2026.09.18-11.31.52:221][  0]LogConfig: Setting CVar [[r.SkyAtmosphere.TransmittanceLUT.UseSmallFormat:0]]
[2026.09.18-11.31.52:221][  0]LogConfig: Setting CVar [[r.SkyAtmosphere.TransmittanceLUT.SampleCount:10.0]]
[2026.09.18-11.31.52:221][  0]LogConfig: Setting CVar [[r.SkyAtmosphere.MultiScatteringLUT.SampleCount:15.0]]
[2026.09.18-11.31.52:221][  0]LogConfig: Setting CVar [[r.SkyLight.RealTimeReflectionCapture:1]]
[2026.09.18-11.31.52:221][  0]LogConfig: Applying CVar settings from Section [FoliageQuality@3] File [D:/inGGIT/SteelEnclo_LD_BO/MyProject/Saved/Config/Windows/Scalability.ini]
[2026.09.18-11.31.52:221][  0]LogConfig: Setting CVar [[foliage.DensityScale:1.0]]
[2026.09.18-11.31.52:221][  0]LogConfig: Setting CVar [[grass.DensityScale:1.0]]
[2026.09.18-11.31.52:221][  0]LogConfig: Applying CVar settings from Section [ShadingQuality@3] File [D:/inGGIT/SteelEnclo_LD_BO/MyProject/Saved/Config/Windows/Scalability.ini]
[2026.09.18-11.31.52:221][  0]LogConfig: Setting CVar [[r.HairStrands.SkyLighting.IntegrationType:2]]
[2026.09.18-11.31.52:221][  0]LogConfig: Setting CVar [[r.HairStrands.SkyAO.SampleCount:4]]
[2026.09.18-11.31.52:221][  0]LogConfig: Setting CVar [[r.HairStrands.Visibility.MSAA.SamplePerPixel:4]]
[2026.09.18-11.31.52:221][  0]LogConfig: Applying CVar settings from Section [Startup] File [../../../Engine/Config/ConsoleVariables.ini]
[2026.09.18-11.31.52:229][  0]LogConfig: Setting CVar [[net.UseAdaptiveNetUpdateFrequency:0]]
[2026.09.18-11.31.52:229][  0]LogConfig: Setting CVar [[p.chaos.AllowCreatePhysxBodies:1]]
[2026.09.18-11.31.52:229][  0]LogConfig: Setting CVar [[fx.SkipVectorVMBackendOptimizations:1]]
[2026.09.18-11.31.52:229][  0]LogConfig: Applying CVar settings from Section [ConsoleVariables] File [D:/inGGIT/SteelEnclo_LD_BO/MyProject/Saved/Config/Windows/Engine.ini]
[2026.09.18-11.31.52:229][  0]LogConfig: Applying CVar settings from Section [ConsoleVariables] File [D:/inGGIT/SteelEnclo_LD_BO/MyProject/Saved/Config/Windows/Editor.ini]
[2026.09.18-11.31.52:229][  0]LogInit: Computer: NYEFFSANOTG
[2026.09.18-11.31.52:229][  0]LogInit: User: jeffr
[2026.09.18-11.31.52:229][  0]LogInit: CPU Page size=4096, Cores=20
[2026.09.18-11.31.52:229][  0]LogInit: High frequency timer resolution =10.000000 MHz
[2026.09.18-11.31.52:229][  0]LogMemory: Memory total: Physical=31.7GB (32GB approx)
[2026.09.18-11.31.52:229][  0]LogMemory: Platform Memory Stats for Windows
[2026.09.18-11.31.52:229][  0]LogMemory: Process Physical Memory: 156.37 MB used, 156.37 MB peak
[2026.09.18-11.31.52:229][  0]LogMemory: Process Virtual Memory: 141.50 MB used, 141.50 MB peak
[2026.09.18-11.31.52:229][  0]LogMemory: Physical Memory: 26826.49 MB used,  5645.38 MB free, 32471.87 MB total
[2026.09.18-11.31.52:229][  0]LogMemory: Virtual Memory: 134207984.00 MB used,  9746.29 MB free, 134217728.00 MB total
[2026.09.18-11.31.52:237][  0]LogWindows: WindowsPlatformFeatures enabled
[2026.09.18-11.31.52:469][  0]LogInit: Physics initialised using underlying interface: PhysX
[2026.09.18-11.31.52:489][  0]LogInit: Using OS detected language (en-US).
[2026.09.18-11.31.52:489][  0]LogInit: Using OS detected locale (en-US).
[2026.09.18-11.31.52:523][  0]LogTextLocalizationManager: No specific localization for 'en-US' exists, so the 'en' localization will be used.
[2026.09.18-11.31.52:799][  0]LogInit: Setting process to per monitor DPI aware
[2026.09.18-11.31.52:843][  0]LogWindowsTextInputMethodSystem: Display: IME system deactivated.
[2026.09.18-11.31.52:896][  0]LogSlate: New Slate User Created.  User Index 0, Is Virtual User: 0
[2026.09.18-11.31.52:896][  0]LogSlate: Slate User Registered.  User Index 0, Is Virtual User: 0
[2026.09.18-11.31.55:906][  0]LogD3D11RHI: Loaded GFSDK_Aftermath_Lib.x64.dll
[2026.09.18-11.31.55:915][  0]LogHMD: Failed to initialize OpenVR with code 110
[2026.09.18-11.31.55:915][  0]LogD3D11RHI: D3D11 min allowed feature level: 11_0
[2026.09.18-11.31.55:915][  0]LogD3D11RHI: D3D11 max allowed feature level: 11_0
[2026.09.18-11.31.55:915][  0]LogD3D11RHI: D3D11 adapters:
[2026.09.18-11.31.56:165][  0]LogD3D11RHI:    0. 'NVIDIA GeForce RTX 4070 Laptop GPU' (Feature Level 11_0)
[2026.09.18-11.31.56:166][  0]LogD3D11RHI:       7948/0/16235 MB DedicatedVideo/DedicatedSystem/SharedSystem, Outputs:2, VendorId:0x10de
[2026.09.18-11.31.56:221][  0]LogD3D11RHI:    1. 'Intel(R) UHD Graphics' (Feature Level 11_0)
[2026.09.18-11.31.56:221][  0]LogD3D11RHI:       128/0/16235 MB DedicatedVideo/DedicatedSystem/SharedSystem, Outputs:1, VendorId:0x8086
[2026.09.18-11.31.56:228][  0]LogD3D11RHI:    2. 'Microsoft Basic Render Driver' (Feature Level 11_0)
[2026.09.18-11.31.56:228][  0]LogD3D11RHI:       0/0/16235 MB DedicatedVideo/DedicatedSystem/SharedSystem, Outputs:0, VendorId:0x1414
[2026.09.18-11.31.56:228][  0]LogD3D11RHI: Chosen D3D11 Adapter:
[2026.09.18-11.31.56:228][  0]LogD3D11RHI:     Description : NVIDIA GeForce RTX 4070 Laptop GPU
[2026.09.18-11.31.56:228][  0]LogD3D11RHI:     VendorId    : 10de
[2026.09.18-11.31.56:228][  0]LogD3D11RHI:     DeviceId    : 2860
[2026.09.18-11.31.56:228][  0]LogD3D11RHI:     SubSysId    : 172d1025
[2026.09.18-11.31.56:228][  0]LogD3D11RHI:     Revision    : 00a1
[2026.09.18-11.31.56:229][  0]LogD3D11RHI:     DedicatedVideoMemory : 8334082048 bytes
[2026.09.18-11.31.56:229][  0]LogD3D11RHI:     DedicatedSystemMemory : 0 bytes
[2026.09.18-11.31.56:229][  0]LogD3D11RHI:     SharedSystemMemory : 17024610304 bytes
[2026.09.18-11.31.56:229][  0]LogD3D11RHI:     AdapterLuid : 10 239515127
[2026.09.18-11.31.56:264][  0]LogD3D11RHI: Creating new Direct3DDevice
[2026.09.18-11.31.56:264][  0]LogD3D11RHI:     GPU DeviceId: 0x2860 (for the marketing name, search the web for "GPU Device Id")
[2026.09.18-11.31.56:264][  0]LogWindows: EnumDisplayDevices:
[2026.09.18-11.31.56:264][  0]LogWindows:    0. 'Intel(R) UHD Graphics' (P:0 D:1)
[2026.09.18-11.31.56:264][  0]LogWindows:    1. 'Intel(R) UHD Graphics' (P:0 D:0)
[2026.09.18-11.31.56:264][  0]LogWindows:    2. 'Intel(R) UHD Graphics' (P:0 D:0)
[2026.09.18-11.31.56:264][  0]LogWindows:    3. 'Intel(R) UHD Graphics' (P:0 D:0)
[2026.09.18-11.31.56:264][  0]LogWindows:    4. 'NVIDIA GeForce RTX 4070 Laptop GPU' (P:1 D:1)
[2026.09.18-11.31.56:264][  0]LogWindows:    5. 'NVIDIA GeForce RTX 4070 Laptop GPU' (P:0 D:1)
[2026.09.18-11.31.56:264][  0]LogWindows:    6. 'NVIDIA GeForce RTX 4070 Laptop GPU' (P:0 D:0)
[2026.09.18-11.31.56:265][  0]LogWindows:    7. 'NVIDIA GeForce RTX 4070 Laptop GPU' (P:0 D:0)
[2026.09.18-11.31.56:265][  0]LogWindows: DebugString: PrimaryIsNotTheChoosenAdapter PrimaryIsNotTheChoosenAdapter PrimaryIsNotTheChoosenAdapter PrimaryIsNotTheChoosenAdapter FoundDriverCount:4 
[2026.09.18-11.31.56:265][  0]LogD3D11RHI:     Adapter Name: NVIDIA GeForce RTX 4070 Laptop GPU
[2026.09.18-11.31.56:265][  0]LogD3D11RHI:   Driver Version: 616.56 (internal:32.0.16.1656, unified:616.56)
[2026.09.18-11.31.56:265][  0]LogD3D11RHI:      Driver Date: 8-20-2026
[2026.09.18-11.31.56:265][  0]LogRHI: Texture pool is 5563 MB (70% of 7948 MB)
[2026.09.18-11.31.56:265][  0]LogD3D11RHI: Creating D3DDevice using adapter:
[2026.09.18-11.31.56:265][  0]LogD3D11RHI:     Description : NVIDIA GeForce RTX 4070 Laptop GPU
[2026.09.18-11.31.56:265][  0]LogD3D11RHI:     VendorId    : 10de
[2026.09.18-11.31.56:265][  0]LogD3D11RHI:     DeviceId    : 2860
[2026.09.18-11.31.56:265][  0]LogD3D11RHI:     SubSysId    : 172d1025
[2026.09.18-11.31.56:265][  0]LogD3D11RHI:     Revision    : 00a1
[2026.09.18-11.31.56:265][  0]LogD3D11RHI:     DedicatedVideoMemory : 8334082048 bytes
[2026.09.18-11.31.56:265][  0]LogD3D11RHI:     DedicatedSystemMemory : 0 bytes
[2026.09.18-11.31.56:265][  0]LogD3D11RHI:     SharedSystemMemory : 17024610304 bytes
[2026.09.18-11.31.56:265][  0]LogD3D11RHI:     AdapterLuid : 10 239515127
[2026.09.18-11.31.56:418][  0]LogD3D11RHI: RHI has support for 64 bit atomics
[2026.09.18-11.31.56:418][  0]LogD3D11RHI: Async texture creation enabled
[2026.09.18-11.31.56:418][  0]LogD3D11RHI: Array index from any shader is supported
[2026.09.18-11.31.56:422][  0]LogD3D11RHI: HDR output is supported on display 0 (NvId: 0x80061081).
[2026.09.18-11.31.56:458][  0]LogD3D11RHI: GPU Timing Frequency: 1000.000000 (Debug: 2 2)
[2026.09.18-11.31.56:495][  0]LogRHI: GeForceNow SDK initialized: 1
[2026.09.18-11.31.57:017][  0]LogTargetPlatformManager: Display: Loaded TargetPlatform 'AllDesktop'
[2026.09.18-11.31.57:033][  0]LogTargetPlatformManager: Display: Loaded TargetPlatform 'Android'
[2026.09.18-11.31.57:033][  0]LogTargetPlatformManager: Display: Loaded TargetPlatform 'Android_ASTC'
[2026.09.18-11.31.57:033][  0]LogTargetPlatformManager: Display: Loaded TargetPlatform 'Android_DXT'
[2026.09.18-11.31.57:033][  0]LogTargetPlatformManager: Display: Loaded TargetPlatform 'Android_ETC2'
[2026.09.18-11.31.57:033][  0]LogTargetPlatformManager: Display: Loaded TargetPlatform 'AndroidClient'
[2026.09.18-11.31.57:033][  0]LogTargetPlatformManager: Display: Loaded TargetPlatform 'Android_ASTCClient'
[2026.09.18-11.31.57:033][  0]LogTargetPlatformManager: Display: Loaded TargetPlatform 'Android_DXTClient'
[2026.09.18-11.31.57:033][  0]LogTargetPlatformManager: Display: Loaded TargetPlatform 'Android_ETC2Client'
[2026.09.18-11.31.57:033][  0]LogTargetPlatformManager: Display: Loaded TargetPlatform 'Android_Multi'
[2026.09.18-11.31.57:033][  0]LogTargetPlatformManager: Display: Loaded TargetPlatform 'Android_MultiClient'
[2026.09.18-11.31.57:052][  0]LogTargetPlatformManager: Display: Loaded TargetPlatform 'IOSClient'
[2026.09.18-11.31.57:052][  0]LogTargetPlatformManager: Display: Loaded TargetPlatform 'IOS'
[2026.09.18-11.31.57:070][  0]LogTargetPlatformManager: Display: Loaded TargetPlatform 'Linux'
[2026.09.18-11.31.57:073][  0]LogTargetPlatformManager: Display: Loaded TargetPlatform 'LinuxNoEditor'
[2026.09.18-11.31.57:077][  0]LogTargetPlatformManager: Display: Loaded TargetPlatform 'LinuxClient'
[2026.09.18-11.31.57:081][  0]LogTargetPlatformManager: Display: Loaded TargetPlatform 'LinuxServer'
[2026.09.18-11.31.57:094][  0]LogTargetPlatformManager: Display: Loaded TargetPlatform 'LinuxAArch64NoEditor'
[2026.09.18-11.31.57:102][  0]LogTargetPlatformManager: Display: Loaded TargetPlatform 'LinuxAArch64Client'
[2026.09.18-11.31.57:108][  0]LogTargetPlatformManager: Display: Loaded TargetPlatform 'LinuxAArch64Server'
[2026.09.18-11.31.57:140][  0]LogTargetPlatformManager: Display: Loaded TargetPlatform 'Lumin'
[2026.09.18-11.31.57:140][  0]LogTargetPlatformManager: Display: Loaded TargetPlatform 'LuminClient'
[2026.09.18-11.31.57:160][  0]LogTargetPlatformManager: Display: Loaded TargetPlatform 'MacNoEditor'
[2026.09.18-11.31.57:165][  0]LogTargetPlatformManager: Display: Loaded TargetPlatform 'Mac'
[2026.09.18-11.31.57:171][  0]LogTargetPlatformManager: Display: Loaded TargetPlatform 'MacClient'
[2026.09.18-11.31.57:173][  0]LogTargetPlatformManager: Display: Loaded TargetPlatform 'MacServer'
[2026.09.18-11.31.57:181][  0]LogTargetPlatformManager: Display: Loaded TargetPlatform 'TVOSClient'
[2026.09.18-11.31.57:181][  0]LogTargetPlatformManager: Display: Loaded TargetPlatform 'TVOS'
[2026.09.18-11.31.57:190][  0]LogTargetPlatformManager: Display: Loaded TargetPlatform 'WindowsNoEditor'
[2026.09.18-11.31.57:197][  0]LogTargetPlatformManager: Display: Loaded TargetPlatform 'Windows'
[2026.09.18-11.31.57:205][  0]LogTargetPlatformManager: Display: Loaded TargetPlatform 'WindowsClient'
[2026.09.18-11.31.57:210][  0]LogTargetPlatformManager: Display: Loaded TargetPlatform 'WindowsServer'
[2026.09.18-11.31.57:212][  0]LogTargetPlatformManager: Display: Building Assets For Windows
[2026.09.18-11.31.57:262][  0]LogAudioDebug: Display: Lib vorbis DLL was dynamically loaded.
[2026.09.18-11.31.57:369][  0]LogTextureFormatOodle: Display: Oodle Texture 2.9.0 init RDO Off
[2026.09.18-11.31.57:493][  0]LogRendererCore: Ray tracing is disabled. Reason: r.RayTracing=0.
[2026.09.18-11.31.57:493][  0]LogShaderCompilers: Guid format shader working directory is 8 characters bigger than the processId version (D:/inGGIT/SteelEnclo_LD_BO/MyProject/Intermediate/Shaders/WorkingDirectory/446692/).
[2026.09.18-11.31.57:493][  0]LogShaderCompilers: Cleaned the shader compiler working directory 'C:/Users/jeffr/AppData/Local/Temp/UnrealShaderWorkingDir/BAD3613D4A4E9D903261BF9D761878A9/'.
[2026.09.18-11.31.57:494][  0]LogXGEController: Cannot use XGE Controller as Incredibuild is not installed on this machine.
[2026.09.18-11.31.57:494][  0]LogShaderCompilers: Cannot use XGE Shader Compiler as Incredibuild is not installed on this machine.
[2026.09.18-11.31.57:494][  0]LogShaderCompilers: Display: Using Local Shader Compiler.
[2026.09.18-11.31.58:001][  0]LogDerivedDataCache: Display: Max Cache Size: 512 MB
[2026.09.18-11.31.58:093][  0]LogDerivedDataCache: Loaded boot cache 0.09s 94MB C:/Users/jeffr/AppData/Local/UnrealEngine/4.27/DerivedDataCache/Boot.ddc.
[2026.09.18-11.31.58:093][  0]LogDerivedDataCache: Display: Loaded Boot cache: C:/Users/jeffr/AppData/Local/UnrealEngine/4.27/DerivedDataCache/Boot.ddc
[2026.09.18-11.31.58:093][  0]LogDerivedDataCache: FDerivedDataBackendGraph:  Pak pak cache file D:/inGGIT/SteelEnclo_LD_BO/MyProject/DerivedDataCache/DDC.ddp not found, will not use a pak cache.
[2026.09.18-11.31.58:093][  0]LogDerivedDataCache: Unable to find inner node Pak for hierarchical cache Hierarchy.
[2026.09.18-11.31.58:093][  0]LogDerivedDataCache: FDerivedDataBackendGraph:  CompressedPak pak cache file D:/inGGIT/SteelEnclo_LD_BO/MyProject/DerivedDataCache/Compressed.ddp not found, will not use a pak cache.
[2026.09.18-11.31.58:093][  0]LogDerivedDataCache: Unable to find inner node CompressedPak for hierarchical cache Hierarchy.
[2026.09.18-11.31.58:127][  0]LogDerivedDataCache: Display: Pak cache opened for reading ../../../Engine/DerivedDataCache/Compressed.ddp.
[2026.09.18-11.31.58:127][  0]LogDerivedDataCache: FDerivedDataBackendGraph:  EnterprisePak pak cache file ../../../Enterprise/DerivedDataCache/Compressed.ddp not found, will not use a pak cache.
[2026.09.18-11.31.58:127][  0]LogDerivedDataCache: Unable to find inner node EnterprisePak for hierarchical cache Hierarchy.
[2026.09.18-11.31.58:202][  0]LogDerivedDataCache: Speed tests for C:/Users/jeffr/AppData/Local/UnrealEngine/Common/DerivedDataCache took 0.07 seconds
[2026.09.18-11.31.58:202][  0]LogDerivedDataCache: Display: Performance to C:/Users/jeffr/AppData/Local/UnrealEngine/Common/DerivedDataCache: Latency=0.41ms. RandomReadSpeed=14.77MBs, RandomWriteSpeed=142.77MBs. Assigned SpeedClass 'Local'
[2026.09.18-11.31.58:203][  0]LogDerivedDataCache: Using Local data cache path C:/Users/jeffr/AppData/Local/UnrealEngine/Common/DerivedDataCache: Writable
[2026.09.18-11.31.58:203][  0]LogDerivedDataCache: Shared data cache path not found in *engine.ini, will not use an Shared cache.
[2026.09.18-11.31.58:203][  0]LogDerivedDataCache: Unable to find inner node Shared for hierarchical cache Hierarchy.
[2026.09.18-11.31.58:238][  0]LogSlate: Using FreeType 2.10.0
[2026.09.18-11.31.58:266][  0]LogSlate: SlateFontServices - WITH_FREETYPE: 1, WITH_HARFBUZZ: 1
[2026.09.18-11.31.58:306][  0]LogAssetRegistry: FAssetRegistry took 0.0036 seconds to start up
[2026.09.18-11.31.58:600][  0]LogInit: Selected Device Profile: [Windows]
[2026.09.18-11.31.58:600][  0]LogInit: Active device profile: [0000017E816CB500][0000017F7E546B40 49] Windows
[2026.09.18-11.31.58:600][  0]LogInit: Profiles: [0000017E816CB500][0000017F7E546B40 49] Windows, [0000017E81678D00][0000017F7E43ECC0 49] WindowsNoEditor, [0000017E816C8D00][0000017F7E442E40 49] WindowsServer, [0000017E8167AD00][0000017F7E446FC0 49] WindowsClient, [0000017E816CAC00][0000017F7E44B140 49] IOS, [0000017E81679600][0000017F7E44F2C0 49] iPadAir, [0000017E816C9500][0000017F7E453440 49] iPadAir2, [0000017E81633C00][0000017F7E45B700 49] IPadPro, [0000017E81633D00][0000017F7E457740 49] iPadAir3, [0000017E816CA600][0000017F7E45F8C0 49] iPadAir4, [0000017E81631200][0000017F7E463A40 49] iPadMini2, [0000017E816C9A00][0000017F7E467BC0 49] iPadMini3, [0000017E81632700][0000017F7E46A1C0 49] iPadMini4, [0000017E816C8800][0000017F7E46E340 49] iPadMini5, [0000017E81667500][0000017E80B925C0 49] iPhone6, [0000017E81667600][0000017F7E472600 49] iPodTouch6, [0000017E81630200][0000017F75B6A840 49] iPhone7, [0000017E81630100][0000017F75B66880 49] iPodTouch7, [0000017E81665100][0000017F75B6E9C0 49] iPhone5S, [0000017E81630B00][0000017F75B76B40 49] iPhone6Plus, [0000017E81666800][0000017F75B7ACC0 49] iPhone6S, [0000017E81631000][0000017F75B7EE40 49] iPhone6SPlus, [0000017E81665900][0000017F75B82FC0 49] iPhone7Plus, [0000017E81632400][0000017F75B87140 49] iPhoneSE, [0000017E81667900][0000017F75B8B2C0 49] iPhone8, [0000017E81633700][0000017F75B8F440 49] iPhone8Plus, [0000017E81666D00][0000017F75B935C0 49] iPhoneX, [0000017E81633E00][0000017F75B97740 49] iPhoneXS, [0000017E81665200][0000017F75B9B8C0 49] iPhoneXSMax, [0000017E81630D00][0000017F75B9FA40 49] iPhoneXR, [0000017E81664B00][0000017F75BA3BC0 49] iPhone11, [0000017E81632800][0000017F75BA61C0 49] iPhone11Pro, [0000017E81666F00][0000017F75BAA340 49] iPhone11ProMax, [0000017E81632900][0000017F75BAE4C0 49] iPhoneSE2, [0000017E81665600][0000017E80B96640 49] iPhone12Mini, [0000017E81633F00][0000017F75B72780 49] iPhone12, [0000017E81664100][0000017E80B9A8C0 49] iPhone12Pro, [0000017E81632600][0000017E80B9EA00 49] iPhone12ProMax, [0000017E81666300][0000017E80BA2B40 49] iPadPro105, [0000017E81631500][0000017E80BAACC0 49] iPadPro129, [0000017E81666600][0000017E80BAEE40 49] iPadPro97, [0000017E81631800][0000017E80BB2FC0 49] iPadPro2_129, [0000017E81665B00][0000017E80BB7140 49] iPad5, [0000017E81633600][0000017E80BBB2C0 49] iPad6, [0000017E81665300][0000017E80BBF440 49] iPad7, [0000017E81632E00][0000017E80BC35C0 49] iPad8, [0000017E81665F00][0000017E80BC7740 49] iPadPro11, [0000017E81633300][0000017E80BCB8C0 49] iPadPro2_11, [0000017E81664500][0000017E80BCFA40 49] iPadPro3_129, [0000017E81631700][0000017E80BD3BC0 49] iPadPro4_129, [0000017E81666700][0000017E80BD61C0 49] AppleTV, [0000017E81631F00][0000017E80BDA340 49] AppleTV4K, [0000017E81667700][0000017E80BDE4C0 49] TVOS, [0000017E81633900][0000017E80BE2640 49] Mac, [0000017E81664A00][0000017E80BE67C0 49] MacClient, [0000017E81632500][0000017E80BEA940 49] MacNoEditor, [0000017E81664F00][0000017E80BA6A80 49] MacServer, [0000017E81633100][0000017E80BEEBC0 49] Linux, [0000017E81665500][0000017E80BF2D00 49] LinuxAArch64, [0000017E81630600][0000017E80BFAE80 49] LinuxNoEditor, [0000017E81667000][0000017E80801000 49] LinuxAArch64NoEditor, [0000017E81631100][0000017E80805180 49] LinuxClient, [0000017E8167B400][0000017E80809300 49] LinuxAArch64Client, [0000017E8170A000][0000017E8080D480 49] LinuxServer, [0000017E8167A400][0000017E80811600 49] LinuxAArch64Server, [0000017E81709600][0000017E80815780 49] Android, [0000017E81679E00][0000017E80819900 49] Android_Low, [0000017E81709900][0000017E8081DA80 49] Android_Mid, [0000017E81678100][0000017E80821C00 49] Android_High, [0000017E81708700][0000017E80824200 49] Android_Default, [0000017E81679300][0000017E80828380 49] Android_Adreno4xx, [0000017E81709A00][0000017E8082C500 49] Android_Adreno5xx_Low, [0000017E81678C00][0000017E80830680 49] Android_Adreno5xx, [0000017E81708A00][0000017E80834800 49] Android_Adreno6xx, [0000017E81679500][0000017E80838980 49] Android_Adreno6xx_Vulkan, [0000017E81709500][0000017E8083CB00 49] Android_Mali_T6xx, [0000017E8167A100][0000017E80BF6C40 49] Android_Mali_T7xx, [0000017E81709E00][0000017E80840D80 49] Android_Mali_T8xx, [0000017E81678400][0000017E80844EC0 49] Android_Mali_G71, [0000017E8170A300][0000017E8084D040 49] Android_Mali_G72, [0000017E81679900][0000017E808511C0 49] Android_Mali_G72_Vulkan, [0000017E81708600][0000017E80855340 49] Android_Mali_G76, [0000017E8167BA00][0000017E808594C0 49] Android_Mali_G76_Vulkan, [0000017E81709D00][0000017E8085D640 49] Android_Mali_G77, [0000017E81632C00][0000017E808617C0 49] Android_Mali_G77_Vulkan, [0000017E81667E00][0000017E80865940 49] Android_Mali_G78, [0000017E81633B00][0000017E80869AC0 49] Android_Mali_G78_Vulkan, [0000017E81665400][0000017E8086C0C0 49] Android_Mali_G710, [0000017E81632200][0000017E80870240 49] Android_Mali_G710_Vulkan, [0000017E81666500][0000017E808743C0 49] Android_Vulkan_SM5, [0000017E81630700][0000017E80878540 49] Android_PowerVR_G6xxx, [0000017E81709C00][0000017E8087C6C0 49] Android_PowerVR_GT7xxx, [0000017E81630A00][0000017E80880840 49] Android_PowerVR_GE8xxx, [0000017E81708900][0000017E808849C0 49] Android_PowerVR_GM9xxx, [0000017E81632F00][0000017E80888B40 49] Android_PowerVR_GM9xxx_Vulkan, [0000017E81708E00][0000017E8088CCC0 49] Android_TegraK1, [0000017E81630300][0000017E80848E00 49] Android_Unknown_Vulkan, [0000017E81709B00][0000017E80890F40 49] Lumin, [0000017E81631C00][0000017E80895080 49] Lumin_Desktop, [0000017E81708400][0000017E808991C0 49] HoloLens, 
[2026.09.18-11.31.58:808][  0]LogMeshReduction: Using QuadricMeshReduction for automatic static mesh reduction
[2026.09.18-11.31.58:808][  0]LogMeshReduction: Using SimplygonMeshReduction for automatic skeletal mesh reduction
[2026.09.18-11.31.58:808][  0]LogMeshReduction: Using ProxyLODMeshReduction for automatic mesh merging
[2026.09.18-11.31.58:808][  0]LogMeshReduction: No distributed automatic mesh merging module available
[2026.09.18-11.31.58:810][  0]LogMeshMerging: No distributed automatic mesh merging module available
[2026.09.18-11.31.58:848][  0]LogNetVersion: MyProject 1.0.0, NetCL: 17155196, EngineNetVer: 17, GameNetVer: 0 (Checksum: 3629800737)
[2026.09.18-11.31.59:933][  0]LogTexture: Default maximum texture size for cubemaps generated from long-lat sources has been changed from 512 to unlimited. In order to preserve old behaiour for '/Engine/MapTemplates/Sky/DaylightAmbientCubemap.DaylightAmbientCubemap', its maximum texture size has been explicitly set to 512.
[2026.09.18-11.32.00:084][  0]LogHMD: PokeAHoleMaterial loaded successfully
[2026.09.18-11.32.00:096][  0]LogUObjectArray: 17181 objects as part of root set at end of initial load.
[2026.09.18-11.32.00:096][  0]LogUObjectAllocator: 4302752 out of 0 bytes used by permanent object pool.
[2026.09.18-11.32.00:096][  0]LogUObjectArray: CloseDisregardForGC: 0/0 objects in disregard for GC pool
[2026.09.18-11.32.00:807][  0]LogNiagaraDebuggerClient: Niagara Debugger Client Initialized | Session: 909736BD494CB73F1A350FAB242CE081 | Instance: 20F439B346DB2CAE79D41F96125BECC3 (NYEFFSANOTG-446692).
[2026.09.18-11.32.00:997][  0]LogUdpMessaging: Initializing bridge on interface 0.0.0.0:0 to multicast group 230.0.0.1:6666.
[2026.09.18-11.32.01:005][  0]LogTcpMessaging: Initializing TcpMessaging bridge
[2026.09.18-11.32.01:480][  0]LogPython: Using Python 3.7.7
[2026.09.18-11.32.02:192][  0]SourceControl: Source control is disabled
[2026.09.18-11.32.02:192][  0]SourceControl: Source control is disabled
[2026.09.18-11.32.02:198][  0]SourceControl: Source control is disabled
[2026.09.18-11.32.02:206][  0]LogUProjectInfo: Found projects:
[2026.09.18-11.32.02:220][  0]SourceControl: Source control is disabled
[2026.09.18-11.32.02:236][  0]SourceControl: Source control is disabled
[2026.09.18-11.32.02:327][  0]LogAndroidPermission: UAndroidPermissionCallbackProxy::GetInstance
[2026.09.18-11.32.02:334][  0]LogAudioCaptureCore: Display: No Audio Capture implementations found. Audio input will be silent.
[2026.09.18-11.32.02:334][  0]LogAudioCaptureCore: Display: No Audio Capture implementations found. Audio input will be silent.
[2026.09.18-11.32.03:295][  0]LogOpenImageDenoise: OIDN starting up
[2026.09.18-11.32.03:349][  0]LogOcInput: OculusInput pre-init called
[2026.09.18-11.32.03:613][  0]LogCollectionManager: Loaded 0 collections in 0.001833 seconds
[2026.09.18-11.32.03:753][  0]LogFileCache: Scanning file cache for directory 'D:/inGGIT/SteelEnclo_LD_BO/MyProject/Saved/Collections/' took 0.00s
[2026.09.18-11.32.03:753][  0]LogFileCache: Scanning file cache for directory 'D:/inGGIT/SteelEnclo_LD_BO/MyProject/Content/Developers/jeffr/Collections/' took 0.00s
[2026.09.18-11.32.03:753][  0]LogFileCache: Scanning file cache for directory 'D:/inGGIT/SteelEnclo_LD_BO/MyProject/Content/Collections/' took 0.00s
[2026.09.18-11.32.03:753][  0]LogEngine: Initializing Engine...
[2026.09.18-11.32.03:819][  0]LogHMD: Failed to enumerate extensions. Please check that you have a valid OpenXR runtime installed.
[2026.09.18-11.32.03:819][  0]LogHMD: Failed to initialize OpenVR with code 110
[2026.09.18-11.32.03:819][  0]LogMagicLeap: Warning: VR disabled because ZI is not enabled.  To enable, in the editor, Edit -> Project Settings -> Plugins -> Magic Leap Plugin -> Enable Zero Iteration
[2026.09.18-11.32.03:822][  0]LogStats: UGameplayTagsManager::InitializeManager -  0.001 s
[2026.09.18-11.32.04:108][  0]LogInit: Initializing FReadOnlyCVARCache
[2026.09.18-11.32.04:130][  0]LogAIModule: Creating AISystem for world Untitled
[2026.09.18-11.32.04:132][  0]LogAudio: Display: Initializing Audio Device Manager...
[2026.09.18-11.32.04:136][  0]LogAudio: Display: Loading Default Audio Settings Objects...
[2026.09.18-11.32.04:142][  0]LogAudio: Display: No default SoundConcurrencyObject specified (or failed to load).
[2026.09.18-11.32.04:143][  0]LogAudio: Display: Audio Device Manager Initialized
[2026.09.18-11.32.04:143][  0]LogAudio: Display: Creating Audio Device:                 Id: 1, Scope: Shared, Realtime: True
[2026.09.18-11.32.04:143][  0]LogAudioMixer: Display: Audio Mixer Platform Settings:
[2026.09.18-11.32.04:143][  0]LogAudioMixer: Display: 	Sample Rate:						  48000
[2026.09.18-11.32.04:143][  0]LogAudioMixer: Display: 	Callback Buffer Frame Size Requested: 1024
[2026.09.18-11.32.04:143][  0]LogAudioMixer: Display: 	Callback Buffer Frame Size To Use:	  1024
[2026.09.18-11.32.04:143][  0]LogAudioMixer: Display: 	Number of buffers to queue:			  2
[2026.09.18-11.32.04:143][  0]LogAudioMixer: Display: 	Max Channels (voices):				  32
[2026.09.18-11.32.04:143][  0]LogAudioMixer: Display: 	Number of Async Source Workers:		  0
[2026.09.18-11.32.04:143][  0]LogAudio: Display: AudioDevice MaxSources: 32
[2026.09.18-11.32.04:145][  0]LogAudio: Display: Audio Spatialization Plugin: None (built-in).
[2026.09.18-11.32.04:145][  0]LogAudio: Display: Audio Reverb Plugin: None (built-in).
[2026.09.18-11.32.04:145][  0]LogAudio: Display: Audio Occlusion Plugin: None (built-in).
[2026.09.18-11.32.04:145][  0]LogAudioMixer: Display: Initializing audio mixer.
[2026.09.18-11.32.04:167][  0]LogAudioMixer: Display: 0: FrontLeft
[2026.09.18-11.32.04:167][  0]LogAudioMixer: Display: 1: FrontRight
[2026.09.18-11.32.04:190][  0]LogAudioMixer: Display: Using Audio Device Headphones (Intel® Smart Sound Technology for Bluetooth® Audio)
[2026.09.18-11.32.04:190][  0]LogAudioMixer: Display: Initializing Sound Submixes...
[2026.09.18-11.32.04:215][  0]LogAudioMixer: Display: Creating Master Submix 'MasterSubmixDefault'
[2026.09.18-11.32.04:215][  0]LogAudioMixer: Display: Creating Master Submix 'MasterReverbSubmixDefault'
[2026.09.18-11.32.04:215][  0]LogAudioMixer: Display: Creating Master Submix 'MasterEQSubmixDefault'
[2026.09.18-11.32.04:216][  0]LogAudioMixer: FMixerPlatformXAudio2::StartAudioStream() called
[2026.09.18-11.32.04:216][  0]LogAudioMixer: Display: Output buffers initialized: Frames=1024, Channels=2, Samples=2048
[2026.09.18-11.32.04:216][  0]LogAudioMixer: Display: Starting AudioMixerPlatformInterface::RunInternal()
[2026.09.18-11.32.04:216][  0]LogAudioMixer: Display: FMixerPlatformXAudio2::SubmitBuffer() called for the first time
[2026.09.18-11.32.04:216][  0]LogInit: FAudioDevice initialized.
[2026.09.18-11.32.04:217][  0]LogAudio: Display: Audio Device (ID: 1) registered with world 'Untitled'.
[2026.09.18-11.32.04:217][  0]LogNetVersion: Set ProjectVersion to 1.0.0.0. Version Checksum will be recalculated on next use.
[2026.09.18-11.32.04:277][  0]LogDerivedDataCache: Saved boot cache 0.06s 94MB C:/Users/jeffr/AppData/Local/UnrealEngine/4.27/DerivedDataCache/Boot.ddc.
[2026.09.18-11.32.04:277][  0]LogInit: Texture streaming: Enabled
[2026.09.18-11.32.04:293][  0]LogAnalytics: Display: [UEEditor.Rocket.Release] APIServer = https://datarouter.ol.epicgames.com/. AppVersion = 4.27.2-18319896+++UE4+Release-4.27
[2026.09.18-11.32.04:299][  0]LogEngineSessionManager: EngineSessionManager initialized
[2026.09.18-11.32.04:299][  0]LogEditorSessionSummary: Verbose: Initializing EditorSessionSummaryWriter for editor session tracking
[2026.09.18-11.32.04:300][  0]LogEditorSessionSummary: EditorSessionSummaryWriter initialized
[2026.09.18-11.32.04:358][  0]LogInit: Transaction tracking system initialized
[2026.09.18-11.32.04:407][  0]BlueprintLog: New page: Editor Load
[2026.09.18-11.32.04:546][  0]LocalizationService: Localization service is disabled
[2026.09.18-11.32.04:593][  0]TimingProfiler: Initialize
[2026.09.18-11.32.04:595][  0]TimingProfiler: OnSessionChanged
[2026.09.18-11.32.04:595][  0]LoadingProfiler: Initialize
[2026.09.18-11.32.04:595][  0]LoadingProfiler: OnSessionChanged
[2026.09.18-11.32.04:595][  0]NetworkingProfiler: Initialize
[2026.09.18-11.32.04:596][  0]NetworkingProfiler: OnSessionChanged
[2026.09.18-11.32.04:596][  0]MemoryProfiler: Initialize
[2026.09.18-11.32.04:596][  0]MemoryProfiler: OnSessionChanged
[2026.09.18-11.32.05:001][  0]LogCook: Display: CookSettings for Memory: MemoryMaxUsedVirtual 0MiB, MemoryMaxUsedPhysical 16384MiB, MemoryMinFreeVirtual 0MiB, MemoryMinFreePhysical 1024MiB
[2026.09.18-11.32.05:001][  0]LogCook: Display: Mobile HDR setting 1
[2026.09.18-11.32.05:318][  0]LogFileCache: Scanning file cache for directory 'D:/inGGIT/SteelEnclo_LD_BO/MyProject/Content/' took 0.01s
[2026.09.18-11.32.05:428][  0]LogInit: Display: Engine is initialized. Leaving FEngineLoop::Init()
[2026.09.18-11.32.05:437][  0]SourceControl: Source control is disabled
[2026.09.18-11.32.05:437][  0]LogUnrealEdMisc: Loading editor; pre map load, took 16.787
[2026.09.18-11.32.05:437][  0]Cmd: MAP LOAD FILE="D:/inGGIT/SteelEnclo_LD_BO/MyProject/Content/FirstPersonBP/Maps/FirstPersonExampleMap.umap" TEMPLATE=0 SHOWPROGRESS=1 FEATURELEVEL=3
[2026.09.18-11.32.05:443][  0]LightingResults: New page: Lighting Build
[2026.09.18-11.32.05:445][  0]LogWorld: UWorld::CleanupWorld for Untitled, bSessionEnded=true, bCleanupResources=true
[2026.09.18-11.32.05:445][  0]LogSlate: InvalidateAllWidgets triggered.  All widgets were invalidated
[2026.09.18-11.32.05:445][  0]MapCheck: New page: Map Check
[2026.09.18-11.32.05:445][  0]LightingResults: New page: Lighting Build
[2026.09.18-11.32.05:450][  0]LogAudio: Display: Audio Device unregistered from world 'None'.
[2026.09.18-11.32.05:453][  0]LogUObjectHash: Compacting FUObjectHashTables data took   0.43ms
[2026.09.18-11.32.06:167][  0]LogAudio: Display: Audio Device (ID: 1) registered with world 'FirstPersonExampleMap'.
[2026.09.18-11.32.06:169][  0]LogAIModule: Creating AISystem for world FirstPersonExampleMap
[2026.09.18-11.32.06:188][  0]LogEditorServer: Finished looking for orphan Actors (0.000 secs)
[2026.09.18-11.32.06:199][  0]LogUObjectHash: Compacting FUObjectHashTables data took   0.74ms
[2026.09.18-11.32.06:200][  0]Cmd: MAP CHECKDEP NOCLEARLOG
[2026.09.18-11.32.06:200][  0]MapCheck: Map check complete: 0 Error(s), 0 Warning(s), took 0.104ms to complete.
[2026.09.18-11.32.06:200][  0]LogFileHelpers: Loading map 'FirstPersonExampleMap' took 0.762
[2026.09.18-11.32.06:204][  0]LogUnrealEdMisc: Total Editor Startup Time, took 17.553
[2026.09.18-11.32.06:356][  0]LogSlate: Updating window title bar state: overlay mode, drag disabled, window buttons hidden, title bar hidden
[2026.09.18-11.32.06:360][  0]LogSlate: Updating window title bar state: overlay mode, drag disabled, window buttons hidden, title bar hidden
[2026.09.18-11.32.06:365][  0]LogSlate: Updating window title bar state: overlay mode, drag disabled, window buttons hidden, title bar hidden
[2026.09.18-11.32.06:369][  0]LogSlate: Updating window title bar state: overlay mode, drag disabled, window buttons hidden, title bar hidden
[2026.09.18-11.32.06:395][  0]LogNativeClassHierarchy: Verbose: Native class hierarchy populated in 0.0067 seconds. Added 3822 classes and 928 folders.
[2026.09.18-11.32.06:405][  0]LogNativeClassHierarchy: Verbose: Native class hierarchy updated for 'WidgetCarousel' in 0.0002 seconds. Added 0 classes and 0 folders.
[2026.09.18-11.32.06:419][  0]LogPakFile: PakFile PrimaryIndexSize=187
[2026.09.18-11.32.06:419][  0]LogPakFile: PakFile PathHashIndexSize=101
[2026.09.18-11.32.06:419][  0]LogPakFile: PakFile FullDirectoryIndexSize=148
[2026.09.18-11.32.06:420][  0]LogShaderLibrary: Display: ShaderCodeLibraryPakFileMountedCallback: PakFile 'C:/Program Files/Epic Games/UE_4.27/FeaturePacks/FP_FirstPerson.upack' (chunk index -1, root 'root:/') mounted
[2026.09.18-11.32.06:420][  0]LogShaderLibrary: Display: ShaderCodeLibraryPakFileMountedCallback: pending pak file info (ChunkID:-1 Root:root:/ File:C:/Program Files/Epic Games/UE_4.27/FeaturePacks/FP_FirstPerson.upack)
[2026.09.18-11.32.06:420][  0]LogPakFile: OnPakFileMounted2Time == 0.001127
[2026.09.18-11.32.06:429][  0]LogPakFile: PakFile PrimaryIndexSize=189
[2026.09.18-11.32.06:429][  0]LogPakFile: PakFile PathHashIndexSize=101
[2026.09.18-11.32.06:429][  0]LogPakFile: PakFile FullDirectoryIndexSize=152
[2026.09.18-11.32.06:429][  0]LogShaderLibrary: Display: ShaderCodeLibraryPakFileMountedCallback: PakFile 'C:/Program Files/Epic Games/UE_4.27/FeaturePacks/FP_FirstPersonBP.upack' (chunk index -1, root 'root:/') mounted
[2026.09.18-11.32.06:429][  0]LogShaderLibrary: Display: ShaderCodeLibraryPakFileMountedCallback: pending pak file info (ChunkID:-1 Root:root:/ File:C:/Program Files/Epic Games/UE_4.27/FeaturePacks/FP_FirstPersonBP.upack)
[2026.09.18-11.32.06:429][  0]LogPakFile: OnPakFileMounted2Time == 0.000034
[2026.09.18-11.32.06:437][  0]LogPakFile: PakFile PrimaryIndexSize=191
[2026.09.18-11.32.06:437][  0]LogPakFile: PakFile PathHashIndexSize=101
[2026.09.18-11.32.06:437][  0]LogPakFile: PakFile FullDirectoryIndexSize=160
[2026.09.18-11.32.06:437][  0]LogShaderLibrary: Display: ShaderCodeLibraryPakFileMountedCallback: PakFile 'C:/Program Files/Epic Games/UE_4.27/FeaturePacks/MobileStarterContent.upack' (chunk index -1, root 'root:/') mounted
[2026.09.18-11.32.06:437][  0]LogShaderLibrary: Display: ShaderCodeLibraryPakFileMountedCallback: pending pak file info (ChunkID:-1 Root:root:/ File:C:/Program Files/Epic Games/UE_4.27/FeaturePacks/MobileStarterContent.upack)
[2026.09.18-11.32.06:437][  0]LogPakFile: OnPakFileMounted2Time == 0.000028
[2026.09.18-11.32.06:444][  0]LogPakFile: PakFile PrimaryIndexSize=185
[2026.09.18-11.32.06:444][  0]LogPakFile: PakFile PathHashIndexSize=101
[2026.09.18-11.32.06:444][  0]LogPakFile: PakFile FullDirectoryIndexSize=148
[2026.09.18-11.32.06:444][  0]LogShaderLibrary: Display: ShaderCodeLibraryPakFileMountedCallback: PakFile 'C:/Program Files/Epic Games/UE_4.27/FeaturePacks/StarterContent.upack' (chunk index -1, root 'root:/') mounted
[2026.09.18-11.32.06:444][  0]LogShaderLibrary: Display: ShaderCodeLibraryPakFileMountedCallback: pending pak file info (ChunkID:-1 Root:root:/ File:C:/Program Files/Epic Games/UE_4.27/FeaturePacks/StarterContent.upack)
[2026.09.18-11.32.06:444][  0]LogPakFile: OnPakFileMounted2Time == 0.000029
[2026.09.18-11.32.06:452][  0]LogPakFile: PakFile PrimaryIndexSize=190
[2026.09.18-11.32.06:452][  0]LogPakFile: PakFile PathHashIndexSize=101
[2026.09.18-11.32.06:452][  0]LogPakFile: PakFile FullDirectoryIndexSize=154
[2026.09.18-11.32.06:452][  0]LogShaderLibrary: Display: ShaderCodeLibraryPakFileMountedCallback: PakFile 'C:/Program Files/Epic Games/UE_4.27/FeaturePacks/TP_2DSideScroller.upack' (chunk index -1, root 'root:/') mounted
[2026.09.18-11.32.06:452][  0]LogShaderLibrary: Display: ShaderCodeLibraryPakFileMountedCallback: pending pak file info (ChunkID:-1 Root:root:/ File:C:/Program Files/Epic Games/UE_4.27/FeaturePacks/TP_2DSideScroller.upack)
[2026.09.18-11.32.06:452][  0]LogPakFile: OnPakFileMounted2Time == 0.000027
[2026.09.18-11.32.06:458][  0]LogPakFile: PakFile PrimaryIndexSize=192
[2026.09.18-11.32.06:458][  0]LogPakFile: PakFile PathHashIndexSize=101
[2026.09.18-11.32.06:458][  0]LogPakFile: PakFile FullDirectoryIndexSize=158
[2026.09.18-11.32.06:458][  0]LogShaderLibrary: Display: ShaderCodeLibraryPakFileMountedCallback: PakFile 'C:/Program Files/Epic Games/UE_4.27/FeaturePacks/TP_2DSideScrollerBP.upack' (chunk index -1, root 'root:/') mounted
[2026.09.18-11.32.06:458][  0]LogShaderLibrary: Display: ShaderCodeLibraryPakFileMountedCallback: pending pak file info (ChunkID:-1 Root:root:/ File:C:/Program Files/Epic Games/UE_4.27/FeaturePacks/TP_2DSideScrollerBP.upack)
[2026.09.18-11.32.06:458][  0]LogPakFile: OnPakFileMounted2Time == 0.000027
[2026.09.18-11.32.06:463][  0]LogPakFile: PakFile PrimaryIndexSize=182
[2026.09.18-11.32.06:464][  0]LogPakFile: PakFile PathHashIndexSize=101
[2026.09.18-11.32.06:464][  0]LogPakFile: PakFile FullDirectoryIndexSize=138
[2026.09.18-11.32.06:464][  0]LogShaderLibrary: Display: ShaderCodeLibraryPakFileMountedCallback: PakFile 'C:/Program Files/Epic Games/UE_4.27/FeaturePacks/TP_Flying.upack' (chunk index -1, root 'root:/') mounted
[2026.09.18-11.32.06:464][  0]LogShaderLibrary: Display: ShaderCodeLibraryPakFileMountedCallback: pending pak file info (ChunkID:-1 Root:root:/ File:C:/Program Files/Epic Games/UE_4.27/FeaturePacks/TP_Flying.upack)
[2026.09.18-11.32.06:464][  0]LogPakFile: OnPakFileMounted2Time == 0.000028
[2026.09.18-11.32.06:470][  0]LogPakFile: PakFile PrimaryIndexSize=184
[2026.09.18-11.32.06:470][  0]LogPakFile: PakFile PathHashIndexSize=101
[2026.09.18-11.32.06:470][  0]LogPakFile: PakFile FullDirectoryIndexSize=142
[2026.09.18-11.32.06:470][  0]LogShaderLibrary: Display: ShaderCodeLibraryPakFileMountedCallback: PakFile 'C:/Program Files/Epic Games/UE_4.27/FeaturePacks/TP_FlyingBP.upack' (chunk index -1, root 'root:/') mounted
[2026.09.18-11.32.06:470][  0]LogShaderLibrary: Display: ShaderCodeLibraryPakFileMountedCallback: pending pak file info (ChunkID:-1 Root:root:/ File:C:/Program Files/Epic Games/UE_4.27/FeaturePacks/TP_FlyingBP.upack)
[2026.09.18-11.32.06:470][  0]LogPakFile: OnPakFileMounted2Time == 0.000028
[2026.09.18-11.32.06:476][  0]LogPakFile: PakFile PrimaryIndexSize=188
[2026.09.18-11.32.06:476][  0]LogPakFile: PakFile PathHashIndexSize=101
[2026.09.18-11.32.06:476][  0]LogPakFile: PakFile FullDirectoryIndexSize=150
[2026.09.18-11.32.06:476][  0]LogShaderLibrary: Display: ShaderCodeLibraryPakFileMountedCallback: PakFile 'C:/Program Files/Epic Games/UE_4.27/FeaturePacks/TP_HandheldARBP.upack' (chunk index -1, root 'root:/') mounted
[2026.09.18-11.32.06:476][  0]LogShaderLibrary: Display: ShaderCodeLibraryPakFileMountedCallback: pending pak file info (ChunkID:-1 Root:root:/ File:C:/Program Files/Epic Games/UE_4.27/FeaturePacks/TP_HandheldARBP.upack)
[2026.09.18-11.32.06:476][  0]LogPakFile: OnPakFileMounted2Time == 0.000028
[2026.09.18-11.32.06:483][  0]LogPakFile: PakFile PrimaryIndexSize=182
[2026.09.18-11.32.06:483][  0]LogPakFile: PakFile PathHashIndexSize=101
[2026.09.18-11.32.06:483][  0]LogPakFile: PakFile FullDirectoryIndexSize=138
[2026.09.18-11.32.06:483][  0]LogShaderLibrary: Display: ShaderCodeLibraryPakFileMountedCallback: PakFile 'C:/Program Files/Epic Games/UE_4.27/FeaturePacks/TP_Puzzle.upack' (chunk index -1, root 'root:/') mounted
[2026.09.18-11.32.06:483][  0]LogShaderLibrary: Display: ShaderCodeLibraryPakFileMountedCallback: pending pak file info (ChunkID:-1 Root:root:/ File:C:/Program Files/Epic Games/UE_4.27/FeaturePacks/TP_Puzzle.upack)
[2026.09.18-11.32.06:483][  0]LogPakFile: OnPakFileMounted2Time == 0.000027
[2026.09.18-11.32.06:489][  0]LogPakFile: PakFile PrimaryIndexSize=184
[2026.09.18-11.32.06:489][  0]LogPakFile: PakFile PathHashIndexSize=101
[2026.09.18-11.32.06:489][  0]LogPakFile: PakFile FullDirectoryIndexSize=142
[2026.09.18-11.32.06:489][  0]LogShaderLibrary: Display: ShaderCodeLibraryPakFileMountedCallback: PakFile 'C:/Program Files/Epic Games/UE_4.27/FeaturePacks/TP_PuzzleBP.upack' (chunk index -1, root 'root:/') mounted
[2026.09.18-11.32.06:489][  0]LogShaderLibrary: Display: ShaderCodeLibraryPakFileMountedCallback: pending pak file info (ChunkID:-1 Root:root:/ File:C:/Program Files/Epic Games/UE_4.27/FeaturePacks/TP_PuzzleBP.upack)
[2026.09.18-11.32.06:489][  0]LogPakFile: OnPakFileMounted2Time == 0.000026
[2026.09.18-11.32.06:496][  0]LogPakFile: PakFile PrimaryIndexSize=183
[2026.09.18-11.32.06:496][  0]LogPakFile: PakFile PathHashIndexSize=101
[2026.09.18-11.32.06:496][  0]LogPakFile: PakFile FullDirectoryIndexSize=140
[2026.09.18-11.32.06:496][  0]LogShaderLibrary: Display: ShaderCodeLibraryPakFileMountedCallback: PakFile 'C:/Program Files/Epic Games/UE_4.27/FeaturePacks/TP_Rolling.upack' (chunk index -1, root 'root:/') mounted
[2026.09.18-11.32.06:496][  0]LogShaderLibrary: Display: ShaderCodeLibraryPakFileMountedCallback: pending pak file info (ChunkID:-1 Root:root:/ File:C:/Program Files/Epic Games/UE_4.27/FeaturePacks/TP_Rolling.upack)
[2026.09.18-11.32.06:496][  0]LogPakFile: OnPakFileMounted2Time == 0.000028
[2026.09.18-11.32.06:502][  0]LogPakFile: PakFile PrimaryIndexSize=185
[2026.09.18-11.32.06:502][  0]LogPakFile: PakFile PathHashIndexSize=101
[2026.09.18-11.32.06:502][  0]LogPakFile: PakFile FullDirectoryIndexSize=144
[2026.09.18-11.32.06:502][  0]LogShaderLibrary: Display: ShaderCodeLibraryPakFileMountedCallback: PakFile 'C:/Program Files/Epic Games/UE_4.27/FeaturePacks/TP_RollingBP.upack' (chunk index -1, root 'root:/') mounted
[2026.09.18-11.32.06:502][  0]LogShaderLibrary: Display: ShaderCodeLibraryPakFileMountedCallback: pending pak file info (ChunkID:-1 Root:root:/ File:C:/Program Files/Epic Games/UE_4.27/FeaturePacks/TP_RollingBP.upack)
[2026.09.18-11.32.06:502][  0]LogPakFile: OnPakFileMounted2Time == 0.000026
[2026.09.18-11.32.06:508][  0]LogPakFile: PakFile PrimaryIndexSize=188
[2026.09.18-11.32.06:508][  0]LogPakFile: PakFile PathHashIndexSize=101
[2026.09.18-11.32.06:508][  0]LogPakFile: PakFile FullDirectoryIndexSize=150
[2026.09.18-11.32.06:508][  0]LogShaderLibrary: Display: ShaderCodeLibraryPakFileMountedCallback: PakFile 'C:/Program Files/Epic Games/UE_4.27/FeaturePacks/TP_SideScroller.upack' (chunk index -1, root 'root:/') mounted
[2026.09.18-11.32.06:508][  0]LogShaderLibrary: Display: ShaderCodeLibraryPakFileMountedCallback: pending pak file info (ChunkID:-1 Root:root:/ File:C:/Program Files/Epic Games/UE_4.27/FeaturePacks/TP_SideScroller.upack)
[2026.09.18-11.32.06:508][  0]LogPakFile: OnPakFileMounted2Time == 0.000024
[2026.09.18-11.32.06:513][  0]LogPakFile: PakFile PrimaryIndexSize=190
[2026.09.18-11.32.06:513][  0]LogPakFile: PakFile PathHashIndexSize=101
[2026.09.18-11.32.06:513][  0]LogPakFile: PakFile FullDirectoryIndexSize=154
[2026.09.18-11.32.06:513][  0]LogShaderLibrary: Display: ShaderCodeLibraryPakFileMountedCallback: PakFile 'C:/Program Files/Epic Games/UE_4.27/FeaturePacks/TP_SideScrollerBP.upack' (chunk index -1, root 'root:/') mounted
[2026.09.18-11.32.06:513][  0]LogShaderLibrary: Display: ShaderCodeLibraryPakFileMountedCallback: pending pak file info (ChunkID:-1 Root:root:/ File:C:/Program Files/Epic Games/UE_4.27/FeaturePacks/TP_SideScrollerBP.upack)
[2026.09.18-11.32.06:513][  0]LogPakFile: OnPakFileMounted2Time == 0.000026
[2026.09.18-11.32.06:518][  0]LogPakFile: PakFile PrimaryIndexSize=187
[2026.09.18-11.32.06:518][  0]LogPakFile: PakFile PathHashIndexSize=101
[2026.09.18-11.32.06:518][  0]LogPakFile: PakFile FullDirectoryIndexSize=148
[2026.09.18-11.32.06:518][  0]LogShaderLibrary: Display: ShaderCodeLibraryPakFileMountedCallback: PakFile 'C:/Program Files/Epic Games/UE_4.27/FeaturePacks/TP_ThirdPerson.upack' (chunk index -1, root 'root:/') mounted
[2026.09.18-11.32.06:518][  0]LogShaderLibrary: Display: ShaderCodeLibraryPakFileMountedCallback: pending pak file info (ChunkID:-1 Root:root:/ File:C:/Program Files/Epic Games/UE_4.27/FeaturePacks/TP_ThirdPerson.upack)
[2026.09.18-11.32.06:518][  0]LogPakFile: OnPakFileMounted2Time == 0.000027
[2026.09.18-11.32.06:526][  0]LogPakFile: PakFile PrimaryIndexSize=189
[2026.09.18-11.32.06:526][  0]LogPakFile: PakFile PathHashIndexSize=101
[2026.09.18-11.32.06:526][  0]LogPakFile: PakFile FullDirectoryIndexSize=152
[2026.09.18-11.32.06:526][  0]LogShaderLibrary: Display: ShaderCodeLibraryPakFileMountedCallback: PakFile 'C:/Program Files/Epic Games/UE_4.27/FeaturePacks/TP_ThirdPersonBP.upack' (chunk index -1, root 'root:/') mounted
[2026.09.18-11.32.06:526][  0]LogShaderLibrary: Display: ShaderCodeLibraryPakFileMountedCallback: pending pak file info (ChunkID:-1 Root:root:/ File:C:/Program Files/Epic Games/UE_4.27/FeaturePacks/TP_ThirdPersonBP.upack)
[2026.09.18-11.32.06:526][  0]LogPakFile: OnPakFileMounted2Time == 0.000026
[2026.09.18-11.32.06:532][  0]LogPakFile: PakFile PrimaryIndexSize=183
[2026.09.18-11.32.06:532][  0]LogPakFile: PakFile PathHashIndexSize=101
[2026.09.18-11.32.06:532][  0]LogPakFile: PakFile FullDirectoryIndexSize=140
[2026.09.18-11.32.06:532][  0]LogShaderLibrary: Display: ShaderCodeLibraryPakFileMountedCallback: PakFile 'C:/Program Files/Epic Games/UE_4.27/FeaturePacks/TP_TopDown.upack' (chunk index -1, root 'root:/') mounted
[2026.09.18-11.32.06:532][  0]LogShaderLibrary: Display: ShaderCodeLibraryPakFileMountedCallback: pending pak file info (ChunkID:-1 Root:root:/ File:C:/Program Files/Epic Games/UE_4.27/FeaturePacks/TP_TopDown.upack)
[2026.09.18-11.32.06:532][  0]LogPakFile: OnPakFileMounted2Time == 0.000032
[2026.09.18-11.32.06:538][  0]LogPakFile: PakFile PrimaryIndexSize=185
[2026.09.18-11.32.06:538][  0]LogPakFile: PakFile PathHashIndexSize=101
[2026.09.18-11.32.06:538][  0]LogPakFile: PakFile FullDirectoryIndexSize=144
[2026.09.18-11.32.06:538][  0]LogShaderLibrary: Display: ShaderCodeLibraryPakFileMountedCallback: PakFile 'C:/Program Files/Epic Games/UE_4.27/FeaturePacks/TP_TopDownBP.upack' (chunk index -1, root 'root:/') mounted
[2026.09.18-11.32.06:538][  0]LogShaderLibrary: Display: ShaderCodeLibraryPakFileMountedCallback: pending pak file info (ChunkID:-1 Root:root:/ File:C:/Program Files/Epic Games/UE_4.27/FeaturePacks/TP_TopDownBP.upack)
[2026.09.18-11.32.06:538][  0]LogPakFile: OnPakFileMounted2Time == 0.000025
[2026.09.18-11.32.06:545][  0]LogPakFile: PakFile PrimaryIndexSize=185
[2026.09.18-11.32.06:545][  0]LogPakFile: PakFile PathHashIndexSize=101
[2026.09.18-11.32.06:545][  0]LogPakFile: PakFile FullDirectoryIndexSize=144
[2026.09.18-11.32.06:545][  0]LogShaderLibrary: Display: ShaderCodeLibraryPakFileMountedCallback: PakFile 'C:/Program Files/Epic Games/UE_4.27/FeaturePacks/TP_TwinStick.upack' (chunk index -1, root 'root:/') mounted
[2026.09.18-11.32.06:545][  0]LogShaderLibrary: Display: ShaderCodeLibraryPakFileMountedCallback: pending pak file info (ChunkID:-1 Root:root:/ File:C:/Program Files/Epic Games/UE_4.27/FeaturePacks/TP_TwinStick.upack)
[2026.09.18-11.32.06:545][  0]LogPakFile: OnPakFileMounted2Time == 0.000026
[2026.09.18-11.32.06:552][  0]LogPakFile: PakFile PrimaryIndexSize=187
[2026.09.18-11.32.06:552][  0]LogPakFile: PakFile PathHashIndexSize=101
[2026.09.18-11.32.06:552][  0]LogPakFile: PakFile FullDirectoryIndexSize=148
[2026.09.18-11.32.06:552][  0]LogShaderLibrary: Display: ShaderCodeLibraryPakFileMountedCallback: PakFile 'C:/Program Files/Epic Games/UE_4.27/FeaturePacks/TP_TwinStickBP.upack' (chunk index -1, root 'root:/') mounted
[2026.09.18-11.32.06:552][  0]LogShaderLibrary: Display: ShaderCodeLibraryPakFileMountedCallback: pending pak file info (ChunkID:-1 Root:root:/ File:C:/Program Files/Epic Games/UE_4.27/FeaturePacks/TP_TwinStickBP.upack)
[2026.09.18-11.32.06:552][  0]LogPakFile: OnPakFileMounted2Time == 0.000028
[2026.09.18-11.32.06:558][  0]LogPakFile: PakFile PrimaryIndexSize=183
[2026.09.18-11.32.06:558][  0]LogPakFile: PakFile PathHashIndexSize=101
[2026.09.18-11.32.06:558][  0]LogPakFile: PakFile FullDirectoryIndexSize=140
[2026.09.18-11.32.06:558][  0]LogShaderLibrary: Display: ShaderCodeLibraryPakFileMountedCallback: PakFile 'C:/Program Files/Epic Games/UE_4.27/FeaturePacks/TP_Vehicle.upack' (chunk index -1, root 'root:/') mounted
[2026.09.18-11.32.06:558][  0]LogShaderLibrary: Display: ShaderCodeLibraryPakFileMountedCallback: pending pak file info (ChunkID:-1 Root:root:/ File:C:/Program Files/Epic Games/UE_4.27/FeaturePacks/TP_Vehicle.upack)
[2026.09.18-11.32.06:558][  0]LogPakFile: OnPakFileMounted2Time == 0.000027
[2026.09.18-11.32.06:563][  0]LogPakFile: PakFile PrimaryIndexSize=186
[2026.09.18-11.32.06:563][  0]LogPakFile: PakFile PathHashIndexSize=101
[2026.09.18-11.32.06:563][  0]LogPakFile: PakFile FullDirectoryIndexSize=146
[2026.09.18-11.32.06:563][  0]LogShaderLibrary: Display: ShaderCodeLibraryPakFileMountedCallback: PakFile 'C:/Program Files/Epic Games/UE_4.27/FeaturePacks/TP_VehicleAdv.upack' (chunk index -1, root 'root:/') mounted
[2026.09.18-11.32.06:563][  0]LogShaderLibrary: Display: ShaderCodeLibraryPakFileMountedCallback: pending pak file info (ChunkID:-1 Root:root:/ File:C:/Program Files/Epic Games/UE_4.27/FeaturePacks/TP_VehicleAdv.upack)
[2026.09.18-11.32.06:563][  0]LogPakFile: OnPakFileMounted2Time == 0.000028
[2026.09.18-11.32.06:571][  0]LogPakFile: PakFile PrimaryIndexSize=188
[2026.09.18-11.32.06:571][  0]LogPakFile: PakFile PathHashIndexSize=101
[2026.09.18-11.32.06:571][  0]LogPakFile: PakFile FullDirectoryIndexSize=150
[2026.09.18-11.32.06:571][  0]LogShaderLibrary: Display: ShaderCodeLibraryPakFileMountedCallback: PakFile 'C:/Program Files/Epic Games/UE_4.27/FeaturePacks/TP_VehicleAdvBP.upack' (chunk index -1, root 'root:/') mounted
[2026.09.18-11.32.06:571][  0]LogShaderLibrary: Display: ShaderCodeLibraryPakFileMountedCallback: pending pak file info (ChunkID:-1 Root:root:/ File:C:/Program Files/Epic Games/UE_4.27/FeaturePacks/TP_VehicleAdvBP.upack)
[2026.09.18-11.32.06:571][  0]LogPakFile: OnPakFileMounted2Time == 0.000031
[2026.09.18-11.32.06:580][  0]LogPakFile: PakFile PrimaryIndexSize=185
[2026.09.18-11.32.06:580][  0]LogPakFile: PakFile PathHashIndexSize=101
[2026.09.18-11.32.06:580][  0]LogPakFile: PakFile FullDirectoryIndexSize=144
[2026.09.18-11.32.06:580][  0]LogShaderLibrary: Display: ShaderCodeLibraryPakFileMountedCallback: PakFile 'C:/Program Files/Epic Games/UE_4.27/FeaturePacks/TP_VehicleBP.upack' (chunk index -1, root 'root:/') mounted
[2026.09.18-11.32.06:580][  0]LogShaderLibrary: Display: ShaderCodeLibraryPakFileMountedCallback: pending pak file info (ChunkID:-1 Root:root:/ File:C:/Program Files/Epic Games/UE_4.27/FeaturePacks/TP_VehicleBP.upack)
[2026.09.18-11.32.06:580][  0]LogPakFile: OnPakFileMounted2Time == 0.000029
[2026.09.18-11.32.06:586][  0]LogPakFile: PakFile PrimaryIndexSize=192
[2026.09.18-11.32.06:586][  0]LogPakFile: PakFile PathHashIndexSize=101
[2026.09.18-11.32.06:586][  0]LogPakFile: PakFile FullDirectoryIndexSize=158
[2026.09.18-11.32.06:586][  0]LogShaderLibrary: Display: ShaderCodeLibraryPakFileMountedCallback: PakFile 'C:/Program Files/Epic Games/UE_4.27/FeaturePacks/TP_VirtualRealityBP.upack' (chunk index -1, root 'root:/') mounted
[2026.09.18-11.32.06:586][  0]LogShaderLibrary: Display: ShaderCodeLibraryPakFileMountedCallback: pending pak file info (ChunkID:-1 Root:root:/ File:C:/Program Files/Epic Games/UE_4.27/FeaturePacks/TP_VirtualRealityBP.upack)
[2026.09.18-11.32.06:586][  0]LogPakFile: OnPakFileMounted2Time == 0.000028
[2026.09.18-11.32.07:220][  0]LogNativeClassHierarchy: Verbose: Native class hierarchy updated for 'AddContentDialog' in 0.0002 seconds. Added 0 classes and 0 folders.
[2026.09.18-11.32.07:222][  0]LogNativeClassHierarchy: Verbose: Native class hierarchy updated for 'SceneOutliner' in 0.0002 seconds. Added 2 classes and 0 folders.
[2026.09.18-11.32.07:269][  0]LogSlate: Took 0.008119 seconds to synchronously load lazily loaded font '../../../Engine/Content/Slate/Fonts/Roboto-Regular.ttf' (155K)
[2026.09.18-11.32.07:279][  0]LogSlate: Took 0.009092 seconds to synchronously load lazily loaded font '../../../Engine/Content/Editor/Slate/Fonts/FontAwesome.ttf' (139K)
[2026.09.18-11.32.07:286][  0]LogSlate: Took 0.006245 seconds to synchronously load lazily loaded font '../../../Engine/Content/Slate/Fonts/Roboto-Bold.ttf' (160K)
[2026.09.18-11.32.07:457][  0]LogRenderer: Reallocating scene render targets to support 1292x672 Format 10 NumSamples 1 (Frame:1).
[2026.09.18-11.32.07:550][  0]LogNativeClassHierarchy: Verbose: Native class hierarchy updated for 'HierarchicalLODOutliner' in 0.0002 seconds. Added 0 classes and 0 folders.
[2026.09.18-11.32.07:552][  0]LogLoad: (Engine Initialization) Total time: 18.90 seconds
[2026.09.18-11.32.07:552][  0]LogLoad: (Engine Initialization) Total Blueprint compile time: 0.00 seconds
[2026.09.18-11.32.07:602][  0]LogAssetRegistry: Asset discovery search completed in 9.2979 seconds
[2026.09.18-11.32.07:635][  0]LogCollectionManager: Fixed up redirectors for 0 collections in 0.000003 seconds (updated 0 objects)
[2026.09.18-11.32.07:639][  0]LogContentStreaming: Texture pool size now 1000 MB
[2026.09.18-11.32.08:256][  2]LogSlate: Took 0.007383 seconds to synchronously load lazily loaded font '../../../Engine/Content/Slate/Fonts/Roboto-Light.ttf' (167K)
[2026.09.18-11.32.08:919][  4]LogSlate: Took 0.000342 seconds to synchronously load lazily loaded font '../../../Engine/Content/Slate/Fonts/Roboto-Light.ttf' (167K)
[2026.09.18-11.32.39:253][681]LogSlate: Only BGRA pngs, bmps or icos are supported in by External Image Picker
[2026.09.18-11.33.00:566][931]LogSlate: Window 'Project Settings' being destroyed
[2026.09.18-11.33.00:573][931]LogSlate: Window 'Project Settings' being destroyed
[2026.09.18-11.33.02:138][ 24]LogUObjectHash: Compacting FUObjectHashTables data took   0.55ms
[2026.09.18-11.33.02:164][ 24]LogSlate: Window 'MyProject - Unreal Editor' being destroyed
[2026.09.18-11.33.02:250][ 25]Cmd: QUIT_EDITOR
[2026.09.18-11.33.02:250][ 25]LogCore: Engine exit requested (reason: UUnrealEdEngine::CloseEditor())
[2026.09.18-11.33.02:258][ 25]LogCore: Engine exit requested (reason: EngineExit() was called; note: exit was already requested)
[2026.09.18-11.33.02:265][ 25]LogAudio: Display: Beginning Audio Device Manager Shutdown (Module: AudioMixerXAudio2)...
[2026.09.18-11.33.02:265][ 25]LogAudio: Display: Destroying 1 Remaining Audio Device(s)...
[2026.09.18-11.33.02:265][ 25]LogAudio: Display: Audio Device unregistered from world 'FirstPersonExampleMap'.
[2026.09.18-11.33.02:265][ 25]LogAudioMixer: FMixerPlatformXAudio2::StopAudioStream() called
[2026.09.18-11.33.02:267][ 25]LogAudioMixer: FMixerPlatformXAudio2::StopAudioStream() called
[2026.09.18-11.33.02:269][ 25]LogAudio: Display: Audio Device Manager Shutdown
[2026.09.18-11.33.02:284][ 25]LogExit: Preparing to exit.
[2026.09.18-11.33.02:539][ 25]LogUObjectHash: Compacting FUObjectHashTables data took   1.42ms
[2026.09.18-11.33.03:160][ 25]LogWorld: UWorld::CleanupWorld for World_1, bSessionEnded=true, bCleanupResources=true
[2026.09.18-11.33.03:160][ 25]LogWorld: UWorld::CleanupWorld for World_0, bSessionEnded=true, bCleanupResources=true
[2026.09.18-11.33.03:188][ 25]LogDemo: Cleaned up 0 splitscreen connections with owner deletion
[2026.09.18-11.33.03:197][ 25]LogWorld: UWorld::CleanupWorld for None, bSessionEnded=true, bCleanupResources=true
[2026.09.18-11.33.03:197][ 25]LogExit: Editor shut down
[2026.09.18-11.33.03:198][ 25]LogExit: Transaction tracking system shut down
[2026.09.18-11.33.03:551][ 25]LogExit: Object subsystem successfully closed.
[2026.09.18-11.33.03:619][ 25]LogShaderCompilers: Display: === FShaderJobCache stats ===
[2026.09.18-11.33.03:619][ 25]LogShaderCompilers: Display: Total job queries 0, among them cache hits 0 (0.00%)
[2026.09.18-11.33.03:619][ 25]LogShaderCompilers: Display: Tracking 0 distinct input hashes that result in 0 distinct outputs (0.00%)
[2026.09.18-11.33.03:619][ 25]LogShaderCompilers: Display: RAM used: 0.00 MB (0.00 GB) of 1638.40 MB (1.60 GB) budget. Usage: 0.00%
[2026.09.18-11.33.03:619][ 25]LogShaderCompilers: Display: ================================================
[2026.09.18-11.33.03:628][ 25]LogShaderCompilers: Display: Shaders left to compile 0
[2026.09.18-11.33.03:783][ 25]LogModuleManager: Shutting down and abandoning module ExternalImagePicker (872)
[2026.09.18-11.33.03:783][ 25]LogModuleManager: Shutting down and abandoning module HierarchicalLODOutliner (870)
[2026.09.18-11.33.03:783][ 25]LogModuleManager: Shutting down and abandoning module SceneOutliner (868)
[2026.09.18-11.33.03:783][ 25]LogModuleManager: Shutting down and abandoning module AddContentDialog (866)
[2026.09.18-11.33.03:783][ 25]LogModuleManager: Shutting down and abandoning module WidgetCarousel (865)
[2026.09.18-11.33.03:784][ 25]LogModuleManager: Shutting down and abandoning module EditorWidgets (862)
[2026.09.18-11.33.03:784][ 25]LogModuleManager: Shutting down and abandoning module StatsViewer (860)
[2026.09.18-11.33.03:784][ 25]LogModuleManager: Shutting down and abandoning module PIEPreviewDeviceProfileSelector (858)
[2026.09.18-11.33.03:784][ 25]LogModuleManager: Shutting down and abandoning module SequenceRecorderSections (856)
[2026.09.18-11.33.03:784][ 25]LogModuleManager: Shutting down and abandoning module AutomationWorker (854)
[2026.09.18-11.33.03:784][ 25]LogModuleManager: Shutting down and abandoning module SteamVREditor (852)
[2026.09.18-11.33.03:784][ 25]LogModuleManager: Shutting down and abandoning module OculusMR (850)
[2026.09.18-11.33.03:784][ 25]LogModuleManager: Shutting down and abandoning module PlanarCut (848)
[2026.09.18-11.33.03:784][ 25]LogModuleManager: Shutting down and abandoning module CharacterAI (846)
[2026.09.18-11.33.03:784][ 25]LogModuleManager: Shutting down and abandoning module CameraShakePreviewer (844)
[2026.09.18-11.33.03:784][ 25]LogModuleManager: Shutting down and abandoning module OpenExrWrapper (842)
[2026.09.18-11.33.03:784][ 25]LogModuleManager: Shutting down and abandoning module ImgMediaFactory (840)
[2026.09.18-11.33.03:784][ 25]LogModuleManager: Shutting down and abandoning module ImgMediaEditor (838)
[2026.09.18-11.33.03:784][ 25]LogModuleManager: Shutting down and abandoning module TextureAlignMode (836)
[2026.09.18-11.33.03:784][ 25]LogModuleManager: Shutting down and abandoning module BspMode (834)
[2026.09.18-11.33.03:784][ 25]LogModuleManager: Shutting down and abandoning module GeometryMode (832)
[2026.09.18-11.33.03:784][ 25]LogModuleManager: Shutting down and abandoning module WebMMediaFactory (830)
[2026.09.18-11.33.03:784][ 25]LogModuleManager: Shutting down and abandoning module WebMMediaEditor (828)
[2026.09.18-11.33.03:784][ 25]LogModuleManager: Shutting down and abandoning module WebMMedia (826)
[2026.09.18-11.33.03:784][ 25]LogModuleManager: Shutting down and abandoning module WmfMediaFactory (824)
[2026.09.18-11.33.03:784][ 25]LogModuleManager: Shutting down and abandoning module WmfMediaEditor (822)
[2026.09.18-11.33.03:784][ 25]LogModuleManager: Shutting down and abandoning module MediaPlayerEditor (820)
[2026.09.18-11.33.03:784][ 25]LogModuleManager: Shutting down and abandoning module AvfMediaFactory (818)
[2026.09.18-11.33.03:784][ 25]LogModuleManager: Shutting down and abandoning module AvfMediaEditor (816)
[2026.09.18-11.33.03:784][ 25]LogModuleManager: Shutting down and abandoning module MediaCompositingEditor (814)
[2026.09.18-11.33.03:784][ 25]LogModuleManager: Shutting down and abandoning module MatineeToLevelSequence (812)
[2026.09.18-11.33.03:784][ 25]LogModuleManager: Shutting down and abandoning module TemplateSequenceEditor (810)
[2026.09.18-11.33.03:784][ 25]LogModuleManager: Shutting down and abandoning module LevelSequenceEditor (808)
[2026.09.18-11.33.03:784][ 25]LogModuleManager: Shutting down and abandoning module AndroidMediaFactory (806)
[2026.09.18-11.33.03:784][ 25]LogModuleManager: Shutting down and abandoning module AndroidMediaEditor (804)
[2026.09.18-11.33.03:784][ 25]LogModuleManager: Shutting down and abandoning module ActorSequenceEditor (802)
[2026.09.18-11.33.03:784][ 25]LogModuleManager: Shutting down and abandoning module TakeRecorderSources (800)
[2026.09.18-11.33.03:784][ 25]LogModuleManager: Shutting down and abandoning module TakeRecorder (799)
[2026.09.18-11.33.03:784][ 25]LogModuleManager: Shutting down and abandoning module TakeTrackRecorders (796)
[2026.09.18-11.33.03:784][ 25]LogModuleManager: Shutting down and abandoning module TakesCore (794)
[2026.09.18-11.33.03:784][ 25]LogModuleManager: Shutting down and abandoning module OpenXRInput (792)
[2026.09.18-11.33.03:784][ 25]LogModuleManager: Shutting down and abandoning module GooglePADEditor (790)
[2026.09.18-11.33.03:784][ 25]LogModuleManager: Shutting down and abandoning module AudioCaptureEditor (788)
[2026.09.18-11.33.03:784][ 25]LogModuleManager: Shutting down and abandoning module SequenceRecorder (787)
[2026.09.18-11.33.03:784][ 25]LogModuleManager: Shutting down and abandoning module MagicLeapMediaCodecFactory (784)
[2026.09.18-11.33.03:784][ 25]LogModuleManager: Shutting down and abandoning module MagicLeapMediaFactory (782)
[2026.09.18-11.33.03:784][ 25]LogModuleManager: Shutting down and abandoning module MagicLeapMediaEditor (780)
[2026.09.18-11.33.03:784][ 25]LogModuleManager: Shutting down and abandoning module SmartSnapping (778)
[2026.09.18-11.33.03:784][ 25]LogModuleManager: Shutting down and abandoning module SessionServices (776)
[2026.09.18-11.33.03:784][ 25]LogModuleManager: Shutting down and abandoning module MeshPaint (774)
[2026.09.18-11.33.03:784][ 25]LogModuleManager: Shutting down and abandoning module VirtualTexturingEditor (772)
[2026.09.18-11.33.03:784][ 25]LogModuleManager: Shutting down and abandoning module FoliageEdit (770)
[2026.09.18-11.33.03:784][ 25]LogModuleManager: Shutting down and abandoning module LandscapeEditor (768)
[2026.09.18-11.33.03:784][ 25]LogModuleManager: Shutting down and abandoning module MeshPaintMode (766)
[2026.09.18-11.33.03:784][ 25]LogModuleManager: Shutting down and abandoning module SceneDepthPickerMode (764)
[2026.09.18-11.33.03:785][ 25]LogModuleManager: Shutting down and abandoning module ActorPickerMode (762)
[2026.09.18-11.33.03:785][ 25]LogModuleManager: Shutting down and abandoning module PlacementMode (760)
[2026.09.18-11.33.03:785][ 25]LogModuleManager: Shutting down and abandoning module ViewportSnapping (758)
[2026.09.18-11.33.03:785][ 25]LogModuleManager: Shutting down and abandoning module ViewportInteraction (756)
[2026.09.18-11.33.03:785][ 25]LogModuleManager: Shutting down and abandoning module ClothPainter (754)
[2026.09.18-11.33.03:785][ 25]LogModuleManager: Shutting down and abandoning module SkeletalMeshEditor (753)
[2026.09.18-11.33.03:785][ 25]LogModuleManager: Shutting down and abandoning module LogVisualizer (750)
[2026.09.18-11.33.03:785][ 25]LogModuleManager: Shutting down and abandoning module IntroTutorials (748)
[2026.09.18-11.33.03:785][ 25]LogModuleManager: Shutting down and abandoning module GameProjectGeneration (747)
[2026.09.18-11.33.03:785][ 25]LogModuleManager: Shutting down and abandoning module LuminPlatformEditor (744)
[2026.09.18-11.33.03:785][ 25]LogModuleManager: Shutting down and abandoning module IOSPlatformEditor (742)
[2026.09.18-11.33.03:785][ 25]LogModuleManager: Shutting down and abandoning module AndroidPlatformEditor (740)
[2026.09.18-11.33.03:785][ 25]LogModuleManager: Shutting down and abandoning module AndroidDeviceDetection (739)
[2026.09.18-11.33.04:695][ 25]LogModuleManager: Shutting down and abandoning module WindowsPlatformEditor (736)
[2026.09.18-11.33.04:695][ 25]LogModuleManager: Shutting down and abandoning module LuminRuntimeSettings (734)
[2026.09.18-11.33.04:695][ 25]LogModuleManager: Shutting down and abandoning module IOSRuntimeSettings (732)
[2026.09.18-11.33.04:695][ 25]LogModuleManager: Shutting down and abandoning module AndroidRuntimeSettings (730)
[2026.09.18-11.33.04:695][ 25]LogModuleManager: Shutting down and abandoning module TraceInsights (728)
[2026.09.18-11.33.04:695][ 25]MemoryProfiler: Shutdown
[2026.09.18-11.33.04:695][ 25]NetworkingProfiler: Shutdown
[2026.09.18-11.33.04:695][ 25]LoadingProfiler: Shutdown
[2026.09.18-11.33.04:695][ 25]TimingProfiler: Shutdown
[2026.09.18-11.33.04:695][ 25]LogModuleManager: Shutting down and abandoning module TraceServices (727)
[2026.09.18-11.33.04:695][ 25]LogModuleManager: Shutting down and abandoning module EditorInteractiveToolsFramework (724)
[2026.09.18-11.33.04:695][ 25]LogModuleManager: Shutting down and abandoning module TimeManagementEditor (722)
[2026.09.18-11.33.04:695][ 25]LogModuleManager: Shutting down and abandoning module InputBindingEditor (720)
[2026.09.18-11.33.04:695][ 25]LogModuleManager: Shutting down and abandoning module MergeActors (718)
[2026.09.18-11.33.04:695][ 25]LogModuleManager: Shutting down and abandoning module LocalizationDashboard (716)
[2026.09.18-11.33.04:695][ 25]LogModuleManager: Shutting down and abandoning module LocalizationService (715)
[2026.09.18-11.33.04:695][ 25]LogModuleManager: Shutting down and abandoning module HardwareTargeting (712)
[2026.09.18-11.33.04:695][ 25]LogModuleManager: Shutting down and abandoning module DeviceProfileEditor (710)
[2026.09.18-11.33.04:695][ 25]LogModuleManager: Shutting down and abandoning module UndoHistory (708)
[2026.09.18-11.33.04:695][ 25]LogModuleManager: Shutting down and abandoning module XmlParser (706)
[2026.09.18-11.33.04:695][ 25]LogModuleManager: Shutting down and abandoning module Blutility (704)
[2026.09.18-11.33.04:695][ 25]LogModuleManager: Shutting down and abandoning module ProjectSettingsViewer (702)
[2026.09.18-11.33.04:695][ 25]LogModuleManager: Shutting down and abandoning module ProjectTargetPlatformEditor (701)
[2026.09.18-11.33.04:695][ 25]LogModuleManager: Shutting down and abandoning module EditorSettingsViewer (698)
[2026.09.18-11.33.04:695][ 25]LogModuleManager: Shutting down and abandoning module InternationalizationSettings (697)
[2026.09.18-11.33.04:695][ 25]LogModuleManager: Shutting down and abandoning module SettingsEditor (694)
[2026.09.18-11.33.04:695][ 25]LogModuleManager: Shutting down and abandoning module ProjectLauncher (692)
[2026.09.18-11.33.04:695][ 25]LogModuleManager: Shutting down and abandoning module SessionFrontend (690)
[2026.09.18-11.33.04:695][ 25]LogModuleManager: Shutting down and abandoning module ProfilerClient (688)
[2026.09.18-11.33.04:695][ 25]LogModuleManager: Shutting down and abandoning module DeviceManager (686)
[2026.09.18-11.33.04:695][ 25]LogModuleManager: Shutting down and abandoning module TargetDeviceServices (685)
[2026.09.18-11.33.04:729][ 25]LogModuleManager: Shutting down and abandoning module AutomationController (682)
[2026.09.18-11.33.04:729][ 25]LogModuleManager: Shutting down and abandoning module AutomationWindow (680)
[2026.09.18-11.33.04:729][ 25]LogModuleManager: Shutting down and abandoning module Layers (678)
[2026.09.18-11.33.04:729][ 25]LogModuleManager: Shutting down and abandoning module ComponentVisualizers (676)
[2026.09.18-11.33.04:729][ 25]LogModuleManager: Shutting down and abandoning module DetailCustomizations (674)
[2026.09.18-11.33.04:729][ 25]LogModuleManager: Shutting down and abandoning module PackagesDialog (672)
[2026.09.18-11.33.04:729][ 25]LogModuleManager: Shutting down and abandoning module AnimationBlueprintEditor (670)
[2026.09.18-11.33.04:729][ 25]LogModuleManager: Shutting down and abandoning module Persona (668)
[2026.09.18-11.33.04:729][ 25]LogModuleManager: Shutting down and abandoning module AdvancedPreviewScene (667)
[2026.09.18-11.33.04:729][ 25]LogModuleManager: Shutting down and abandoning module AnimGraph (665)
[2026.09.18-11.33.04:729][ 25]LogModuleManager: Shutting down and abandoning module Kismet (662)
[2026.09.18-11.33.04:730][ 25]LogModuleManager: Shutting down and abandoning module KismetWidgets (661)
[2026.09.18-11.33.04:730][ 25]LogModuleManager: Shutting down and abandoning module GraphEditor (658)
[2026.09.18-11.33.04:730][ 25]LogModuleManager: Shutting down and abandoning module StructViewer (656)
[2026.09.18-11.33.04:730][ 25]LogModuleManager: Shutting down and abandoning module ClassViewer (654)
[2026.09.18-11.33.04:730][ 25]LogModuleManager: Shutting down and abandoning module Toolbox (652)
[2026.09.18-11.33.04:730][ 25]LogModuleManager: Shutting down and abandoning module ModuleUI (650)
[2026.09.18-11.33.04:730][ 25]LogModuleManager: Shutting down and abandoning module OutputLog (648)
[2026.09.18-11.33.04:730][ 25]LogModuleManager: Shutting down and abandoning module GammaUI (646)
[2026.09.18-11.33.04:730][ 25]LogModuleManager: Shutting down and abandoning module Documentation (644)
[2026.09.18-11.33.04:730][ 25]LogModuleManager: Shutting down and abandoning module LiveCoding (642)
[2026.09.18-11.33.04:730][ 25]LogModuleManager: Shutting down and abandoning module LevelSequence (640)
[2026.09.18-11.33.04:730][ 25]LogModuleManager: Shutting down and abandoning module MovieSceneTracks (638)
[2026.09.18-11.33.04:730][ 25]LogModuleManager: Shutting down and abandoning module MovieScene (636)
[2026.09.18-11.33.04:730][ 25]LogModuleManager: Shutting down and abandoning module StreamingPauseRendering (634)
[2026.09.18-11.33.04:730][ 25]LogModuleManager: Shutting down and abandoning module LauncherPlatform (632)
[2026.09.18-11.33.04:730][ 25]LogModuleManager: Shutting down and abandoning module AnalyticsET (630)
[2026.09.18-11.33.04:730][ 25]LogModuleManager: Shutting down and abandoning module PortalServices (628)
[2026.09.18-11.33.04:730][ 25]LogModuleManager: Shutting down and abandoning module PortalRpc (626)
[2026.09.18-11.33.04:730][ 25]LogModuleManager: Shutting down and abandoning module MessagingRpc (624)
[2026.09.18-11.33.04:732][ 25]LogModuleManager: Shutting down and abandoning module AudioMixerXAudio2 (622)
[2026.09.18-11.33.04:732][ 25]LogModuleManager: Shutting down and abandoning module AudioMixerCore (621)
[2026.09.18-11.33.04:732][ 25]LogModuleManager: Shutting down and abandoning module AIModule (618)
[2026.09.18-11.33.04:732][ 25]LogModuleManager: Shutting down and abandoning module GameplayDebugger (617)
[2026.09.18-11.33.04:734][ 25]LogModuleManager: Shutting down and abandoning module AITestSuite (615)
[2026.09.18-11.33.04:734][ 25]LogModuleManager: Shutting down and abandoning module NavigationSystem (613)
[2026.09.18-11.33.04:734][ 25]LogModuleManager: Shutting down and abandoning module ImageWriteQueue (610)
[2026.09.18-11.33.04:744][ 25]LogModuleManager: Shutting down and abandoning module ProfilerService (608)
[2026.09.18-11.33.04:819][ 25]LogModuleManager: Shutting down and abandoning module TaskGraph (606)
[2026.09.18-11.33.04:819][ 25]LogModuleManager: Shutting down and abandoning module AudioSynesthesiaEditor (604)
[2026.09.18-11.33.04:819][ 25]LogModuleManager: Shutting down and abandoning module ContentBrowserFileDataSource (602)
[2026.09.18-11.33.04:819][ 25]LogModuleManager: Shutting down and abandoning module ContentBrowserAssetDataSource (600)
[2026.09.18-11.33.04:819][ 25]LogModuleManager: Shutting down and abandoning module ContentBrowserClassDataSource (598)
[2026.09.18-11.33.04:819][ 25]LogModuleManager: Shutting down and abandoning module CollectionManager (597)
[2026.09.18-11.33.04:820][ 25]LogModuleManager: Shutting down and abandoning module OculusEditor (594)
[2026.09.18-11.33.04:820][ 25]LogModuleManager: Shutting down and abandoning module OculusInput (592)
[2026.09.18-11.33.04:820][ 25]LogModuleManager: Shutting down and abandoning module MotoSynthEditor (590)
[2026.09.18-11.33.04:820][ 25]LogModuleManager: Shutting down and abandoning module MotoSynth (588)
[2026.09.18-11.33.04:820][ 25]LogModuleManager: Shutting down and abandoning module OpenImageDenoise (586)
[2026.09.18-11.33.04:820][ 25]LogOpenImageDenoise: OIDN shutting down
[2026.09.18-11.33.04:820][ 25]LogModuleManager: Shutting down and abandoning module GeometryCollectionTracks (584)
[2026.09.18-11.33.04:820][ 25]LogModuleManager: Shutting down and abandoning module GeometryCollectionSequencer (583)
[2026.09.18-11.33.04:820][ 25]LogModuleManager: Shutting down and abandoning module GeometryCollectionEditor (580)
[2026.09.18-11.33.04:820][ 25]LogModuleManager: Shutting down and abandoning module GeometryCacheTracks (578)
[2026.09.18-11.33.04:820][ 25]LogModuleManager: Shutting down and abandoning module GeometryCacheStreamer (576)
[2026.09.18-11.33.04:820][ 25]LogModuleManager: Shutting down and abandoning module GeometryCacheSequencer (574)
[2026.09.18-11.33.04:820][ 25]LogModuleManager: Shutting down and abandoning module MeshConversion (572)
[2026.09.18-11.33.04:820][ 25]LogModuleManager: Shutting down and abandoning module DynamicMesh (570)
[2026.09.18-11.33.04:820][ 25]LogModuleManager: Shutting down and abandoning module GeometryAlgorithms (568)
[2026.09.18-11.33.04:820][ 25]LogModuleManager: Shutting down and abandoning module GeometricObjects (566)
[2026.09.18-11.33.04:820][ 25]LogModuleManager: Shutting down and abandoning module ChaosClothEditor (564)
[2026.09.18-11.33.04:820][ 25]LogModuleManager: Shutting down and abandoning module ChaosNiagara (562)
[2026.09.18-11.33.04:820][ 25]LogModuleManager: Shutting down and abandoning module ChaosSolverEditor (560)
[2026.09.18-11.33.04:820][ 25]LogModuleManager: Shutting down and abandoning module BackChannel (558)
[2026.09.18-11.33.04:820][ 25]LogModuleManager: Shutting down and abandoning module AlembicImporter (556)
[2026.09.18-11.33.04:820][ 25]LogModuleManager: Shutting down and abandoning module AlembicLibrary (555)
[2026.09.18-11.33.04:820][ 25]LogModuleManager: Shutting down and abandoning module GeometryCache (554)
[2026.09.18-11.33.04:820][ 25]LogModuleManager: Shutting down and abandoning module GeometryCacheEd (553)
[2026.09.18-11.33.04:820][ 25]LogModuleManager: Shutting down and abandoning module AutomationUtilsEditor (548)
[2026.09.18-11.33.04:820][ 25]LogModuleManager: Shutting down and abandoning module AutomationUtils (546)
[2026.09.18-11.33.04:820][ 25]LogModuleManager: Shutting down and abandoning module FractureEditor (544)
[2026.09.18-11.33.04:820][ 25]LogModuleManager: Shutting down and abandoning module ImgMedia (542)
[2026.09.18-11.33.04:820][ 25]LogModuleManager: Shutting down and abandoning module SpeedTreeImporter (540)
[2026.09.18-11.33.04:820][ 25]LogModuleManager: Shutting down and abandoning module MobileLauncherProfileWizard (538)
[2026.09.18-11.33.04:820][ 25]LogModuleManager: Shutting down and abandoning module PluginBrowser (536)
[2026.09.18-11.33.04:820][ 25]LogModuleManager: Shutting down and abandoning module CryptoKeysOpenSSL (534)
[2026.09.18-11.33.04:820][ 25]LogModuleManager: Shutting down and abandoning module CryptoKeys (532)
[2026.09.18-11.33.04:820][ 25]LogModuleManager: Shutting down and abandoning module MaterialAnalyzer (530)
[2026.09.18-11.33.04:820][ 25]LogModuleManager: Shutting down and abandoning module CurveEditorTools (528)
[2026.09.18-11.33.04:820][ 25]LogModuleManager: Shutting down and abandoning module MediaCompositing (526)
[2026.09.18-11.33.04:820][ 25]LogModuleManager: Shutting down and abandoning module TemplateSequence (524)
[2026.09.18-11.33.04:820][ 25]LogModuleManager: Shutting down and abandoning module VariantManagerContentEditor (522)
[2026.09.18-11.33.04:822][ 25]LogModuleManager: Shutting down and abandoning module DatasmithContentEditor (520)
[2026.09.18-11.33.04:822][ 25]LogModuleManager: Shutting down and abandoning module ScreenshotTools (518)
[2026.09.18-11.33.04:822][ 25]LogModuleManager: Shutting down and abandoning module LiveLinkSequencer (516)
[2026.09.18-11.33.04:822][ 25]LogModuleManager: Shutting down and abandoning module LiveLinkMovieScene (514)
[2026.09.18-11.33.04:822][ 25]LogModuleManager: Shutting down and abandoning module LiveLinkGraphNode (512)
[2026.09.18-11.33.04:822][ 25]LogModuleManager: Shutting down and abandoning module LiveLinkEditor (510)
[2026.09.18-11.33.04:822][ 25]LogModuleManager: Shutting down and abandoning module LiveLinkComponents (508)
[2026.09.18-11.33.04:822][ 25]LogModuleManager: Shutting down and abandoning module LiveLink (506)
[2026.09.18-11.33.04:833][ 25]LogModuleManager: Shutting down and abandoning module TakeSequencer (504)
[2026.09.18-11.33.04:833][ 25]LogModuleManager: Shutting down and abandoning module TakeMovieScene (502)
[2026.09.18-11.33.04:833][ 25]LogModuleManager: Shutting down and abandoning module SynthesisEditor (500)
[2026.09.18-11.33.04:833][ 25]LogModuleManager: Shutting down and abandoning module Synthesis (498)
[2026.09.18-11.33.04:833][ 25]LogModuleManager: Shutting down and abandoning module ProceduralMeshComponentEditor (496)
[2026.09.18-11.33.04:833][ 25]LogModuleManager: Shutting down and abandoning module ProceduralMeshComponent (494)
[2026.09.18-11.33.04:833][ 25]LogModuleManager: Shutting down and abandoning module MobilePatchingUtils (492)
[2026.09.18-11.33.04:833][ 25]LogModuleManager: Shutting down and abandoning module OpenXREditor (490)
[2026.09.18-11.33.04:833][ 25]LogModuleManager: Shutting down and abandoning module GooglePAD (488)
[2026.09.18-11.33.04:833][ 25]LogModuleManager: Shutting down and abandoning module EditableMesh (486)
[2026.09.18-11.33.04:833][ 25]LogModuleManager: Shutting down and abandoning module FieldSystemEngine (485)
[2026.09.18-11.33.04:833][ 25]LogModuleManager: Shutting down and abandoning module AppleImageUtilsBlueprintSupport (482)
[2026.09.18-11.33.04:833][ 25]LogModuleManager: Shutting down and abandoning module AppleImageUtils (480)
[2026.09.18-11.33.04:833][ 25]LogModuleManager: Shutting down and abandoning module AssetTags (478)
[2026.09.18-11.33.04:833][ 25]LogModuleManager: Shutting down and abandoning module CableComponent (476)
[2026.09.18-11.33.04:833][ 25]LogModuleManager: Shutting down and abandoning module CustomMeshComponent (474)
[2026.09.18-11.33.04:833][ 25]LogModuleManager: Shutting down and abandoning module ArchVisCharacter (472)
[2026.09.18-11.33.04:833][ 25]LogModuleManager: Shutting down and abandoning module AudioCapture (470)
[2026.09.18-11.33.04:833][ 25]LogModuleManager: Shutting down and abandoning module AudioCaptureRtAudio (469)
[2026.09.18-11.33.04:833][ 25]LogModuleManager: Shutting down and abandoning module MagicLeapLightEstimation (466)
[2026.09.18-11.33.04:833][ 25]LogModuleManager: Shutting down and abandoning module AndroidPermission (464)
[2026.09.18-11.33.04:833][ 25]LogModuleManager: Shutting down and abandoning module NiagaraEditorWidgets (462)
[2026.09.18-11.33.04:833][ 25]LogModuleManager: Shutting down and abandoning module ActorLayerUtilitiesEditor (460)
[2026.09.18-11.33.04:833][ 25]LogModuleManager: Shutting down and abandoning module ActorLayerUtilities (458)
[2026.09.18-11.33.04:833][ 25]LogModuleManager: Shutting down and abandoning module VisualStudioSourceCodeAccess (456)
[2026.09.18-11.33.04:833][ 25]LogModuleManager: Shutting down and abandoning module MagicLeapSharedWorld (454)
[2026.09.18-11.33.04:833][ 25]LogModuleManager: Shutting down and abandoning module RiderSourceCodeAccess (452)
[2026.09.18-11.33.04:833][ 25]LogModuleManager: Shutting down and abandoning module SubversionSourceControl (450)
[2026.09.18-11.33.04:833][ 25]LogModuleManager: Shutting down and abandoning module PluginUtils (448)
[2026.09.18-11.33.04:833][ 25]LogModuleManager: Shutting down and abandoning module MagicLeapHelperVulkan (446)
[2026.09.18-11.33.04:833][ 25]LogModuleManager: Shutting down and abandoning module MagicLeapHelperOpenGL (444)
[2026.09.18-11.33.04:833][ 25]LogModuleManager: Shutting down and abandoning module MagicLeapAudio (442)
[2026.09.18-11.33.04:834][ 25]LogModuleManager: Shutting down and abandoning module GitSourceControl (440)
[2026.09.18-11.33.04:834][ 25]LogModuleManager: Shutting down and abandoning module UObjectPlugin (438)
[2026.09.18-11.33.04:834][ 25]LogModuleManager: Shutting down and abandoning module AnimationSharingEd (436)
[2026.09.18-11.33.04:834][ 25]LogModuleManager: Shutting down and abandoning module VisualStudioCodeSourceCodeAccess (434)
[2026.09.18-11.33.04:834][ 25]LogModuleManager: Shutting down and abandoning module LightPropagationVolumeEditor (432)
[2026.09.18-11.33.04:834][ 25]LogModuleManager: Shutting down and abandoning module PlasticSourceControl (430)
[2026.09.18-11.33.04:834][ 25]LogModuleManager: Shutting down and abandoning module PerforceSourceControl (428)
[2026.09.18-11.33.04:834][ 25]LogModuleManager: Shutting down and abandoning module SourceControl (427)
[2026.09.18-11.33.04:834][ 25]LogModuleManager: Shutting down and abandoning module CLionSourceCodeAccess (424)
[2026.09.18-11.33.04:834][ 25]LogModuleManager: Shutting down and abandoning module OodleNetworkHandlerComponent (422)
[2026.09.18-11.33.04:834][ 25]LogModuleManager: Shutting down and abandoning module PaperTiledImporter (420)
[2026.09.18-11.33.04:834][ 25]LogModuleManager: Shutting down and abandoning module PaperSpriteSheetImporter (418)
[2026.09.18-11.33.04:834][ 25]LogModuleManager: Shutting down and abandoning module Paper2DEditor (416)
[2026.09.18-11.33.04:834][ 25]LogModuleManager: Shutting down and abandoning module MeshPaintingToolset (414)
[2026.09.18-11.33.04:834][ 25]LogModuleManager: Shutting down and abandoning module MeshPaintEditorMode (412)
[2026.09.18-11.33.04:834][ 25]LogModuleManager: Shutting down and abandoning module PythonScriptPlugin (410)
[2026.09.18-11.33.04:834][ 25]LogModuleManager: Shutting down and abandoning module GameplayTagsEditor (408)
[2026.09.18-11.33.04:834][ 25]LogModuleManager: Shutting down and abandoning module FacialAnimationEditor (406)
[2026.09.18-11.33.04:834][ 25]LogModuleManager: Shutting down and abandoning module FacialAnimation (404)
[2026.09.18-11.33.04:834][ 25]LogModuleManager: Shutting down and abandoning module ImgMediaEngine (402)
[2026.09.18-11.33.04:834][ 25]LogModuleManager: Shutting down and abandoning module DataValidation (400)
[2026.09.18-11.33.04:834][ 25]LogModuleManager: Shutting down and abandoning module GameplayCameras (398)
[2026.09.18-11.33.04:834][ 25]LogModuleManager: Shutting down and abandoning module AssetManagerEditor (396)
[2026.09.18-11.33.04:834][ 25]LogModuleManager: Shutting down and abandoning module LevelEditor (395)
[2026.09.18-11.33.04:836][ 25]LogModuleManager: Shutting down and abandoning module PixelInspectorModule (394)
[2026.09.18-11.33.04:836][ 25]LogModuleManager: Shutting down and abandoning module CommonMenuExtensions (392)
[2026.09.18-11.33.04:836][ 25]LogModuleManager: Shutting down and abandoning module MainFrame (390)
[2026.09.18-11.33.04:836][ 25]LogModuleManager: Shutting down and abandoning module HotReload (389)
[2026.09.18-11.33.04:837][ 25]LogModuleManager: Shutting down and abandoning module ToolMenus (385)
[2026.09.18-11.33.04:837][ 25]LogModuleManager: Shutting down and abandoning module TreeMap (383)
[2026.09.18-11.33.04:837][ 25]LogModuleManager: Shutting down and abandoning module ActorSequence (380)
[2026.09.18-11.33.04:837][ 25]LogModuleManager: Shutting down and abandoning module TcpMessaging (378)
[2026.09.18-11.33.04:939][ 25]LogModuleManager: Shutting down and abandoning module UdpMessaging (376)
[2026.09.18-11.33.05:040][ 25]LogModuleManager: Shutting down and abandoning module EnvironmentQueryEditor (374)
[2026.09.18-11.33.05:040][ 25]LogModuleManager: Shutting down and abandoning module RuntimePhysXCooking (372)
[2026.09.18-11.33.05:040][ 25]LogModuleManager: Shutting down and abandoning module SoundFields (370)
[2026.09.18-11.33.05:040][ 25]LogModuleManager: Shutting down and abandoning module SignificanceManager (368)
[2026.09.18-11.33.05:040][ 25]LogModuleManager: Shutting down and abandoning module PhysXVehiclesEditor (366)
[2026.09.18-11.33.05:040][ 25]LogModuleManager: Shutting down and abandoning module PropertyAccessEditor (362)
[2026.09.18-11.33.05:040][ 25]LogModuleManager: Shutting down and abandoning module LocationServicesBPLibrary (360)
[2026.09.18-11.33.05:040][ 25]LogModuleManager: Shutting down and abandoning module AudioSynesthesia (358)
[2026.09.18-11.33.05:040][ 25]LogModuleManager: Shutting down and abandoning module AudioSynesthesiaCore (356)
[2026.09.18-11.33.05:040][ 25]LogModuleManager: Shutting down and abandoning module NiagaraAnimNotifies (354)
[2026.09.18-11.33.05:040][ 25]LogModuleManager: Shutting down and abandoning module Niagara (352)
[2026.09.18-11.33.05:040][ 25]LogModuleManager: Shutting down and abandoning module SignalProcessing (351)
[2026.09.18-11.33.05:040][ 25]LogModuleManager: Shutting down and abandoning module NiagaraEditor (349)
[2026.09.18-11.33.05:040][ 25]LogModuleManager: Shutting down and abandoning module ContentBrowser (348)
[2026.09.18-11.33.05:040][ 25]LogModuleManager: Shutting down and abandoning module ContentBrowserData (347)
[2026.09.18-11.33.05:040][ 25]LogModuleManager: Shutting down and abandoning module NiagaraCore (342)
[2026.09.18-11.33.05:040][ 25]LogModuleManager: Shutting down and abandoning module MagicLeapARPin (340)
[2026.09.18-11.33.05:040][ 25]LogModuleManager: Shutting down and abandoning module PropertyAccessNode (338)
[2026.09.18-11.33.05:040][ 25]LogModuleManager: Shutting down and abandoning module MagicLeapHandMeshing (336)
[2026.09.18-11.33.05:040][ 25]LogModuleManager: Shutting down and abandoning module MagicLeapSecureStorage (334)
[2026.09.18-11.33.05:040][ 25]LogModuleManager: Shutting down and abandoning module MagicLeapPrivileges (332)
[2026.09.18-11.33.05:040][ 25]LogModuleManager: Shutting down and abandoning module MagicLeapPlanes (330)
[2026.09.18-11.33.05:040][ 25]LogMagicLeapPlanes: Planes tracker already destroyed.
[2026.09.18-11.33.05:040][ 25]LogModuleManager: Shutting down and abandoning module MagicLeapImageTracker (328)
[2026.09.18-11.33.05:040][ 25]LogModuleManager: Shutting down and abandoning module MagicLeapIdentity (326)
[2026.09.18-11.33.05:041][ 25]LogModuleManager: Shutting down and abandoning module MagicLeapHandTracking (324)
[2026.09.18-11.33.05:041][ 25]LogModuleManager: Shutting down and abandoning module MagicLeapEyeTracker (322)
[2026.09.18-11.33.05:041][ 25]LogModuleManager: Shutting down and abandoning module MagicLeapController (320)
[2026.09.18-11.33.05:041][ 25]LogModuleManager: Shutting down and abandoning module MagicLeapARPinImpl (318)
[2026.09.18-11.33.05:041][ 25]LogModuleManager: Shutting down and abandoning module MagicLeapAR (316)
[2026.09.18-11.33.05:041][ 25]LogModuleManager: Shutting down and abandoning module AnimationSharing (314)
[2026.09.18-11.33.05:041][ 25]LogModuleManager: Shutting down and abandoning module LightPropagationVolumeRuntime (312)
[2026.09.18-11.33.05:041][ 25]LogModuleManager: Shutting down and abandoning module Paper2D (310)
[2026.09.18-11.33.05:041][ 25]LogModuleManager: Shutting down and abandoning module WindowsMoviePlayer (308)
[2026.09.18-11.33.05:041][ 25]LogModuleManager: Shutting down and abandoning module WebMMoviePlayer (306)
[2026.09.18-11.33.05:042][ 25]LogModuleManager: Shutting down and abandoning module NetworkReplayStreaming (304)
[2026.09.18-11.33.05:042][ 25]LogModuleManager: Shutting down and abandoning module PacketHandler (302)
[2026.09.18-11.33.05:042][ 25]LogModuleManager: Shutting down and abandoning module ClothingSystemEditor (300)
[2026.09.18-11.33.05:042][ 25]LogModuleManager: Shutting down and abandoning module ClothingSystemRuntimeNv (298)
[2026.09.18-11.33.05:042][ 25]LogModuleManager: Shutting down and abandoning module MediaAssets (296)
[2026.09.18-11.33.05:042][ 25]LogModuleManager: Shutting down and abandoning module Overlay (294)
[2026.09.18-11.33.05:042][ 25]LogModuleManager: Shutting down and abandoning module OverlayEditor (293)
[2026.09.18-11.33.05:042][ 25]LogModuleManager: Shutting down and abandoning module VREditor (290)
[2026.09.18-11.33.05:042][ 25]LogModuleManager: Shutting down and abandoning module StringTableEditor (288)
[2026.09.18-11.33.05:042][ 25]LogModuleManager: Shutting down and abandoning module GameplayTasksEditor (286)
[2026.09.18-11.33.05:042][ 25]LogModuleManager: Shutting down and abandoning module BehaviorTreeEditor (284)
[2026.09.18-11.33.05:042][ 25]LogModuleManager: Shutting down and abandoning module FunctionalTesting (282)
[2026.09.18-11.33.05:042][ 25]LogModuleManager: Shutting down and abandoning module CollisionAnalyzer (280)
[2026.09.18-11.33.05:042][ 25]LogModuleManager: Shutting down and abandoning module WorkspaceMenuStructure (279)
[2026.09.18-11.33.05:042][ 25]LogModuleManager: Shutting down and abandoning module UMG (276)
[2026.09.18-11.33.05:042][ 25]LogModuleManager: Shutting down and abandoning module UMGEditor (275)
[2026.09.18-11.33.05:042][ 25]LogModuleManager: Shutting down and abandoning module MessageLog (273)
[2026.09.18-11.33.05:042][ 25]LogModuleManager: Shutting down and abandoning module SlateReflector (268)
[2026.09.18-11.33.05:042][ 25]LogModuleManager: Shutting down and abandoning module Slate (266)
[2026.09.18-11.33.05:042][ 25]LogModuleManager: Shutting down and abandoning module SlateCore (264)
[2026.09.18-11.33.05:043][ 25]LogModuleManager: Shutting down and abandoning module LandscapeEditorUtilities (262)
[2026.09.18-11.33.05:043][ 25]LogModuleManager: Shutting down and abandoning module UnrealEd (260)
[2026.09.18-11.33.05:043][ 25]LogModuleManager: Shutting down and abandoning module MRMesh (258)
[2026.09.18-11.33.05:043][ 25]LogModuleManager: Shutting down and abandoning module SourceCodeAccess (256)
[2026.09.18-11.33.05:043][ 25]LogModuleManager: Shutting down and abandoning module HeadMountedDisplay (254)
[2026.09.18-11.33.05:043][ 25]LogModuleManager: Shutting down and abandoning module XAudio2 (252)
[2026.09.18-11.33.05:043][ 25]LogModuleManager: Shutting down and abandoning module Networking (250)
[2026.09.18-11.33.05:043][ 25]LogModuleManager: Shutting down and abandoning module Core (248)
[2026.09.18-11.33.05:043][ 25]LogModuleManager: Shutting down and abandoning module MaterialEditor (246)
[2026.09.18-11.33.05:043][ 25]LogModuleManager: Shutting down and abandoning module MovieSceneTools (244)
[2026.09.18-11.33.05:044][ 25]LogModuleManager: Shutting down and abandoning module CurveEditor (243)
[2026.09.18-11.33.05:044][ 25]LogModuleManager: Shutting down and abandoning module Sequencer (241)
[2026.09.18-11.33.05:044][ 25]LogModuleManager: Shutting down and abandoning module EditorStyle (240)
[2026.09.18-11.33.05:045][ 25]LogModuleManager: Shutting down and abandoning module KismetCompiler (236)
[2026.09.18-11.33.05:045][ 25]LogModuleManager: Shutting down and abandoning module MeshBuilder (234)
[2026.09.18-11.33.05:045][ 25]LogModuleManager: Shutting down and abandoning module MeshUtilities (232)
[2026.09.18-11.33.05:045][ 25]LogModuleManager: Shutting down and abandoning module MeshMergeUtilities (231)
[2026.09.18-11.33.05:045][ 25]LogModuleManager: Shutting down and abandoning module MeshReductionInterface (230)
[2026.09.18-11.33.05:045][ 25]LogModuleManager: Shutting down and abandoning module MeshBoneReduction (229)
[2026.09.18-11.33.05:045][ 25]LogModuleManager: Shutting down and abandoning module SkeletalMeshReduction (227)
[2026.09.18-11.33.05:045][ 25]LogModuleManager: Shutting down and abandoning module ProxyLODMeshReduction (225)
[2026.09.18-11.33.05:045][ 25]LogModuleManager: Shutting down and abandoning module QuadricMeshReduction (223)
[2026.09.18-11.33.05:045][ 25]LogModuleManager: Shutting down and abandoning module MaterialBaking (219)
[2026.09.18-11.33.05:045][ 25]LogModuleManager: Shutting down and abandoning module NullInstallBundleManager (214)
[2026.09.18-11.33.05:045][ 25]LogModuleManager: Shutting down and abandoning module DerivedDataCache (212)
[2026.09.18-11.33.05:045][ 25]LogModuleManager: Shutting down and abandoning module TargetPlatform (210)
[2026.09.18-11.33.05:046][ 25]LogModuleManager: Shutting down and abandoning module VulkanShaderFormat (209)
[2026.09.18-11.33.05:046][ 25]LogModuleManager: Shutting down and abandoning module ShaderFormatVectorVM (207)
[2026.09.18-11.33.05:046][ 25]LogModuleManager: Shutting down and abandoning module ShaderFormatOpenGL (205)
[2026.09.18-11.33.05:046][ 25]LogModuleManager: Shutting down and abandoning module ShaderFormatD3D (203)
[2026.09.18-11.33.05:046][ 25]LogModuleManager: Shutting down and abandoning module MetalShaderFormat (201)
[2026.09.18-11.33.05:046][ 25]LogModuleManager: Shutting down and abandoning module TextureFormatOodle (199)
[2026.09.18-11.33.05:046][ 25]LogModuleManager: Shutting down and abandoning module TextureFormatUncompressed (197)
[2026.09.18-11.33.05:046][ 25]LogModuleManager: Shutting down and abandoning module TextureFormatPVR (195)
[2026.09.18-11.33.05:046][ 25]LogModuleManager: Shutting down and abandoning module TextureFormatETC2 (193)
[2026.09.18-11.33.05:046][ 25]LogModuleManager: Shutting down and abandoning module TextureFormatDXT (191)
[2026.09.18-11.33.05:046][ 25]LogModuleManager: Shutting down and abandoning module TextureFormatIntelISPCTexComp (189)
[2026.09.18-11.33.05:046][ 25]LogModuleManager: Shutting down and abandoning module TextureFormatASTC (187)
[2026.09.18-11.33.05:046][ 25]LogModuleManager: Shutting down and abandoning module ImageWrapper (186)
[2026.09.18-11.33.05:046][ 25]LogModuleManager: Shutting down and abandoning module AudioFormatOpus (183)
[2026.09.18-11.33.05:046][ 25]LogModuleManager: Shutting down and abandoning module AudioFormatOgg (181)
[2026.09.18-11.33.05:046][ 25]LogModuleManager: Shutting down and abandoning module AudioFormatADPCM (179)
[2026.09.18-11.33.05:046][ 25]LogModuleManager: Shutting down and abandoning module WindowsServerTargetPlatform (177)
[2026.09.18-11.33.05:046][ 25]LogModuleManager: Shutting down and abandoning module WindowsClientTargetPlatform (175)
[2026.09.18-11.33.05:046][ 25]LogModuleManager: Shutting down and abandoning module WindowsTargetPlatform (173)
[2026.09.18-11.33.05:046][ 25]LogModuleManager: Shutting down and abandoning module WindowsNoEditorTargetPlatform (171)
[2026.09.18-11.33.05:046][ 25]LogModuleManager: Shutting down and abandoning module TVOSTargetPlatform (169)
[2026.09.18-11.33.05:047][ 25]LogModuleManager: Shutting down and abandoning module MacServerTargetPlatform (167)
[2026.09.18-11.33.05:047][ 25]LogModuleManager: Shutting down and abandoning module MacClientTargetPlatform (165)
[2026.09.18-11.33.05:047][ 25]LogModuleManager: Shutting down and abandoning module MacTargetPlatform (163)
[2026.09.18-11.33.05:047][ 25]LogModuleManager: Shutting down and abandoning module MacNoEditorTargetPlatform (161)
[2026.09.18-11.33.05:047][ 25]LogModuleManager: Shutting down and abandoning module LuminTargetPlatform (159)
[2026.09.18-11.33.05:048][ 25]LogModuleManager: Shutting down and abandoning module LinuxAArch64ServerTargetPlatform (157)
[2026.09.18-11.33.05:048][ 25]LogModuleManager: Shutting down and abandoning module LinuxAArch64ClientTargetPlatform (155)
[2026.09.18-11.33.05:048][ 25]LogModuleManager: Shutting down and abandoning module LinuxAArch64NoEditorTargetPlatform (153)
[2026.09.18-11.33.05:049][ 25]LogModuleManager: Shutting down and abandoning module LinuxServerTargetPlatform (151)
[2026.09.18-11.33.05:049][ 25]LogModuleManager: Shutting down and abandoning module LinuxClientTargetPlatform (149)
[2026.09.18-11.33.05:049][ 25]LogModuleManager: Shutting down and abandoning module LinuxNoEditorTargetPlatform (147)
[2026.09.18-11.33.05:049][ 25]LogModuleManager: Shutting down and abandoning module LinuxTargetPlatform (145)
[2026.09.18-11.33.05:049][ 25]LogModuleManager: Shutting down and abandoning module Messaging (143)
[2026.09.18-11.33.05:049][ 25]LogModuleManager: Shutting down and abandoning module IOSTargetPlatform (141)
[2026.09.18-11.33.05:050][ 25]LogModuleManager: Shutting down and abandoning module AndroidTargetPlatform (139)
[2026.09.18-11.33.05:055][ 25]LogModuleManager: Shutting down and abandoning module AllDesktopTargetPlatform (137)
[2026.09.18-11.33.05:055][ 25]LogModuleManager: Shutting down and abandoning module D3D11RHI (134)
[2026.09.18-11.33.05:055][ 25]LogModuleManager: Shutting down and abandoning module InputCore (132)
[2026.09.18-11.33.05:055][ 25]LogModuleManager: Shutting down and abandoning module Settings (130)
[2026.09.18-11.33.05:055][ 25]LogModuleManager: Shutting down and abandoning module DirectoryWatcher (128)
[2026.09.18-11.33.05:055][ 25]LogModuleManager: Shutting down and abandoning module PhysXCooking (126)
[2026.09.18-11.33.05:055][ 25]LogModuleManager: Shutting down and abandoning module Chaos (124)
[2026.09.18-11.33.05:055][ 25]LogModuleManager: Shutting down and abandoning module WindowsPlatformFeatures (122)
[2026.09.18-11.33.05:055][ 25]LogModuleManager: Shutting down and abandoning module GameplayMediaEncoder (121)
[2026.09.18-11.33.05:055][ 25]LogModuleManager: Shutting down and abandoning module AVEncoder (120)
[2026.09.18-11.33.05:055][ 25]LogModuleManager: Shutting down and abandoning module SteamVRInputDevice (116)
[2026.09.18-11.33.05:055][ 25]LogModuleManager: Shutting down and abandoning module SteamVRInput (114)
[2026.09.18-11.33.05:055][ 25]LogModuleManager: Shutting down and abandoning module SteamVR (112)
[2026.09.18-11.33.05:056][ 25]LogHMD: Freeing OpenVRDLLHandle.
[2026.09.18-11.33.05:056][ 25]LogModuleManager: Shutting down and abandoning module OculusHMD (110)
[2026.09.18-11.33.05:056][ 25]LogModuleManager: Shutting down and abandoning module ChaosCloth (108)
[2026.09.18-11.33.05:056][ 25]LogModuleManager: Shutting down and abandoning module ExrReaderGpu (106)
[2026.09.18-11.33.05:056][ 25]LogModuleManager: Shutting down and abandoning module WmfMedia (104)
[2026.09.18-11.33.05:058][ 25]LogModuleManager: Shutting down and abandoning module Media (103)
[2026.09.18-11.33.05:059][ 25]LogModuleManager: Shutting down and abandoning module MediaInfo (102)
[2026.09.18-11.33.05:059][ 25]LogModuleManager: Shutting down and abandoning module LauncherChunkInstaller (98)
[2026.09.18-11.33.05:059][ 25]LogModuleManager: Shutting down and abandoning module VariantManagerContent (96)
[2026.09.18-11.33.05:059][ 25]LogModuleManager: Shutting down and abandoning module DatasmithContent (94)
[2026.09.18-11.33.05:059][ 25]LogModuleManager: Shutting down and abandoning module AISupportModule (92)
[2026.09.18-11.33.05:059][ 25]LogModuleManager: Shutting down and abandoning module OpenXREyeTracker (90)
[2026.09.18-11.33.05:059][ 25]LogModuleManager: Shutting down and abandoning module OpenXRHandTracking (88)
[2026.09.18-11.33.05:059][ 25]LogSlate: Slate User Destroyed.  User Index 0, Is Virtual User: 0
[2026.09.18-11.33.05:059][ 25]LogModuleManager: Shutting down and abandoning module OpenXRAR (86)
[2026.09.18-11.33.05:059][ 25]LogModuleManager: Shutting down and abandoning module AugmentedReality (85)
[2026.09.18-11.33.05:059][ 25]LogModuleManager: Shutting down and abandoning module OpenXRHMD (82)
[2026.09.18-11.33.05:060][ 25]LogModuleManager: Shutting down and abandoning module ExampleDeviceProfileSelector (80)
[2026.09.18-11.33.05:060][ 25]LogModuleManager: Shutting down and abandoning module ChunkDownloader (78)
[2026.09.18-11.33.05:060][ 25]LogModuleManager: Shutting down and abandoning module NiagaraVertexFactories (76)
[2026.09.18-11.33.05:060][ 25]LogModuleManager: Shutting down and abandoning module NiagaraShader (74)
[2026.09.18-11.33.05:060][ 25]LogModuleManager: Shutting down and abandoning module OnlineBlueprintSupport (72)
[2026.09.18-11.33.05:060][ 25]LogModuleManager: Shutting down and abandoning module OnlineSubsystem (68)
[2026.09.18-11.33.05:062][ 25]LogModuleManager: Shutting down and abandoning module XMPP (63)
[2026.09.18-11.33.05:062][ 25]LogModuleManager: Shutting down and abandoning module WebSockets (62)
[2026.09.18-11.33.05:076][ 25]LogModuleManager: Shutting down and abandoning module HTTP (59)
[2026.09.18-11.33.05:076][ 25]LogHttp: Display: Http module shutting down, but needs to wait on 1 outstanding Http requests:
[2026.09.18-11.33.05:076][ 25]LogHttp: Display: 	verb=[POST] url=[https://datarouter.ol.epicgames.com/datarouter/api/v1/public/data?SessionID=%7B681067AD-4714-89C8-2E0C-23911C6FAB37%7D&AppID=UEEditor.Rocket.Release&AppVersion=4.27.2-18319896%2B%2B%2BUE4%2BRelease-4.27&UserID=de22c3ba43decee7743c7b82d2bba046%7C74750d08f8da47ffa3cb3b6fa054bc8a%7C80cb520e-b2d7-4b07-b694-d314960107a6&AppEnvironment=datacollector-binary&UploadType=eteventstream] refs=[1] status=Processing
[2026.09.18-11.33.05:076][ 25]LogHttp: Display: cleaning up 1 outstanding Http requests.
[2026.09.18-11.33.05:110][ 25]LogModuleManager: Shutting down and abandoning module SSL (58)
[2026.09.18-11.33.05:110][ 25]LogModuleManager: Shutting down and abandoning module MLSDK (54)
[2026.09.18-11.33.05:112][ 25]LogModuleManager: Shutting down and abandoning module MagicLeap (52)
[2026.09.18-11.33.05:112][ 25]LogModuleManager: Shutting down and abandoning module PixWinPlugin (50)
[2026.09.18-11.33.05:112][ 25]LogModuleManager: Shutting down and abandoning module DesktopPlatform (48)
[2026.09.18-11.33.05:112][ 25]LogModuleManager: Shutting down and abandoning module PlatformCryptoOpenSSL (46)
[2026.09.18-11.33.05:112][ 25]LogModuleManager: Shutting down and abandoning module PlatformCryptoTypes (44)
[2026.09.18-11.33.05:112][ 25]LogModuleManager: Shutting down and abandoning module PlatformCrypto (42)
[2026.09.18-11.33.05:112][ 25]LogModuleManager: Shutting down and abandoning module PythonScriptPluginPreload (40)
[2026.09.18-11.33.05:112][ 25]LogModuleManager: Shutting down and abandoning module OodleDataCompressionFormat (38)
[2026.09.18-11.33.05:112][ 25]LogModuleManager: Shutting down and abandoning module XGEController (36)
[2026.09.18-11.33.05:112][ 25]LogXGEController: Cleaning working directory: C:/Users/jeffr/AppData/Local/Temp/UnrealXGEWorkingDir/
[2026.09.18-11.33.05:112][ 25]LogModuleManager: Shutting down and abandoning module AnimationModifiers (34)
[2026.09.18-11.33.05:112][ 25]LogModuleManager: Shutting down and abandoning module AudioEditor (32)
[2026.09.18-11.33.05:112][ 25]LogModuleManager: Shutting down and abandoning module PropertyEditor (31)
[2026.09.18-11.33.05:114][ 25]LogModuleManager: Shutting down and abandoning module TextureCompressor (28)
[2026.09.18-11.33.05:114][ 25]LogModuleManager: Shutting down and abandoning module RenderCore (26)
[2026.09.18-11.33.05:114][ 25]LogModuleManager: Shutting down and abandoning module Landscape (24)
[2026.09.18-11.33.05:114][ 25]LogModuleManager: Shutting down and abandoning module SlateRHIRenderer (22)
[2026.09.18-11.33.05:114][ 25]LogModuleManager: Shutting down and abandoning module AnimGraphRuntime (20)
[2026.09.18-11.33.05:114][ 25]LogModuleManager: Shutting down and abandoning module Renderer (18)
[2026.09.18-11.33.05:114][ 25]LogModuleManager: Shutting down and abandoning module Engine (16)
[2026.09.18-11.33.05:114][ 25]LogModuleManager: Shutting down and abandoning module CoreUObject (14)
[2026.09.18-11.33.05:114][ 25]LogModuleManager: Shutting down and abandoning module NetworkFile (12)
[2026.09.18-11.33.05:115][ 25]LogModuleManager: Shutting down and abandoning module CookedIterativeFile (10)
[2026.09.18-11.33.05:115][ 25]LogModuleManager: Shutting down and abandoning module StreamingFile (8)
[2026.09.18-11.33.05:115][ 25]LogModuleManager: Shutting down and abandoning module SandboxFile (6)
[2026.09.18-11.33.05:115][ 25]LogModuleManager: Shutting down and abandoning module PakFile (4)
[2026.09.18-11.33.05:115][ 25]LogModuleManager: Shutting down and abandoning module RSA (3)
[2026.09.18-11.33.05:240][ 25]LogContentStreaming: Display: There are 1 unreleased StreamingManagers
[2026.09.18-11.33.05:311][ 25]LogD3D11RHI: Shutdown
[2026.09.18-11.33.05:311][ 25]LogD3D11RHI: CleanupD3DDevice
[2026.09.18-11.33.05:315][ 25]LogExit: Exiting.
[2026.09.18-11.33.05:328][ 25]Log file closed, 09/18/26 19:33:05
