Log file open, 09/18/26 19:33:13
LogWindows: Failed to load 'aqProf.dll' (GetLastError=126)
LogWindows: File 'aqProf.dll' does not exist
LogWindows: Failed to load 'VtuneApi.dll' (GetLastError=126)
LogWindows: File 'VtuneApi.dll' does not exist
LogWindows: Failed to load 'VtuneApi32e.dll' (GetLastError=126)
LogWindows: File 'VtuneApi32e.dll' does not exist
LogConsoleResponse: Display: Failed to find resolution value strings in scalability ini. Falling back to default.
LogConsoleResponse: Display: Failed to find resolution value strings in scalability ini. Falling back to default.
LogInit: Display: Running engine for game: MyProject
LogPlatformFile: Not using cached read wrapper
LogTaskGraph: Started task graph with 5 named threads and 83 total threads with 3 sets of task threads.
LogStats: Stats thread started at 0.186413
LogICUInternationalization: ICU TimeZone Detection - Raw Offset: +8:00, Platform Override: ''
LogInit: Display: Loading text-based GConfig....
LogPluginManager: Mounting plugin MeshPainting
LogPluginManager: Mounting plugin XGEController
LogPluginManager: Mounting plugin Paper2D
LogPluginManager: Mounting plugin LiveLink
LogPluginManager: Mounting plugin AISupport
LogPluginManager: Mounting plugin EnvironmentQueryEditor
LogPluginManager: Mounting plugin LightPropagationVolume
LogPluginManager: Mounting plugin CameraShakePreviewer
LogPluginManager: Mounting plugin OodleData
LogPluginManager: Mounting plugin GameplayCameras
LogPluginManager: Mounting plugin AnimationSharing
LogPluginManager: Mounting plugin CLionSourceCodeAccess
LogPluginManager: Mounting plugin OodleNetwork
LogPluginManager: Mounting plugin CodeLiteSourceCodeAccess
LogPluginManager: Mounting plugin KDevelopSourceCodeAccess
LogPluginManager: Mounting plugin GitSourceControl
LogPluginManager: Mounting plugin NullSourceCodeAccess
LogPluginManager: Mounting plugin PerforceSourceControl
LogPluginManager: Mounting plugin PlasticSourceControl
LogPluginManager: Mounting plugin PixWinPlugin
LogPluginManager: Mounting plugin PluginUtils
LogPluginManager: Mounting plugin PropertyAccessNode
LogPluginManager: Mounting plugin SubversionSourceControl
LogPluginManager: Mounting plugin RiderSourceCodeAccess
LogPluginManager: Mounting plugin TextureFormatOodle
LogPluginManager: Mounting plugin UObjectPlugin
LogPluginManager: Mounting plugin VisualStudioCodeSourceCodeAccess
LogPluginManager: Mounting plugin VisualStudioSourceCodeAccess
LogPluginManager: Mounting plugin XCodeSourceCodeAccess
LogPluginManager: Mounting plugin DatasmithContent
LogPluginManager: Mounting plugin VariantManagerContent
LogPluginManager: Mounting plugin AlembicImporter
LogPluginManager: Mounting plugin AutomationUtils
LogPluginManager: Mounting plugin Niagara
LogPluginManager: Mounting plugin ChaosCloth
LogPluginManager: Mounting plugin ChaosEditor
LogPluginManager: Mounting plugin ChaosClothEditor
LogPluginManager: Mounting plugin ChaosSolverPlugin
LogPluginManager: Mounting plugin CharacterAI
LogPluginManager: Mounting plugin ChaosNiagara
LogPluginManager: Mounting plugin AssetManagerEditor
LogPluginManager: Mounting plugin CryptoKeys
LogPluginManager: Mounting plugin CurveEditorTools
LogPluginManager: Mounting plugin FacialAnimation
LogPluginManager: Mounting plugin GeometryMode
LogPluginManager: Mounting plugin GameplayTagsEditor
LogPluginManager: Mounting plugin MaterialAnalyzer
LogPluginManager: Mounting plugin BackChannel
LogPluginManager: Mounting plugin MobileLauncherProfileWizard
LogPluginManager: Mounting plugin PluginBrowser
LogPluginManager: Mounting plugin SpeedTreeImporter
LogPluginManager: Mounting plugin LuminPlatformFeatures
LogPluginManager: Mounting plugin MagicLeap
LogPluginManager: Mounting plugin MacGraphicsSwitching
LogPluginManager: Mounting plugin DataValidation
LogPluginManager: Mounting plugin MagicLeapLightEstimation
LogPluginManager: Mounting plugin MagicLeapMedia
LogPluginManager: Mounting plugin MagicLeapPassableWorld
LogPluginManager: Mounting plugin GeometryCache
LogPluginManager: Mounting plugin MLSDK
LogPluginManager: Mounting plugin GeometryProcessing
LogPluginManager: Mounting plugin OpenImageDenoise
LogPluginManager: Mounting plugin PlanarCut
LogPluginManager: Mounting plugin ProxyLODPlugin
LogPluginManager: Mounting plugin PythonScriptPlugin
LogPluginManager: Mounting plugin MotoSynth
LogPluginManager: Mounting plugin PlatformCrypto
LogPluginManager: Mounting plugin GeometryCollectionPlugin
LogPluginManager: Mounting plugin SkeletalReduction
LogPluginManager: Mounting plugin AndroidMedia
LogPluginManager: Mounting plugin AvfMedia
LogPluginManager: Mounting plugin ImgMedia
LogPluginManager: Mounting plugin MediaCompositing
LogPluginManager: Mounting plugin MediaPlayerEditor
LogPluginManager: Mounting plugin WebMMedia
LogPluginManager: Mounting plugin WmfMedia
LogPluginManager: Mounting plugin LevelSequenceEditor
LogPluginManager: Mounting plugin ActorSequence
LogPluginManager: Mounting plugin MatineeToLevelSequence
LogPluginManager: Mounting plugin TemplateSequence
LogPluginManager: Mounting plugin OnlineSubsystem
LogPluginManager: Mounting plugin OnlineSubsystemNull
LogPluginManager: Mounting plugin OnlineSubsystemUtils
LogPluginManager: Mounting plugin TcpMessaging
LogPluginManager: Mounting plugin AndroidMoviePlayer
LogPluginManager: Mounting plugin AndroidPermission
LogPluginManager: Mounting plugin AndroidDeviceProfileSelector
LogPluginManager: Mounting plugin AssetTags
LogPluginManager: Mounting plugin ActorLayerUtilities
LogPluginManager: Mounting plugin ChunkDownloader
LogPluginManager: Mounting plugin LauncherChunkInstaller
LogPluginManager: Mounting plugin CustomMeshComponent
LogPluginManager: Mounting plugin EditableMesh
LogPluginManager: Mounting plugin AppleMoviePlayer
LogPluginManager: Mounting plugin AppleImageUtils
LogPluginManager: Mounting plugin GooglePAD
LogPluginManager: Mounting plugin GoogleCloudMessaging
LogPluginManager: Mounting plugin ExampleDeviceProfileSelector
LogPluginManager: Mounting plugin LinuxDeviceProfileSelector
LogPluginManager: Mounting plugin UdpMessaging
LogPluginManager: Mounting plugin ArchVisCharacter
LogPluginManager: Mounting plugin LocationServicesBPLibrary
LogPluginManager: Mounting plugin IOSDeviceProfileSelector
LogPluginManager: Mounting plugin AudioCapture
LogPluginManager: Mounting plugin MobilePatchingUtils
LogPluginManager: Mounting plugin OpenXREyeTracker
LogPluginManager: Mounting plugin OpenXR
LogPluginManager: Mounting plugin ScreenshotTools
LogPluginManager: Mounting plugin OpenXRHandTracking
LogPluginManager: Mounting plugin PostSplashScreen
LogPluginManager: Mounting plugin ProceduralMeshComponent
LogPluginManager: Mounting plugin PhysXVehicles
LogPluginManager: Mounting plugin PropertyAccessEditor
LogPluginManager: Mounting plugin RuntimePhysXCooking
LogPluginManager: Mounting plugin Synthesis
LogPluginManager: Mounting plugin SoundFields
LogPluginManager: Mounting plugin SignificanceManager
LogPluginManager: Mounting plugin WebMMoviePlayer
LogPluginManager: Mounting plugin Takes
LogPluginManager: Mounting plugin WindowsMoviePlayer
LogPluginManager: Mounting plugin AudioSynesthesia
LogPluginManager: Mounting plugin CableComponent
LogPluginManager: Mounting plugin ContentBrowserClassDataSource
LogPluginManager: Mounting plugin ContentBrowserFileDataSource
LogPluginManager: Mounting plugin ContentBrowserAssetDataSource
LogPluginManager: Mounting plugin OnlineSubsystemGooglePlay
LogPluginManager: Mounting plugin OnlineSubsystemIOS
LogPluginManager: Mounting plugin OculusVR
LogPluginManager: Mounting plugin SteamVR
PixWinPlugin: PIX capture plugin failed to initialize! Check that the process is launched from PIX.
LogInit: Using libcurl 7.55.1-DEV
LogInit:  - built for x86_64-pc-win32
LogInit:  - supports SSL with OpenSSL/1.1.1
LogInit:  - supports HTTP deflate (compression) using libz 1.2.8
LogInit:  - other features:
LogInit:      CURL_VERSION_SSL
LogInit:      CURL_VERSION_LIBZ
LogInit:      CURL_VERSION_IPV6
LogInit:      CURL_VERSION_ASYNCHDNS
LogInit:      CURL_VERSION_LARGEFILE
LogInit:      CURL_VERSION_IDN
LogInit:  CurlRequestOptions (configurable via config and command line):
LogInit:  - bVerifyPeer = true  - Libcurl will verify peer certificate
LogInit:  - bUseHttpProxy = false  - Libcurl will NOT use HTTP proxy
LogInit:  - bDontReuseConnections = false  - Libcurl will reuse connections
LogInit:  - MaxHostConnections = 16  - Libcurl will limit the number of connections to a host
LogInit:  - LocalHostAddr = Default
LogInit:  - BufferSize = 65536
LogOnline: OSS: Creating online subsystem instance for: NULL
LogInit: WinSock: version 1.1 (2.2), MaxSocks=32767, MaxUdp=65467
LogOnline: OSS: TryLoadSubsystemAndSetDefault: Loaded subsystem for module [NULL]
LogOculusPluginWrapper: OculusPlugin initialized successfully
LogHMD: Failed initializing OVRPlugin 1.59.0
LogInit: Build: ++UE4+Release-4.27-CL-18319896
LogInit: Engine Version: 4.27.2-18319896+++UE4+Release-4.27
LogInit: Compatible Engine Version: 4.27.0-17155196+++UE4+Release-4.27
LogInit: Net CL: 17155196
LogInit: OS: Windows 10 (Release 2009) (), CPU: Intel(R) Core(TM) i7-14700HX, GPU: Intel(R) UHD Graphics
LogInit: Compiled (64-bit): Nov 30 2021 07:12:08
LogInit: Compiled with Visual C++: 19.24.28315.00
LogInit: Build Configuration: Development
LogInit: Branch Name: ++UE4+Release-4.27
LogInit: Command Line: 
LogInit: Base Directory: C:/Program Files/Epic Games/UE_4.27/Engine/Binaries/Win64/
LogInit: Allocator: TBB
LogInit: Installed Engine Build: 1
LogDevObjectVersion: Number of dev versions registered: 29
LogDevObjectVersion:   Dev-Blueprints (B0D832E4-1F89-4F0D-ACCF-7EB736FD4AA2): 10
LogDevObjectVersion:   Dev-Build (E1C64328-A22C-4D53-A36C-8E866417BD8C): 0
LogDevObjectVersion:   Dev-Core (375EC13C-06E4-48FB-B500-84F0262A717E): 4
LogDevObjectVersion:   Dev-Editor (E4B068ED-F494-42E9-A231-DA0B2E46BB41): 40
LogDevObjectVersion:   Dev-Framework (CFFC743F-43B0-4480-9391-14DF171D2073): 37
LogDevObjectVersion:   Dev-Mobile (B02B49B5-BB20-44E9-A304-32B752E40360): 3
LogDevObjectVersion:   Dev-Networking (A4E4105C-59A1-49B5-A7C5-40C4547EDFEE): 0
LogDevObjectVersion:   Dev-Online (39C831C9-5AE6-47DC-9A44-9C173E1C8E7C): 0
LogDevObjectVersion:   Dev-Physics (78F01B33-EBEA-4F98-B9B4-84EACCB95AA2): 14
LogDevObjectVersion:   Dev-Platform (6631380F-2D4D-43E0-8009-CF276956A95A): 0
LogDevObjectVersion:   Dev-Rendering (12F88B9F-8875-4AFC-A67C-D90C383ABD29): 45
LogDevObjectVersion:   Dev-Sequencer (7B5AE74C-D270-4C10-A958-57980B212A5A): 13
LogDevObjectVersion:   Dev-VR (D7296918-1DD6-4BDD-9DE2-64A83CC13884): 3
LogDevObjectVersion:   Dev-LoadTimes (C2A15278-BFE7-4AFE-6C17-90FF531DF755): 1
LogDevObjectVersion:   Private-Geometry (6EACA3D4-40EC-4CC1-B786-8BED09428FC5): 3
LogDevObjectVersion:   Dev-AnimPhys (29E575DD-E0A3-4627-9D10-D276232CDCEA): 17
LogDevObjectVersion:   Dev-Anim (AF43A65D-7FD3-4947-9873-3E8ED9C1BB05): 15
LogDevObjectVersion:   Dev-ReflectionCapture (6B266CEC-1EC7-4B8F-A30B-E4D90942FC07): 1
LogDevObjectVersion:   Dev-Automation (0DF73D61-A23F-47EA-B727-89E90C41499A): 1
LogDevObjectVersion:   FortniteMain (601D1886-AC64-4F84-AA16-D3DE0DEAC7D6): 47
LogDevObjectVersion:   FortniteRelease (E7086368-6B23-4C58-8439-1B7016265E91): 1
LogDevObjectVersion:   Dev-Enterprise (9DFFBCD6-494F-0158-E221-12823C92A888): 10
LogDevObjectVersion:   Dev-Niagara (F2AED0AC-9AFE-416F-8664-AA7FFA26D6FC): 1
LogDevObjectVersion:   Dev-Destruction (174F1F0B-B4C6-45A5-B13F-2EE8D0FB917D): 10
LogDevObjectVersion:   Dev-Physics-Ext (35F94A83-E258-406C-A318-09F59610247C): 41
LogDevObjectVersion:   Dev-PhysicsMaterial-Chaos (B68FC16E-8B1B-42E2-B453-215C058844FE): 1
LogDevObjectVersion:   Dev-CineCamera (B2E18506-4273-CFC2-A54E-F4BB758BBA07): 1
LogDevObjectVersion:   Dev-VirtualProduction (64F58936-FD1B-42BA-BA96-7289D5D0FA4E): 1
LogDevObjectVersion:   Dev-MediaFramework (6F0ED827-A609-4895-9C91-998D90180EA4): 2
LogInit: Presizing for max 25165824 objects, including 0 objects not considered by GC, pre-allocating 0 bytes for permanent pool.
LogConfig: Applying CVar settings from Section [/Script/Engine.StreamingSettings] File [D:/inGGIT/SteelEnclo_LD_BO/MyProject/Saved/Config/Windows/Engine.ini]
LogConfig: Setting CVar [[s.MinBulkDataSizeForAsyncLoading:131072]]
LogConfig: Setting CVar [[s.AsyncLoadingThreadEnabled:0]]
LogConfig: Setting CVar [[s.EventDrivenLoaderEnabled:1]]
LogConfig: Setting CVar [[s.WarnIfTimeLimitExceeded:0]]
LogConfig: Setting CVar [[s.TimeLimitExceededMultiplier:1.5]]
LogConfig: Setting CVar [[s.TimeLimitExceededMinTime:0.005]]
LogConfig: Setting CVar [[s.UseBackgroundLevelStreaming:1]]
LogConfig: Setting CVar [[s.PriorityAsyncLoadingExtraTime:15.0]]
LogConfig: Setting CVar [[s.LevelStreamingActorsUpdateTimeLimit:5.0]]
LogConfig: Setting CVar [[s.PriorityLevelStreamingActorsUpdateExtraTime:5.0]]
LogConfig: Setting CVar [[s.LevelStreamingComponentsRegistrationGranularity:10]]
LogConfig: Setting CVar [[s.UnregisterComponentsTimeLimit:1.0]]
LogConfig: Setting CVar [[s.LevelStreamingComponentsUnregistrationGranularity:5]]
LogConfig: Setting CVar [[s.FlushStreamingOnExit:1]]
LogInit: Object subsystem initialized
LogConfig: Setting CVar [[con.DebugEarlyDefault:1]]
LogConfig: Setting CVar [[r.setres:1280x720]]
[2026.09.18-11.33.14:246][  0]LogConfig: Setting CVar [[r.VSync:0]]
[2026.09.18-11.33.14:246][  0]LogConfig: Setting CVar [[r.RHICmdBypass:0]]
[2026.09.18-11.33.14:246][  0]LogConfig: Applying CVar settings from Section [/Script/Engine.RendererSettings] File [D:/inGGIT/SteelEnclo_LD_BO/MyProject/Saved/Config/Windows/Engine.ini]
[2026.09.18-11.33.14:246][  0]LogConfig: Setting CVar [[r.GPUCrashDebugging:0]]
[2026.09.18-11.33.14:246][  0]LogConfig: Applying CVar settings from Section [/Script/Engine.RendererOverrideSettings] File [D:/inGGIT/SteelEnclo_LD_BO/MyProject/Saved/Config/Windows/Engine.ini]
[2026.09.18-11.33.14:246][  0]LogConfig: Applying CVar settings from Section [/Script/Engine.StreamingSettings] File [D:/inGGIT/SteelEnclo_LD_BO/MyProject/Saved/Config/Windows/Engine.ini]
[2026.09.18-11.33.14:246][  0]LogConfig: Setting CVar [[s.MinBulkDataSizeForAsyncLoading:131072]]
[2026.09.18-11.33.14:246][  0]LogConfig: Setting CVar [[s.AsyncLoadingThreadEnabled:0]]
[2026.09.18-11.33.14:246][  0]LogConfig: Setting CVar [[s.EventDrivenLoaderEnabled:1]]
[2026.09.18-11.33.14:246][  0]LogConfig: Setting CVar [[s.WarnIfTimeLimitExceeded:0]]
[2026.09.18-11.33.14:246][  0]LogConfig: Setting CVar [[s.TimeLimitExceededMultiplier:1.5]]
[2026.09.18-11.33.14:246][  0]LogConfig: Setting CVar [[s.TimeLimitExceededMinTime:0.005]]
[2026.09.18-11.33.14:246][  0]LogConfig: Setting CVar [[s.UseBackgroundLevelStreaming:1]]
[2026.09.18-11.33.14:246][  0]LogConfig: Setting CVar [[s.PriorityAsyncLoadingExtraTime:15.0]]
[2026.09.18-11.33.14:246][  0]LogConfig: Setting CVar [[s.LevelStreamingActorsUpdateTimeLimit:5.0]]
[2026.09.18-11.33.14:246][  0]LogConfig: Setting CVar [[s.PriorityLevelStreamingActorsUpdateExtraTime:5.0]]
[2026.09.18-11.33.14:246][  0]LogConfig: Setting CVar [[s.LevelStreamingComponentsRegistrationGranularity:10]]
[2026.09.18-11.33.14:246][  0]LogConfig: Setting CVar [[s.UnregisterComponentsTimeLimit:1.0]]
[2026.09.18-11.33.14:246][  0]LogConfig: Setting CVar [[s.LevelStreamingComponentsUnregistrationGranularity:5]]
[2026.09.18-11.33.14:246][  0]LogConfig: Setting CVar [[s.FlushStreamingOnExit:1]]
[2026.09.18-11.33.14:246][  0]LogConfig: Applying CVar settings from Section [/Script/Engine.GarbageCollectionSettings] File [D:/inGGIT/SteelEnclo_LD_BO/MyProject/Saved/Config/Windows/Engine.ini]
[2026.09.18-11.33.14:246][  0]LogConfig: Setting CVar [[gc.MaxObjectsNotConsideredByGC:1]]
[2026.09.18-11.33.14:246][  0]LogConfig: Setting CVar [[gc.SizeOfPermanentObjectPool:0]]
[2026.09.18-11.33.14:246][  0]LogConfig: Setting CVar [[gc.FlushStreamingOnGC:0]]
[2026.09.18-11.33.14:246][  0]LogConfig: Setting CVar [[gc.NumRetriesBeforeForcingGC:10]]
[2026.09.18-11.33.14:246][  0]LogConfig: Setting CVar [[gc.AllowParallelGC:1]]
[2026.09.18-11.33.14:246][  0]LogConfig: Setting CVar [[gc.TimeBetweenPurgingPendingKillObjects:61.1]]
[2026.09.18-11.33.14:246][  0]LogConfig: Setting CVar [[gc.MaxObjectsInEditor:25165824]]
[2026.09.18-11.33.14:246][  0]LogConfig: Setting CVar [[gc.IncrementalBeginDestroyEnabled:1]]
[2026.09.18-11.33.14:246][  0]LogConfig: Setting CVar [[gc.CreateGCClusters:1]]
[2026.09.18-11.33.14:246][  0]LogConfig: Setting CVar [[gc.MinGCClusterSize:5]]
[2026.09.18-11.33.14:246][  0]LogConfig: Setting CVar [[gc.ActorClusteringEnabled:0]]
[2026.09.18-11.33.14:246][  0]LogConfig: Setting CVar [[gc.BlueprintClusteringEnabled:0]]
[2026.09.18-11.33.14:246][  0]LogConfig: Setting CVar [[gc.UseDisregardForGCOnDedicatedServers:0]]
[2026.09.18-11.33.14:246][  0]LogConfig: Setting CVar [[gc.MultithreadedDestructionEnabled:1]]
[2026.09.18-11.33.14:246][  0]LogConfig: Applying CVar settings from Section [/Script/Engine.NetworkSettings] File [D:/inGGIT/SteelEnclo_LD_BO/MyProject/Saved/Config/Windows/Engine.ini]
[2026.09.18-11.33.14:246][  0]LogConfig: Applying CVar settings from Section [/Script/UnrealEd.CookerSettings] File [D:/inGGIT/SteelEnclo_LD_BO/MyProject/Saved/Config/Windows/Engine.ini]
[2026.09.18-11.33.14:271][  0]LogConfig: Applying CVar settings from Section [ViewDistanceQuality@3] File [D:/inGGIT/SteelEnclo_LD_BO/MyProject/Saved/Config/Windows/Scalability.ini]
[2026.09.18-11.33.14:272][  0]LogConfig: Setting CVar [[r.SkeletalMeshLODBias:0]]
[2026.09.18-11.33.14:272][  0]LogConfig: Setting CVar [[r.ViewDistanceScale:1.0]]
[2026.09.18-11.33.14:272][  0]LogConfig: Applying CVar settings from Section [AntiAliasingQuality@3] File [D:/inGGIT/SteelEnclo_LD_BO/MyProject/Saved/Config/Windows/Scalability.ini]
[2026.09.18-11.33.14:272][  0]LogConfig: Setting CVar [[r.PostProcessAAQuality:4]]
[2026.09.18-11.33.14:272][  0]LogConfig: Applying CVar settings from Section [ShadowQuality@3] File [D:/inGGIT/SteelEnclo_LD_BO/MyProject/Saved/Config/Windows/Scalability.ini]
[2026.09.18-11.33.14:272][  0]LogConfig: Setting CVar [[r.LightFunctionQuality:1]]
[2026.09.18-11.33.14:272][  0]LogConfig: Setting CVar [[r.ShadowQuality:5]]
[2026.09.18-11.33.14:272][  0]LogConfig: Setting CVar [[r.Shadow.CSM.MaxCascades:10]]
[2026.09.18-11.33.14:272][  0]LogConfig: Setting CVar [[r.Shadow.MaxResolution:2048]]
[2026.09.18-11.33.14:272][  0]LogConfig: Setting CVar [[r.Shadow.MaxCSMResolution:2048]]
[2026.09.18-11.33.14:272][  0]LogConfig: Setting CVar [[r.Shadow.RadiusThreshold:0.01]]
[2026.09.18-11.33.14:272][  0]LogConfig: Setting CVar [[r.Shadow.DistanceScale:1.0]]
[2026.09.18-11.33.14:272][  0]LogConfig: Setting CVar [[r.Shadow.CSM.TransitionScale:1.0]]
[2026.09.18-11.33.14:272][  0]LogConfig: Setting CVar [[r.Shadow.PreShadowResolutionFactor:1.0]]
[2026.09.18-11.33.14:272][  0]LogConfig: Setting CVar [[r.DistanceFieldShadowing:1]]
[2026.09.18-11.33.14:272][  0]LogConfig: Setting CVar [[r.DistanceFieldAO:1]]
[2026.09.18-11.33.14:272][  0]LogConfig: Setting CVar [[r.AOQuality:2]]
[2026.09.18-11.33.14:272][  0]LogConfig: Setting CVar [[r.VolumetricFog:1]]
[2026.09.18-11.33.14:272][  0]LogConfig: Setting CVar [[r.VolumetricFog.GridPixelSize:8]]
[2026.09.18-11.33.14:272][  0]LogConfig: Setting CVar [[r.VolumetricFog.GridSizeZ:128]]
[2026.09.18-11.33.14:272][  0]LogConfig: Setting CVar [[r.VolumetricFog.HistoryMissSupersampleCount:4]]
[2026.09.18-11.33.14:272][  0]LogConfig: Setting CVar [[r.LightMaxDrawDistanceScale:1]]
[2026.09.18-11.33.14:272][  0]LogConfig: Setting CVar [[r.CapsuleShadows:1]]
[2026.09.18-11.33.14:272][  0]LogConfig: Applying CVar settings from Section [PostProcessQuality@3] File [D:/inGGIT/SteelEnclo_LD_BO/MyProject/Saved/Config/Windows/Scalability.ini]
[2026.09.18-11.33.14:272][  0]LogConfig: Setting CVar [[r.MotionBlurQuality:4]]
[2026.09.18-11.33.14:272][  0]LogConfig: Setting CVar [[r.AmbientOcclusionMipLevelFactor:0.4]]
[2026.09.18-11.33.14:272][  0]LogConfig: Setting CVar [[r.AmbientOcclusionMaxQuality:100]]
[2026.09.18-11.33.14:272][  0]LogConfig: Setting CVar [[r.AmbientOcclusionLevels:-1]]
[2026.09.18-11.33.14:272][  0]LogConfig: Setting CVar [[r.AmbientOcclusionRadiusScale:1.0]]
[2026.09.18-11.33.14:272][  0]LogConfig: Setting CVar [[r.DepthOfFieldQuality:2]]
[2026.09.18-11.33.14:272][  0]LogConfig: Setting CVar [[r.RenderTargetPoolMin:400]]
[2026.09.18-11.33.14:272][  0]LogConfig: Setting CVar [[r.LensFlareQuality:2]]
[2026.09.18-11.33.14:272][  0]LogConfig: Setting CVar [[r.SceneColorFringeQuality:1]]
[2026.09.18-11.33.14:272][  0]LogConfig: Setting CVar [[r.EyeAdaptationQuality:2]]
[2026.09.18-11.33.14:272][  0]LogConfig: Setting CVar [[r.BloomQuality:5]]
[2026.09.18-11.33.14:272][  0]LogConfig: Setting CVar [[r.FastBlurThreshold:100]]
[2026.09.18-11.33.14:272][  0]LogConfig: Setting CVar [[r.Upscale.Quality:3]]
[2026.09.18-11.33.14:272][  0]LogConfig: Setting CVar [[r.Tonemapper.GrainQuantization:1]]
[2026.09.18-11.33.14:272][  0]LogConfig: Setting CVar [[r.LightShaftQuality:1]]
[2026.09.18-11.33.14:272][  0]LogConfig: Setting CVar [[r.Filter.SizeScale:1]]
[2026.09.18-11.33.14:272][  0]LogConfig: Setting CVar [[r.Tonemapper.Quality:5]]
[2026.09.18-11.33.14:272][  0]LogConfig: Setting CVar [[r.DOF.Gather.AccumulatorQuality:1        ; higher gathering accumulator quality]]
[2026.09.18-11.33.14:272][  0]LogConfig: Setting CVar [[r.DOF.Gather.PostfilterMethod:1          ; Median3x3 postfilering method]]
[2026.09.18-11.33.14:272][  0]LogConfig: Setting CVar [[r.DOF.Gather.EnableBokehSettings:0       ; no bokeh simulation when gathering]]
[2026.09.18-11.33.14:272][  0]LogConfig: Setting CVar [[r.DOF.Gather.RingCount:4                 ; medium number of samples when gathering]]
[2026.09.18-11.33.14:272][  0]LogConfig: Setting CVar [[r.DOF.Scatter.ForegroundCompositing:1    ; additive foreground scattering]]
[2026.09.18-11.33.14:272][  0]LogConfig: Setting CVar [[r.DOF.Scatter.BackgroundCompositing:2    ; additive background scattering]]
[2026.09.18-11.33.14:272][  0]LogConfig: Setting CVar [[r.DOF.Scatter.EnableBokehSettings:1      ; bokeh simulation when scattering]]
[2026.09.18-11.33.14:272][  0]LogConfig: Setting CVar [[r.DOF.Scatter.MaxSpriteRatio:0.1         ; only a maximum of 10% of scattered bokeh]]
[2026.09.18-11.33.14:272][  0]LogConfig: Setting CVar [[r.DOF.Recombine.Quality:1                ; cheap slight out of focus]]
[2026.09.18-11.33.14:272][  0]LogConfig: Setting CVar [[r.DOF.Recombine.EnableBokehSettings:0    ; no bokeh simulation on slight out of focus]]
[2026.09.18-11.33.14:272][  0]LogConfig: Setting CVar [[r.DOF.TemporalAAQuality:1                ; more stable temporal accumulation]]
[2026.09.18-11.33.14:272][  0]LogConfig: Setting CVar [[r.DOF.Kernel.MaxForegroundRadius:0.025]]
[2026.09.18-11.33.14:272][  0]LogConfig: Setting CVar [[r.DOF.Kernel.MaxBackgroundRadius:0.025]]
[2026.09.18-11.33.14:272][  0]LogConfig: Applying CVar settings from Section [TextureQuality@3] File [D:/inGGIT/SteelEnclo_LD_BO/MyProject/Saved/Config/Windows/Scalability.ini]
[2026.09.18-11.33.14:272][  0]LogConfig: Setting CVar [[r.Streaming.MipBias:0]]
[2026.09.18-11.33.14:272][  0]LogConfig: Setting CVar [[r.Streaming.AmortizeCPUToGPUCopy:0]]
[2026.09.18-11.33.14:272][  0]LogConfig: Setting CVar [[r.Streaming.MaxNumTexturesToStreamPerFrame:0]]
[2026.09.18-11.33.14:272][  0]LogConfig: Setting CVar [[r.Streaming.Boost:1]]
[2026.09.18-11.33.14:272][  0]LogConfig: Setting CVar [[r.MaxAnisotropy:8]]
[2026.09.18-11.33.14:272][  0]LogConfig: Setting CVar [[r.VT.MaxAnisotropy:8]]
[2026.09.18-11.33.14:272][  0]LogConfig: Setting CVar [[r.Streaming.LimitPoolSizeToVRAM:0]]
[2026.09.18-11.33.14:272][  0]LogConfig: Setting CVar [[r.Streaming.PoolSize:1000]]
[2026.09.18-11.33.14:272][  0]LogConfig: Setting CVar [[r.Streaming.MaxEffectiveScreenSize:0]]
[2026.09.18-11.33.14:272][  0]LogConfig: Applying CVar settings from Section [EffectsQuality@3] File [D:/inGGIT/SteelEnclo_LD_BO/MyProject/Saved/Config/Windows/Scalability.ini]
[2026.09.18-11.33.14:272][  0]LogConfig: Setting CVar [[r.TranslucencyLightingVolumeDim:64]]
[2026.09.18-11.33.14:272][  0]LogConfig: Setting CVar [[r.RefractionQuality:2]]
[2026.09.18-11.33.14:272][  0]LogConfig: Setting CVar [[r.SSR.Quality:3]]
[2026.09.18-11.33.14:272][  0]LogConfig: Setting CVar [[r.SSR.HalfResSceneColor:0]]
[2026.09.18-11.33.14:272][  0]LogConfig: Setting CVar [[r.SceneColorFormat:4]]
[2026.09.18-11.33.14:272][  0]LogConfig: Setting CVar [[r.DetailMode:2]]
[2026.09.18-11.33.14:272][  0]LogConfig: Setting CVar [[r.TranslucencyVolumeBlur:1]]
[2026.09.18-11.33.14:272][  0]LogConfig: Setting CVar [[r.MaterialQualityLevel:1 ; High quality]]
[2026.09.18-11.33.14:272][  0]LogConfig: Setting CVar [[r.AnisotropicMaterials:1]]
[2026.09.18-11.33.14:272][  0]LogConfig: Setting CVar [[r.SSS.Scale:1]]
[2026.09.18-11.33.14:272][  0]LogConfig: Setting CVar [[r.SSS.SampleSet:2]]
[2026.09.18-11.33.14:272][  0]LogConfig: Setting CVar [[r.SSS.Quality:1]]
[2026.09.18-11.33.14:272][  0]LogConfig: Setting CVar [[r.SSS.HalfRes:0]]
[2026.09.18-11.33.14:272][  0]LogConfig: Setting CVar [[r.SSGI.Quality:3]]
[2026.09.18-11.33.14:272][  0]LogConfig: Setting CVar [[r.EmitterSpawnRateScale:1.0]]
[2026.09.18-11.33.14:272][  0]LogConfig: Setting CVar [[r.ParticleLightQuality:2]]
[2026.09.18-11.33.14:272][  0]LogConfig: Setting CVar [[r.SkyAtmosphere.AerialPerspectiveLUT.FastApplyOnOpaque:1 ; Always have FastSkyLUT 1 in this case to avoid wrong sky]]
[2026.09.18-11.33.14:272][  0]LogConfig: Setting CVar [[r.SkyAtmosphere.AerialPerspectiveLUT.SampleCountMaxPerSlice:4]]
[2026.09.18-11.33.14:272][  0]LogConfig: Setting CVar [[r.SkyAtmosphere.AerialPerspectiveLUT.DepthResolution:16.0]]
[2026.09.18-11.33.14:272][  0]LogConfig: Setting CVar [[r.SkyAtmosphere.FastSkyLUT:1]]
[2026.09.18-11.33.14:272][  0]LogConfig: Setting CVar [[r.SkyAtmosphere.FastSkyLUT.SampleCountMin:4.0]]
[2026.09.18-11.33.14:272][  0]LogConfig: Setting CVar [[r.SkyAtmosphere.FastSkyLUT.SampleCountMax:128.0]]
[2026.09.18-11.33.14:272][  0]LogConfig: Setting CVar [[r.SkyAtmosphere.SampleCountMin:4.0]]
[2026.09.18-11.33.14:272][  0]LogConfig: Setting CVar [[r.SkyAtmosphere.SampleCountMax:128.0]]
[2026.09.18-11.33.14:272][  0]LogConfig: Setting CVar [[r.SkyAtmosphere.TransmittanceLUT.UseSmallFormat:0]]
[2026.09.18-11.33.14:272][  0]LogConfig: Setting CVar [[r.SkyAtmosphere.TransmittanceLUT.SampleCount:10.0]]
[2026.09.18-11.33.14:272][  0]LogConfig: Setting CVar [[r.SkyAtmosphere.MultiScatteringLUT.SampleCount:15.0]]
[2026.09.18-11.33.14:272][  0]LogConfig: Setting CVar [[r.SkyLight.RealTimeReflectionCapture:1]]
[2026.09.18-11.33.14:272][  0]LogConfig: Applying CVar settings from Section [FoliageQuality@3] File [D:/inGGIT/SteelEnclo_LD_BO/MyProject/Saved/Config/Windows/Scalability.ini]
[2026.09.18-11.33.14:272][  0]LogConfig: Setting CVar [[foliage.DensityScale:1.0]]
[2026.09.18-11.33.14:272][  0]LogConfig: Setting CVar [[grass.DensityScale:1.0]]
[2026.09.18-11.33.14:272][  0]LogConfig: Applying CVar settings from Section [ShadingQuality@3] File [D:/inGGIT/SteelEnclo_LD_BO/MyProject/Saved/Config/Windows/Scalability.ini]
[2026.09.18-11.33.14:272][  0]LogConfig: Setting CVar [[r.HairStrands.SkyLighting.IntegrationType:2]]
[2026.09.18-11.33.14:272][  0]LogConfig: Setting CVar [[r.HairStrands.SkyAO.SampleCount:4]]
[2026.09.18-11.33.14:272][  0]LogConfig: Setting CVar [[r.HairStrands.Visibility.MSAA.SamplePerPixel:4]]
[2026.09.18-11.33.14:272][  0]LogInit: Selected Device Profile: [Windows]
[2026.09.18-11.33.14:272][  0]LogInit: Applying CVar settings loaded from the selected device profile: [Windows]
[2026.09.18-11.33.14:272][  0]LogHAL: Display: Platform has ~ 32 GB [34049220608 / 34359738368 / 32], which maps to Largest [LargestMinGB=32, LargerMinGB=12, DefaultMinGB=8, SmallerMinGB=6, SmallestMinGB=0)
[2026.09.18-11.33.14:272][  0]LogInit: Going up to parent DeviceProfile []
[2026.09.18-11.33.14:272][  0]LogConfig: Applying CVar settings from Section [ViewDistanceQuality@3] File [D:/inGGIT/SteelEnclo_LD_BO/MyProject/Saved/Config/Windows/Scalability.ini]
[2026.09.18-11.33.14:272][  0]LogConfig: Setting CVar [[r.SkeletalMeshLODBias:0]]
[2026.09.18-11.33.14:272][  0]LogConfig: Setting CVar [[r.ViewDistanceScale:1.0]]
[2026.09.18-11.33.14:272][  0]LogConfig: Applying CVar settings from Section [AntiAliasingQuality@3] File [D:/inGGIT/SteelEnclo_LD_BO/MyProject/Saved/Config/Windows/Scalability.ini]
[2026.09.18-11.33.14:272][  0]LogConfig: Setting CVar [[r.PostProcessAAQuality:4]]
[2026.09.18-11.33.14:272][  0]LogConfig: Applying CVar settings from Section [ShadowQuality@3] File [D:/inGGIT/SteelEnclo_LD_BO/MyProject/Saved/Config/Windows/Scalability.ini]
[2026.09.18-11.33.14:272][  0]LogConfig: Setting CVar [[r.LightFunctionQuality:1]]
[2026.09.18-11.33.14:272][  0]LogConfig: Setting CVar [[r.ShadowQuality:5]]
[2026.09.18-11.33.14:272][  0]LogConfig: Setting CVar [[r.Shadow.CSM.MaxCascades:10]]
[2026.09.18-11.33.14:272][  0]LogConfig: Setting CVar [[r.Shadow.MaxResolution:2048]]
[2026.09.18-11.33.14:272][  0]LogConfig: Setting CVar [[r.Shadow.MaxCSMResolution:2048]]
[2026.09.18-11.33.14:272][  0]LogConfig: Setting CVar [[r.Shadow.RadiusThreshold:0.01]]
[2026.09.18-11.33.14:272][  0]LogConfig: Setting CVar [[r.Shadow.DistanceScale:1.0]]
[2026.09.18-11.33.14:272][  0]LogConfig: Setting CVar [[r.Shadow.CSM.TransitionScale:1.0]]
[2026.09.18-11.33.14:272][  0]LogConfig: Setting CVar [[r.Shadow.PreShadowResolutionFactor:1.0]]
[2026.09.18-11.33.14:272][  0]LogConfig: Setting CVar [[r.DistanceFieldShadowing:1]]
[2026.09.18-11.33.14:272][  0]LogConfig: Setting CVar [[r.DistanceFieldAO:1]]
[2026.09.18-11.33.14:272][  0]LogConfig: Setting CVar [[r.AOQuality:2]]
[2026.09.18-11.33.14:272][  0]LogConfig: Setting CVar [[r.VolumetricFog:1]]
[2026.09.18-11.33.14:272][  0]LogConfig: Setting CVar [[r.VolumetricFog.GridPixelSize:8]]
[2026.09.18-11.33.14:272][  0]LogConfig: Setting CVar [[r.VolumetricFog.GridSizeZ:128]]
[2026.09.18-11.33.14:272][  0]LogConfig: Setting CVar [[r.VolumetricFog.HistoryMissSupersampleCount:4]]
[2026.09.18-11.33.14:272][  0]LogConfig: Setting CVar [[r.LightMaxDrawDistanceScale:1]]
[2026.09.18-11.33.14:272][  0]LogConfig: Setting CVar [[r.CapsuleShadows:1]]
[2026.09.18-11.33.14:272][  0]LogConfig: Applying CVar settings from Section [PostProcessQuality@3] File [D:/inGGIT/SteelEnclo_LD_BO/MyProject/Saved/Config/Windows/Scalability.ini]
[2026.09.18-11.33.14:272][  0]LogConfig: Setting CVar [[r.MotionBlurQuality:4]]
[2026.09.18-11.33.14:272][  0]LogConfig: Setting CVar [[r.AmbientOcclusionMipLevelFactor:0.4]]
[2026.09.18-11.33.14:272][  0]LogConfig: Setting CVar [[r.AmbientOcclusionMaxQuality:100]]
[2026.09.18-11.33.14:272][  0]LogConfig: Setting CVar [[r.AmbientOcclusionLevels:-1]]
[2026.09.18-11.33.14:272][  0]LogConfig: Setting CVar [[r.AmbientOcclusionRadiusScale:1.0]]
[2026.09.18-11.33.14:272][  0]LogConfig: Setting CVar [[r.DepthOfFieldQuality:2]]
[2026.09.18-11.33.14:272][  0]LogConfig: Setting CVar [[r.RenderTargetPoolMin:400]]
[2026.09.18-11.33.14:272][  0]LogConfig: Setting CVar [[r.LensFlareQuality:2]]
[2026.09.18-11.33.14:272][  0]LogConfig: Setting CVar [[r.SceneColorFringeQuality:1]]
[2026.09.18-11.33.14:272][  0]LogConfig: Setting CVar [[r.EyeAdaptationQuality:2]]
[2026.09.18-11.33.14:272][  0]LogConfig: Setting CVar [[r.BloomQuality:5]]
[2026.09.18-11.33.14:272][  0]LogConfig: Setting CVar [[r.FastBlurThreshold:100]]
[2026.09.18-11.33.14:272][  0]LogConfig: Setting CVar [[r.Upscale.Quality:3]]
[2026.09.18-11.33.14:272][  0]LogConfig: Setting CVar [[r.Tonemapper.GrainQuantization:1]]
[2026.09.18-11.33.14:272][  0]LogConfig: Setting CVar [[r.LightShaftQuality:1]]
[2026.09.18-11.33.14:272][  0]LogConfig: Setting CVar [[r.Filter.SizeScale:1]]
[2026.09.18-11.33.14:272][  0]LogConfig: Setting CVar [[r.Tonemapper.Quality:5]]
[2026.09.18-11.33.14:272][  0]LogConfig: Setting CVar [[r.DOF.Gather.AccumulatorQuality:1        ; higher gathering accumulator quality]]
[2026.09.18-11.33.14:272][  0]LogConfig: Setting CVar [[r.DOF.Gather.PostfilterMethod:1          ; Median3x3 postfilering method]]
[2026.09.18-11.33.14:272][  0]LogConfig: Setting CVar [[r.DOF.Gather.EnableBokehSettings:0       ; no bokeh simulation when gathering]]
[2026.09.18-11.33.14:272][  0]LogConfig: Setting CVar [[r.DOF.Gather.RingCount:4                 ; medium number of samples when gathering]]
[2026.09.18-11.33.14:272][  0]LogConfig: Setting CVar [[r.DOF.Scatter.ForegroundCompositing:1    ; additive foreground scattering]]
[2026.09.18-11.33.14:272][  0]LogConfig: Setting CVar [[r.DOF.Scatter.BackgroundCompositing:2    ; additive background scattering]]
[2026.09.18-11.33.14:272][  0]LogConfig: Setting CVar [[r.DOF.Scatter.EnableBokehSettings:1      ; bokeh simulation when scattering]]
[2026.09.18-11.33.14:272][  0]LogConfig: Setting CVar [[r.DOF.Scatter.MaxSpriteRatio:0.1         ; only a maximum of 10% of scattered bokeh]]
[2026.09.18-11.33.14:272][  0]LogConfig: Setting CVar [[r.DOF.Recombine.Quality:1                ; cheap slight out of focus]]
[2026.09.18-11.33.14:272][  0]LogConfig: Setting CVar [[r.DOF.Recombine.EnableBokehSettings:0    ; no bokeh simulation on slight out of focus]]
[2026.09.18-11.33.14:272][  0]LogConfig: Setting CVar [[r.DOF.TemporalAAQuality:1                ; more stable temporal accumulation]]
[2026.09.18-11.33.14:272][  0]LogConfig: Setting CVar [[r.DOF.Kernel.MaxForegroundRadius:0.025]]
[2026.09.18-11.33.14:272][  0]LogConfig: Setting CVar [[r.DOF.Kernel.MaxBackgroundRadius:0.025]]
[2026.09.18-11.33.14:272][  0]LogConfig: Applying CVar settings from Section [TextureQuality@3] File [D:/inGGIT/SteelEnclo_LD_BO/MyProject/Saved/Config/Windows/Scalability.ini]
[2026.09.18-11.33.14:272][  0]LogConfig: Setting CVar [[r.Streaming.MipBias:0]]
[2026.09.18-11.33.14:272][  0]LogConfig: Setting CVar [[r.Streaming.AmortizeCPUToGPUCopy:0]]
[2026.09.18-11.33.14:272][  0]LogConfig: Setting CVar [[r.Streaming.MaxNumTexturesToStreamPerFrame:0]]
[2026.09.18-11.33.14:272][  0]LogConfig: Setting CVar [[r.Streaming.Boost:1]]
[2026.09.18-11.33.14:272][  0]LogConfig: Setting CVar [[r.MaxAnisotropy:8]]
[2026.09.18-11.33.14:272][  0]LogConfig: Setting CVar [[r.VT.MaxAnisotropy:8]]
[2026.09.18-11.33.14:272][  0]LogConfig: Setting CVar [[r.Streaming.LimitPoolSizeToVRAM:0]]
[2026.09.18-11.33.14:272][  0]LogConfig: Setting CVar [[r.Streaming.PoolSize:1000]]
[2026.09.18-11.33.14:272][  0]LogConfig: Setting CVar [[r.Streaming.MaxEffectiveScreenSize:0]]
[2026.09.18-11.33.14:272][  0]LogConfig: Applying CVar settings from Section [EffectsQuality@3] File [D:/inGGIT/SteelEnclo_LD_BO/MyProject/Saved/Config/Windows/Scalability.ini]
[2026.09.18-11.33.14:272][  0]LogConfig: Setting CVar [[r.TranslucencyLightingVolumeDim:64]]
[2026.09.18-11.33.14:272][  0]LogConfig: Setting CVar [[r.RefractionQuality:2]]
[2026.09.18-11.33.14:272][  0]LogConfig: Setting CVar [[r.SSR.Quality:3]]
[2026.09.18-11.33.14:272][  0]LogConfig: Setting CVar [[r.SSR.HalfResSceneColor:0]]
[2026.09.18-11.33.14:272][  0]LogConfig: Setting CVar [[r.SceneColorFormat:4]]
[2026.09.18-11.33.14:272][  0]LogConfig: Setting CVar [[r.DetailMode:2]]
[2026.09.18-11.33.14:272][  0]LogConfig: Setting CVar [[r.TranslucencyVolumeBlur:1]]
[2026.09.18-11.33.14:272][  0]LogConfig: Setting CVar [[r.MaterialQualityLevel:1 ; High quality]]
[2026.09.18-11.33.14:272][  0]LogConfig: Setting CVar [[r.AnisotropicMaterials:1]]
[2026.09.18-11.33.14:272][  0]LogConfig: Setting CVar [[r.SSS.Scale:1]]
[2026.09.18-11.33.14:272][  0]LogConfig: Setting CVar [[r.SSS.SampleSet:2]]
[2026.09.18-11.33.14:272][  0]LogConfig: Setting CVar [[r.SSS.Quality:1]]
[2026.09.18-11.33.14:272][  0]LogConfig: Setting CVar [[r.SSS.HalfRes:0]]
[2026.09.18-11.33.14:272][  0]LogConfig: Setting CVar [[r.SSGI.Quality:3]]
[2026.09.18-11.33.14:272][  0]LogConfig: Setting CVar [[r.EmitterSpawnRateScale:1.0]]
[2026.09.18-11.33.14:272][  0]LogConfig: Setting CVar [[r.ParticleLightQuality:2]]
[2026.09.18-11.33.14:272][  0]LogConfig: Setting CVar [[r.SkyAtmosphere.AerialPerspectiveLUT.FastApplyOnOpaque:1 ; Always have FastSkyLUT 1 in this case to avoid wrong sky]]
[2026.09.18-11.33.14:272][  0]LogConfig: Setting CVar [[r.SkyAtmosphere.AerialPerspectiveLUT.SampleCountMaxPerSlice:4]]
[2026.09.18-11.33.14:272][  0]LogConfig: Setting CVar [[r.SkyAtmosphere.AerialPerspectiveLUT.DepthResolution:16.0]]
[2026.09.18-11.33.14:272][  0]LogConfig: Setting CVar [[r.SkyAtmosphere.FastSkyLUT:1]]
[2026.09.18-11.33.14:272][  0]LogConfig: Setting CVar [[r.SkyAtmosphere.FastSkyLUT.SampleCountMin:4.0]]
[2026.09.18-11.33.14:272][  0]LogConfig: Setting CVar [[r.SkyAtmosphere.FastSkyLUT.SampleCountMax:128.0]]
[2026.09.18-11.33.14:272][  0]LogConfig: Setting CVar [[r.SkyAtmosphere.SampleCountMin:4.0]]
[2026.09.18-11.33.14:272][  0]LogConfig: Setting CVar [[r.SkyAtmosphere.SampleCountMax:128.0]]
[2026.09.18-11.33.14:272][  0]LogConfig: Setting CVar [[r.SkyAtmosphere.TransmittanceLUT.UseSmallFormat:0]]
[2026.09.18-11.33.14:272][  0]LogConfig: Setting CVar [[r.SkyAtmosphere.TransmittanceLUT.SampleCount:10.0]]
[2026.09.18-11.33.14:272][  0]LogConfig: Setting CVar [[r.SkyAtmosphere.MultiScatteringLUT.SampleCount:15.0]]
[2026.09.18-11.33.14:272][  0]LogConfig: Setting CVar [[r.SkyLight.RealTimeReflectionCapture:1]]
[2026.09.18-11.33.14:272][  0]LogConfig: Applying CVar settings from Section [FoliageQuality@3] File [D:/inGGIT/SteelEnclo_LD_BO/MyProject/Saved/Config/Windows/Scalability.ini]
[2026.09.18-11.33.14:272][  0]LogConfig: Setting CVar [[foliage.DensityScale:1.0]]
[2026.09.18-11.33.14:272][  0]LogConfig: Setting CVar [[grass.DensityScale:1.0]]
[2026.09.18-11.33.14:272][  0]LogConfig: Applying CVar settings from Section [ShadingQuality@3] File [D:/inGGIT/SteelEnclo_LD_BO/MyProject/Saved/Config/Windows/Scalability.ini]
[2026.09.18-11.33.14:272][  0]LogConfig: Setting CVar [[r.HairStrands.SkyLighting.IntegrationType:2]]
[2026.09.18-11.33.14:272][  0]LogConfig: Setting CVar [[r.HairStrands.SkyAO.SampleCount:4]]
[2026.09.18-11.33.14:272][  0]LogConfig: Setting CVar [[r.HairStrands.Visibility.MSAA.SamplePerPixel:4]]
[2026.09.18-11.33.14:272][  0]LogConfig: Applying CVar settings from Section [Startup] File [../../../Engine/Config/ConsoleVariables.ini]
[2026.09.18-11.33.14:272][  0]LogConfig: Setting CVar [[net.UseAdaptiveNetUpdateFrequency:0]]
[2026.09.18-11.33.14:274][  0]LogConfig: Setting CVar [[p.chaos.AllowCreatePhysxBodies:1]]
[2026.09.18-11.33.14:274][  0]LogConfig: Setting CVar [[fx.SkipVectorVMBackendOptimizations:1]]
[2026.09.18-11.33.14:274][  0]LogConfig: Applying CVar settings from Section [ConsoleVariables] File [D:/inGGIT/SteelEnclo_LD_BO/MyProject/Saved/Config/Windows/Engine.ini]
[2026.09.18-11.33.14:274][  0]LogConfig: Applying CVar settings from Section [ConsoleVariables] File [D:/inGGIT/SteelEnclo_LD_BO/MyProject/Saved/Config/Windows/Editor.ini]
[2026.09.18-11.33.14:274][  0]LogInit: Computer: NYEFFSANOTG
[2026.09.18-11.33.14:274][  0]LogInit: User: jeffr
[2026.09.18-11.33.14:274][  0]LogInit: CPU Page size=4096, Cores=20
[2026.09.18-11.33.14:274][  0]LogInit: High frequency timer resolution =10.000000 MHz
[2026.09.18-11.33.14:274][  0]LogMemory: Memory total: Physical=31.7GB (32GB approx)
[2026.09.18-11.33.14:274][  0]LogMemory: Platform Memory Stats for Windows
[2026.09.18-11.33.14:274][  0]LogMemory: Process Physical Memory: 157.27 MB used, 157.27 MB peak
[2026.09.18-11.33.14:274][  0]LogMemory: Process Virtual Memory: 142.00 MB used, 142.00 MB peak
[2026.09.18-11.33.14:274][  0]LogMemory: Physical Memory: 27140.77 MB used,  5331.09 MB free, 32471.87 MB total
[2026.09.18-11.33.14:274][  0]LogMemory: Virtual Memory: 134207936.00 MB used,  9789.02 MB free, 134217728.00 MB total
[2026.09.18-11.33.14:278][  0]LogWindows: WindowsPlatformFeatures enabled
[2026.09.18-11.33.14:309][  0]LogInit: Physics initialised using underlying interface: PhysX
[2026.09.18-11.33.14:310][  0]LogInit: Using OS detected language (en-US).
[2026.09.18-11.33.14:310][  0]LogInit: Using OS detected locale (en-US).
[2026.09.18-11.33.14:313][  0]LogTextLocalizationManager: No specific localization for 'en-US' exists, so the 'en' localization will be used.
[2026.09.18-11.33.14:430][  0]LogInit: Setting process to per monitor DPI aware
[2026.09.18-11.33.14:453][  0]LogWindowsTextInputMethodSystem: Display: IME system deactivated.
[2026.09.18-11.33.14:465][  0]LogSlate: New Slate User Created.  User Index 0, Is Virtual User: 0
[2026.09.18-11.33.14:466][  0]LogSlate: Slate User Registered.  User Index 0, Is Virtual User: 0
[2026.09.18-11.33.14:548][  0]LogD3D11RHI: Loaded GFSDK_Aftermath_Lib.x64.dll
[2026.09.18-11.33.14:559][  0]LogHMD: Failed to initialize OpenVR with code 110
[2026.09.18-11.33.14:559][  0]LogD3D11RHI: D3D11 min allowed feature level: 11_0
[2026.09.18-11.33.14:559][  0]LogD3D11RHI: D3D11 max allowed feature level: 11_0
[2026.09.18-11.33.14:559][  0]LogD3D11RHI: D3D11 adapters:
[2026.09.18-11.33.14:780][  0]LogD3D11RHI:    0. 'NVIDIA GeForce RTX 4070 Laptop GPU' (Feature Level 11_0)
[2026.09.18-11.33.14:780][  0]LogD3D11RHI:       7948/0/16235 MB DedicatedVideo/DedicatedSystem/SharedSystem, Outputs:2, VendorId:0x10de
[2026.09.18-11.33.14:817][  0]LogD3D11RHI:    1. 'Intel(R) UHD Graphics' (Feature Level 11_0)
[2026.09.18-11.33.14:817][  0]LogD3D11RHI:       128/0/16235 MB DedicatedVideo/DedicatedSystem/SharedSystem, Outputs:1, VendorId:0x8086
[2026.09.18-11.33.14:820][  0]LogD3D11RHI:    2. 'Microsoft Basic Render Driver' (Feature Level 11_0)
[2026.09.18-11.33.14:820][  0]LogD3D11RHI:       0/0/16235 MB DedicatedVideo/DedicatedSystem/SharedSystem, Outputs:0, VendorId:0x1414
[2026.09.18-11.33.14:820][  0]LogD3D11RHI: Chosen D3D11 Adapter:
[2026.09.18-11.33.14:820][  0]LogD3D11RHI:     Description : NVIDIA GeForce RTX 4070 Laptop GPU
[2026.09.18-11.33.14:820][  0]LogD3D11RHI:     VendorId    : 10de
[2026.09.18-11.33.14:820][  0]LogD3D11RHI:     DeviceId    : 2860
[2026.09.18-11.33.14:820][  0]LogD3D11RHI:     SubSysId    : 172d1025
[2026.09.18-11.33.14:820][  0]LogD3D11RHI:     Revision    : 00a1
[2026.09.18-11.33.14:820][  0]LogD3D11RHI:     DedicatedVideoMemory : 8334082048 bytes
[2026.09.18-11.33.14:820][  0]LogD3D11RHI:     DedicatedSystemMemory : 0 bytes
[2026.09.18-11.33.14:820][  0]LogD3D11RHI:     SharedSystemMemory : 17024610304 bytes
[2026.09.18-11.33.14:820][  0]LogD3D11RHI:     AdapterLuid : 10 239515127
[2026.09.18-11.33.14:853][  0]LogD3D11RHI: Creating new Direct3DDevice
[2026.09.18-11.33.14:853][  0]LogD3D11RHI:     GPU DeviceId: 0x2860 (for the marketing name, search the web for "GPU Device Id")
[2026.09.18-11.33.14:853][  0]LogWindows: EnumDisplayDevices:
[2026.09.18-11.33.14:853][  0]LogWindows:    0. 'Intel(R) UHD Graphics' (P:0 D:1)
[2026.09.18-11.33.14:853][  0]LogWindows:    1. 'Intel(R) UHD Graphics' (P:0 D:0)
[2026.09.18-11.33.14:854][  0]LogWindows:    2. 'Intel(R) UHD Graphics' (P:0 D:0)
[2026.09.18-11.33.14:854][  0]LogWindows:    3. 'Intel(R) UHD Graphics' (P:0 D:0)
[2026.09.18-11.33.14:854][  0]LogWindows:    4. 'NVIDIA GeForce RTX 4070 Laptop GPU' (P:1 D:1)
[2026.09.18-11.33.14:854][  0]LogWindows:    5. 'NVIDIA GeForce RTX 4070 Laptop GPU' (P:0 D:1)
[2026.09.18-11.33.14:854][  0]LogWindows:    6. 'NVIDIA GeForce RTX 4070 Laptop GPU' (P:0 D:0)
[2026.09.18-11.33.14:854][  0]LogWindows:    7. 'NVIDIA GeForce RTX 4070 Laptop GPU' (P:0 D:0)
[2026.09.18-11.33.14:854][  0]LogWindows: DebugString: PrimaryIsNotTheChoosenAdapter PrimaryIsNotTheChoosenAdapter PrimaryIsNotTheChoosenAdapter PrimaryIsNotTheChoosenAdapter FoundDriverCount:4 
[2026.09.18-11.33.14:854][  0]LogD3D11RHI:     Adapter Name: NVIDIA GeForce RTX 4070 Laptop GPU
[2026.09.18-11.33.14:854][  0]LogD3D11RHI:   Driver Version: 616.56 (internal:32.0.16.1656, unified:616.56)
[2026.09.18-11.33.14:854][  0]LogD3D11RHI:      Driver Date: 8-20-2026
[2026.09.18-11.33.14:854][  0]LogRHI: Texture pool is 5563 MB (70% of 7948 MB)
[2026.09.18-11.33.14:854][  0]LogD3D11RHI: Creating D3DDevice using adapter:
[2026.09.18-11.33.14:854][  0]LogD3D11RHI:     Description : NVIDIA GeForce RTX 4070 Laptop GPU
[2026.09.18-11.33.14:854][  0]LogD3D11RHI:     VendorId    : 10de
[2026.09.18-11.33.14:854][  0]LogD3D11RHI:     DeviceId    : 2860
[2026.09.18-11.33.14:854][  0]LogD3D11RHI:     SubSysId    : 172d1025
[2026.09.18-11.33.14:854][  0]LogD3D11RHI:     Revision    : 00a1
[2026.09.18-11.33.14:854][  0]LogD3D11RHI:     DedicatedVideoMemory : 8334082048 bytes
[2026.09.18-11.33.14:854][  0]LogD3D11RHI:     DedicatedSystemMemory : 0 bytes
[2026.09.18-11.33.14:854][  0]LogD3D11RHI:     SharedSystemMemory : 17024610304 bytes
[2026.09.18-11.33.14:854][  0]LogD3D11RHI:     AdapterLuid : 10 239515127
[2026.09.18-11.33.14:992][  0]LogD3D11RHI: RHI has support for 64 bit atomics
[2026.09.18-11.33.14:993][  0]LogD3D11RHI: Async texture creation enabled
[2026.09.18-11.33.14:993][  0]LogD3D11RHI: Array index from any shader is supported
[2026.09.18-11.33.14:993][  0]LogD3D11RHI: HDR output is supported on display 0 (NvId: 0x80061081).
[2026.09.18-11.33.15:013][  0]LogD3D11RHI: GPU Timing Frequency: 1000.000000 (Debug: 2 2)
[2026.09.18-11.33.15:035][  0]LogRHI: GeForceNow SDK initialized: 1
[2026.09.18-11.33.15:257][  0]LogTargetPlatformManager: Display: Loaded TargetPlatform 'AllDesktop'
[2026.09.18-11.33.15:269][  0]LogTargetPlatformManager: Display: Loaded TargetPlatform 'Android'
[2026.09.18-11.33.15:269][  0]LogTargetPlatformManager: Display: Loaded TargetPlatform 'Android_ASTC'
[2026.09.18-11.33.15:269][  0]LogTargetPlatformManager: Display: Loaded TargetPlatform 'Android_DXT'
[2026.09.18-11.33.15:269][  0]LogTargetPlatformManager: Display: Loaded TargetPlatform 'Android_ETC2'
[2026.09.18-11.33.15:269][  0]LogTargetPlatformManager: Display: Loaded TargetPlatform 'AndroidClient'
[2026.09.18-11.33.15:269][  0]LogTargetPlatformManager: Display: Loaded TargetPlatform 'Android_ASTCClient'
[2026.09.18-11.33.15:269][  0]LogTargetPlatformManager: Display: Loaded TargetPlatform 'Android_DXTClient'
[2026.09.18-11.33.15:269][  0]LogTargetPlatformManager: Display: Loaded TargetPlatform 'Android_ETC2Client'
[2026.09.18-11.33.15:269][  0]LogTargetPlatformManager: Display: Loaded TargetPlatform 'Android_Multi'
[2026.09.18-11.33.15:269][  0]LogTargetPlatformManager: Display: Loaded TargetPlatform 'Android_MultiClient'
[2026.09.18-11.33.15:280][  0]LogTargetPlatformManager: Display: Loaded TargetPlatform 'IOSClient'
[2026.09.18-11.33.15:280][  0]LogTargetPlatformManager: Display: Loaded TargetPlatform 'IOS'
[2026.09.18-11.33.15:286][  0]LogTargetPlatformManager: Display: Loaded TargetPlatform 'Linux'
[2026.09.18-11.33.15:288][  0]LogTargetPlatformManager: Display: Loaded TargetPlatform 'LinuxNoEditor'
[2026.09.18-11.33.15:290][  0]LogTargetPlatformManager: Display: Loaded TargetPlatform 'LinuxClient'
[2026.09.18-11.33.15:292][  0]LogTargetPlatformManager: Display: Loaded TargetPlatform 'LinuxServer'
[2026.09.18-11.33.15:298][  0]LogTargetPlatformManager: Display: Loaded TargetPlatform 'LinuxAArch64NoEditor'
[2026.09.18-11.33.15:301][  0]LogTargetPlatformManager: Display: Loaded TargetPlatform 'LinuxAArch64Client'
[2026.09.18-11.33.15:304][  0]LogTargetPlatformManager: Display: Loaded TargetPlatform 'LinuxAArch64Server'
[2026.09.18-11.33.15:318][  0]LogTargetPlatformManager: Display: Loaded TargetPlatform 'Lumin'
[2026.09.18-11.33.15:318][  0]LogTargetPlatformManager: Display: Loaded TargetPlatform 'LuminClient'
[2026.09.18-11.33.15:323][  0]LogTargetPlatformManager: Display: Loaded TargetPlatform 'MacNoEditor'
[2026.09.18-11.33.15:326][  0]LogTargetPlatformManager: Display: Loaded TargetPlatform 'Mac'
[2026.09.18-11.33.15:328][  0]LogTargetPlatformManager: Display: Loaded TargetPlatform 'MacClient'
[2026.09.18-11.33.15:330][  0]LogTargetPlatformManager: Display: Loaded TargetPlatform 'MacServer'
[2026.09.18-11.33.15:337][  0]LogTargetPlatformManager: Display: Loaded TargetPlatform 'TVOSClient'
[2026.09.18-11.33.15:337][  0]LogTargetPlatformManager: Display: Loaded TargetPlatform 'TVOS'
[2026.09.18-11.33.15:342][  0]LogTargetPlatformManager: Display: Loaded TargetPlatform 'WindowsNoEditor'
[2026.09.18-11.33.15:344][  0]LogTargetPlatformManager: Display: Loaded TargetPlatform 'Windows'
[2026.09.18-11.33.15:347][  0]LogTargetPlatformManager: Display: Loaded TargetPlatform 'WindowsClient'
[2026.09.18-11.33.15:350][  0]LogTargetPlatformManager: Display: Loaded TargetPlatform 'WindowsServer'
[2026.09.18-11.33.15:350][  0]LogTargetPlatformManager: Display: Building Assets For Windows
[2026.09.18-11.33.15:354][  0]LogAudioDebug: Display: Lib vorbis DLL was dynamically loaded.
[2026.09.18-11.33.15:372][  0]LogTextureFormatOodle: Display: Oodle Texture 2.9.0 init RDO Off
[2026.09.18-11.33.15:392][  0]LogRendererCore: Ray tracing is disabled. Reason: r.RayTracing=0.
[2026.09.18-11.33.15:393][  0]LogShaderCompilers: Guid format shader working directory is 8 characters bigger than the processId version (D:/inGGIT/SteelEnclo_LD_BO/MyProject/Intermediate/Shaders/WorkingDirectory/508424/).
[2026.09.18-11.33.15:393][  0]LogShaderCompilers: Cleaned the shader compiler working directory 'C:/Users/jeffr/AppData/Local/Temp/UnrealShaderWorkingDir/5A90442F410F339E267C568ED35E8D88/'.
[2026.09.18-11.33.15:393][  0]LogXGEController: Cannot use XGE Controller as Incredibuild is not installed on this machine.
[2026.09.18-11.33.15:393][  0]LogShaderCompilers: Cannot use XGE Shader Compiler as Incredibuild is not installed on this machine.
[2026.09.18-11.33.15:393][  0]LogShaderCompilers: Display: Using Local Shader Compiler.
[2026.09.18-11.33.15:846][  0]LogDerivedDataCache: Display: Max Cache Size: 512 MB
[2026.09.18-11.33.15:885][  0]LogDerivedDataCache: Loaded boot cache 0.04s 94MB C:/Users/jeffr/AppData/Local/UnrealEngine/4.27/DerivedDataCache/Boot.ddc.
[2026.09.18-11.33.15:885][  0]LogDerivedDataCache: Display: Loaded Boot cache: C:/Users/jeffr/AppData/Local/UnrealEngine/4.27/DerivedDataCache/Boot.ddc
[2026.09.18-11.33.15:885][  0]LogDerivedDataCache: FDerivedDataBackendGraph:  Pak pak cache file D:/inGGIT/SteelEnclo_LD_BO/MyProject/DerivedDataCache/DDC.ddp not found, will not use a pak cache.
[2026.09.18-11.33.15:885][  0]LogDerivedDataCache: Unable to find inner node Pak for hierarchical cache Hierarchy.
[2026.09.18-11.33.15:885][  0]LogDerivedDataCache: FDerivedDataBackendGraph:  CompressedPak pak cache file D:/inGGIT/SteelEnclo_LD_BO/MyProject/DerivedDataCache/Compressed.ddp not found, will not use a pak cache.
[2026.09.18-11.33.15:885][  0]LogDerivedDataCache: Unable to find inner node CompressedPak for hierarchical cache Hierarchy.
[2026.09.18-11.33.15:896][  0]LogDerivedDataCache: Display: Pak cache opened for reading ../../../Engine/DerivedDataCache/Compressed.ddp.
[2026.09.18-11.33.15:896][  0]LogDerivedDataCache: FDerivedDataBackendGraph:  EnterprisePak pak cache file ../../../Enterprise/DerivedDataCache/Compressed.ddp not found, will not use a pak cache.
[2026.09.18-11.33.15:896][  0]LogDerivedDataCache: Unable to find inner node EnterprisePak for hierarchical cache Hierarchy.
[2026.09.18-11.33.15:905][  0]LogDerivedDataCache: Speed tests for C:/Users/jeffr/AppData/Local/UnrealEngine/Common/DerivedDataCache took 0.01 seconds
[2026.09.18-11.33.15:906][  0]LogDerivedDataCache: Display: Performance to C:/Users/jeffr/AppData/Local/UnrealEngine/Common/DerivedDataCache: Latency=0.02ms. RandomReadSpeed=1988.63MBs, RandomWriteSpeed=113.48MBs. Assigned SpeedClass 'Local'
[2026.09.18-11.33.15:907][  0]LogDerivedDataCache: Using Local data cache path C:/Users/jeffr/AppData/Local/UnrealEngine/Common/DerivedDataCache: Writable
[2026.09.18-11.33.15:907][  0]LogDerivedDataCache: Shared data cache path not found in *engine.ini, will not use an Shared cache.
[2026.09.18-11.33.15:907][  0]LogDerivedDataCache: Unable to find inner node Shared for hierarchical cache Hierarchy.
[2026.09.18-11.33.15:932][  0]LogSlate: Using FreeType 2.10.0
[2026.09.18-11.33.15:932][  0]LogSlate: SlateFontServices - WITH_FREETYPE: 1, WITH_HARFBUZZ: 1
[2026.09.18-11.33.15:949][  0]LogAssetRegistry: FAssetRegistry took 0.0021 seconds to start up
[2026.09.18-11.33.16:076][  0]LogInit: Selected Device Profile: [Windows]
[2026.09.18-11.33.16:076][  0]LogInit: Active device profile: [0000017C7D6DF500][0000017C7CC716C0 49] Windows
[2026.09.18-11.33.16:076][  0]LogInit: Profiles: [0000017C7D6DF500][0000017C7CC716C0 49] Windows, [0000017C7D698D00][0000017C7CC79840 49] WindowsNoEditor, [0000017C7D6DCD00][0000017C7CC7D9C0 49] WindowsServer, [0000017C7D69AD00][0000017C7CC81B40 49] WindowsClient, [0000017C7D6DEC00][0000017C7CC84140 49] IOS, [0000017C7D699600][0000017C7CC882C0 49] iPadAir, [0000017C7D6DD500][0000017C7CC8C440 49] iPadAir2, [0000017C7D647C00][0000017C7CC90680 49] IPadPro, [0000017C7D647D00][0000017C7CC746C0 49] iPadAir3, [0000017C7D6DE600][0000017C7CC94800 49] iPadAir4, [0000017C7D645200][0000017C7CC98940 49] iPadMini2, [0000017C7D6DDA00][0000017C7CCA0AC0 49] iPadMini3, [0000017C7D646700][0000017C7CCA4C40 49] iPadMini4, [0000017C7D6DC800][0000017C7CCA8DC0 49] iPadMini5, [0000017C7D693500][0000017C7CCB1080 49] iPhone6, [0000017C7D693600][0000017C7CCAD0C0 49] iPodTouch6, [0000017C7D644200][0000017C7CCB9380 49] iPhone7, [0000017C7D644100][0000017C7CCB53C0 49] iPodTouch7, [0000017C7D691100][0000017C7CCBD540 49] iPhone5S, [0000017C7D644B00][0000017C7DCD16C0 49] iPhone6Plus, [0000017C7D692800][0000017C7DCD5840 49] iPhone6S, [0000017C7D645000][0000017C7DCD99C0 49] iPhone6SPlus, [0000017C7D691900][0000017C7DCDDB40 49] iPhone7Plus, [0000017C7D646400][0000017C7DCE0140 49] iPhoneSE, [0000017C7D693900][0000017C7DCE42C0 49] iPhone8, [0000017C7D647700][0000017C7DCE8440 49] iPhone8Plus, [0000017C7D692D00][0000017C7DCEC5C0 49] iPhoneX, [0000017C7D647E00][0000017C7DCF0740 49] iPhoneXS, [0000017C7D691200][0000017C7CC9C880 49] iPhoneXSMax, [0000017C7D644D00][0000017C7DCF49C0 49] iPhoneXR, [0000017C7D690B00][0000017C7DCF8B00 49] iPhone11, [0000017C7D646800][0000017C7DD00C80 49] iPhone11Pro, [0000017C7D692F00][0000017C7DD04E00 49] iPhone11ProMax, [0000017C7D646900][0000017C7DD08F80 49] iPhoneSE2, [0000017C7D691600][0000017C7DD0D100 49] iPhone12Mini, [0000017C7D647F00][0000017C7DD11280 49] iPhone12, [0000017C7D690100][0000017C7DD15400 49] iPhone12Pro, [0000017C7D646600][0000017C7DD19580 49] iPhone12ProMax, [0000017C7D692300][0000017C7DD1D700 49] iPadPro105, [0000017C7D645500][0000017C7DD21880 49] iPadPro129, [0000017C7D692600][0000017C7DD25A00 49] iPadPro97, [0000017C7D645800][0000017C7DD29B80 49] iPadPro2_129, [0000017C7D691B00][0000017C7DD2C180 49] iPad5, [0000017C7D647600][0000017C7DD30300 49] iPad6, [0000017C7D691300][0000017C7DD34480 49] iPad7, [0000017C7D646E00][0000017C7DD38600 49] iPad8, [0000017C7D691F00][0000017C7DD3C780 49] iPadPro11, [0000017C7D647300][0000017C7DD40900 49] iPadPro2_11, [0000017C7D690500][0000017C7DCFCA40 49] iPadPro3_129, [0000017C7D645700][0000017C7DD44B80 49] iPadPro4_129, [0000017C7D692700][0000017C7DD48CC0 49] AppleTV, [0000017C7D645F00][0000017C7DD50E40 49] AppleTV4K, [0000017C7D693700][0000017C7DD54FC0 49] TVOS, [0000017C7D647900][0000017C7DD59140 49] Mac, [0000017C7D690A00][0000017C7DD5D2C0 49] MacClient, [0000017C7D646500][0000017C7DD61440 49] MacNoEditor, [0000017C7D690F00][0000017C7DD655C0 49] MacServer, [0000017C7D647100][0000017C7DD69740 49] Linux, [0000017C7D691500][0000017C7DD6D8C0 49] LinuxAArch64, [0000017C7D644600][0000017C7DD71A40 49] LinuxNoEditor, [0000017C7D693000][0000017C7DD75BC0 49] LinuxAArch64NoEditor, [0000017C7D645100][0000017C7DD781C0 49] LinuxClient, [0000017C7D69B400][0000017C7DD7C340 49] LinuxAArch64Client, [0000017C7D722000][0000017C7DD804C0 49] LinuxServer, [0000017C7D69A400][0000017C7DD84640 49] LinuxAArch64Server, [0000017C7D721600][0000017C7DD887C0 49] Android, [0000017C7D699E00][0000017C7DD8C940 49] Android_Low, [0000017C7D721900][0000017C7DD90AC0 49] Android_Mid, [0000017C7D698100][0000017C7DD4CC00 49] Android_High, [0000017C7D720700][0000017C7DD94D40 49] Android_Default, [0000017C7D699300][0000017C7DD98E80 49] Android_Adreno4xx, [0000017C7D721A00][0000017C7DD9CFC0 49] Android_Adreno5xx_Low, [0000017C7D698C00][0000017C7DDA5140 49] Android_Adreno5xx, [0000017C7D720A00][0000017C7DDA92C0 49] Android_Adreno6xx, [0000017C7D699500][0000017C7DDAD440 49] Android_Adreno6xx_Vulkan, [0000017C7D721500][0000017C7DDB15C0 49] Android_Mali_T6xx, [0000017C7D69A100][0000017C7DDB5740 49] Android_Mali_T7xx, [0000017C7D721E00][0000017C7DDB98C0 49] Android_Mali_T8xx, [0000017C7D698400][0000017C7DDBDA40 49] Android_Mali_G71, [0000017C7D722300][0000017C7DDC1BC0 49] Android_Mali_G72, [0000017C7D699900][0000017C7DDC41C0 49] Android_Mali_G72_Vulkan, [0000017C7D720600][0000017C7DDC8340 49] Android_Mali_G76, [0000017C7D69BA00][0000017C7DDCC4C0 49] Android_Mali_G76_Vulkan, [0000017C7D721D00][0000017C7DDD0640 49] Android_Mali_G77, [0000017C7D646C00][0000017C7DDD47C0 49] Android_Mali_G77_Vulkan, [0000017C7D693E00][0000017C7DDD8940 49] Android_Mali_G78, [0000017C7D647B00][0000017C7DDDCAC0 49] Android_Mali_G78_Vulkan, [0000017C7D691400][0000017C7DE2AC40 49] Android_Mali_G710, [0000017C7D646200][0000017C7DDA0D80 49] Android_Mali_G710_Vulkan, [0000017C7D692500][0000017C7DE88EC0 49] Android_Vulkan_SM5, [0000017C7D644700][0000017C7DEFD000 49] Android_PowerVR_G6xxx, [0000017C7D721C00][0000017C7DF01140 49] Android_PowerVR_GT7xxx, [0000017C7D644A00][0000017C7DF152C0 49] Android_PowerVR_GE8xxx, [0000017C7D720900][0000017C7DFA9440 49] Android_PowerVR_GM9xxx, [0000017C7D646F00][0000017C7273B5C0 49] Android_PowerVR_GM9xxx_Vulkan, [0000017C7D720E00][0000017C72793740 49] Android_TegraK1, [0000017C7D644300][0000017C727978C0 49] Android_Unknown_Vulkan, [0000017C7D721B00][0000017C7279BA40 49] Lumin, [0000017C7D645C00][0000017C7279FBC0 49] Lumin_Desktop, [0000017C7D720400][0000017C727A21C0 49] HoloLens, 
[2026.09.18-11.33.16:150][  0]LogMeshReduction: Using QuadricMeshReduction for automatic static mesh reduction
[2026.09.18-11.33.16:150][  0]LogMeshReduction: Using SimplygonMeshReduction for automatic skeletal mesh reduction
[2026.09.18-11.33.16:150][  0]LogMeshReduction: Using ProxyLODMeshReduction for automatic mesh merging
[2026.09.18-11.33.16:150][  0]LogMeshReduction: No distributed automatic mesh merging module available
[2026.09.18-11.33.16:150][  0]LogMeshMerging: No distributed automatic mesh merging module available
[2026.09.18-11.33.16:160][  0]LogNetVersion: MyProject 1.0.0, NetCL: 17155196, EngineNetVer: 17, GameNetVer: 0 (Checksum: 3629800737)
[2026.09.18-11.33.16:384][  0]LogTexture: Default maximum texture size for cubemaps generated from long-lat sources has been changed from 512 to unlimited. In order to preserve old behaiour for '/Engine/MapTemplates/Sky/DaylightAmbientCubemap.DaylightAmbientCubemap', its maximum texture size has been explicitly set to 512.
[2026.09.18-11.33.16:417][  0]LogHMD: PokeAHoleMaterial loaded successfully
[2026.09.18-11.33.16:420][  0]LogUObjectArray: 17181 objects as part of root set at end of initial load.
[2026.09.18-11.33.16:420][  0]LogUObjectAllocator: 4302752 out of 0 bytes used by permanent object pool.
[2026.09.18-11.33.16:420][  0]LogUObjectArray: CloseDisregardForGC: 0/0 objects in disregard for GC pool
[2026.09.18-11.33.16:521][  0]LogNiagaraDebuggerClient: Niagara Debugger Client Initialized | Session: D51B206E48E0E14710DD718B3EBD46E7 | Instance: B198710C42CA35D432D70486903529BA (NYEFFSANOTG-508424).
[2026.09.18-11.33.16:652][  0]LogPython: Using Python 3.7.7
[2026.09.18-11.33.16:934][  0]LogTcpMessaging: Initializing TcpMessaging bridge
[2026.09.18-11.33.16:937][  0]LogUdpMessaging: Initializing bridge on interface 0.0.0.0:0 to multicast group 230.0.0.1:6666.
[2026.09.18-11.33.17:032][  0]SourceControl: Source control is disabled
[2026.09.18-11.33.17:032][  0]SourceControl: Source control is disabled
[2026.09.18-11.33.17:034][  0]SourceControl: Source control is disabled
[2026.09.18-11.33.17:036][  0]SourceControl: Source control is disabled
[2026.09.18-11.33.17:040][  0]SourceControl: Source control is disabled
[2026.09.18-11.33.17:047][  0]LogUProjectInfo: Found projects:
[2026.09.18-11.33.17:172][  0]LogOpenImageDenoise: OIDN starting up
[2026.09.18-11.33.17:197][  0]LogAndroidPermission: UAndroidPermissionCallbackProxy::GetInstance
[2026.09.18-11.33.17:234][  0]LogAudioCaptureCore: Display: No Audio Capture implementations found. Audio input will be silent.
[2026.09.18-11.33.17:234][  0]LogAudioCaptureCore: Display: No Audio Capture implementations found. Audio input will be silent.
[2026.09.18-11.33.17:304][  0]LogCollectionManager: Loaded 0 collections in 0.001450 seconds
[2026.09.18-11.33.17:323][  0]LogFileCache: Scanning file cache for directory 'D:/inGGIT/SteelEnclo_LD_BO/MyProject/Saved/Collections/' took 0.00s
[2026.09.18-11.33.17:323][  0]LogFileCache: Scanning file cache for directory 'D:/inGGIT/SteelEnclo_LD_BO/MyProject/Content/Developers/jeffr/Collections/' took 0.00s
[2026.09.18-11.33.17:323][  0]LogFileCache: Scanning file cache for directory 'D:/inGGIT/SteelEnclo_LD_BO/MyProject/Content/Collections/' took 0.00s
[2026.09.18-11.33.17:323][  0]LogOcInput: OculusInput pre-init called
[2026.09.18-11.33.17:485][  0]LogEngine: Initializing Engine...
[2026.09.18-11.33.17:487][  0]LogHMD: Failed to enumerate extensions. Please check that you have a valid OpenXR runtime installed.
[2026.09.18-11.33.17:487][  0]LogHMD: Failed to initialize OpenVR with code 110
[2026.09.18-11.33.17:487][  0]LogMagicLeap: Warning: VR disabled because ZI is not enabled.  To enable, in the editor, Edit -> Project Settings -> Plugins -> Magic Leap Plugin -> Enable Zero Iteration
[2026.09.18-11.33.17:488][  0]LogStats: UGameplayTagsManager::InitializeManager -  0.000 s
[2026.09.18-11.33.17:562][  0]LogInit: Initializing FReadOnlyCVARCache
[2026.09.18-11.33.17:568][  0]LogAIModule: Creating AISystem for world Untitled
[2026.09.18-11.33.17:569][  0]LogAudio: Display: Initializing Audio Device Manager...
[2026.09.18-11.33.17:572][  0]LogAudio: Display: Loading Default Audio Settings Objects...
[2026.09.18-11.33.17:572][  0]LogAudio: Display: No default SoundConcurrencyObject specified (or failed to load).
[2026.09.18-11.33.17:572][  0]LogAudio: Display: Audio Device Manager Initialized
[2026.09.18-11.33.17:572][  0]LogAudio: Display: Creating Audio Device:                 Id: 1, Scope: Shared, Realtime: True
[2026.09.18-11.33.17:572][  0]LogAudioMixer: Display: Audio Mixer Platform Settings:
[2026.09.18-11.33.17:572][  0]LogAudioMixer: Display: 	Sample Rate:						  48000
[2026.09.18-11.33.17:572][  0]LogAudioMixer: Display: 	Callback Buffer Frame Size Requested: 1024
[2026.09.18-11.33.17:572][  0]LogAudioMixer: Display: 	Callback Buffer Frame Size To Use:	  1024
[2026.09.18-11.33.17:572][  0]LogAudioMixer: Display: 	Number of buffers to queue:			  2
[2026.09.18-11.33.17:572][  0]LogAudioMixer: Display: 	Max Channels (voices):				  32
[2026.09.18-11.33.17:572][  0]LogAudioMixer: Display: 	Number of Async Source Workers:		  0
[2026.09.18-11.33.17:573][  0]LogAudio: Display: AudioDevice MaxSources: 32
[2026.09.18-11.33.17:573][  0]LogAudio: Display: Audio Spatialization Plugin: None (built-in).
[2026.09.18-11.33.17:573][  0]LogAudio: Display: Audio Reverb Plugin: None (built-in).
[2026.09.18-11.33.17:573][  0]LogAudio: Display: Audio Occlusion Plugin: None (built-in).
[2026.09.18-11.33.17:573][  0]LogAudioMixer: Display: Initializing audio mixer.
[2026.09.18-11.33.17:586][  0]LogAudioMixer: Display: 0: FrontLeft
[2026.09.18-11.33.17:586][  0]LogAudioMixer: Display: 1: FrontRight
[2026.09.18-11.33.17:605][  0]LogAudioMixer: Display: Using Audio Device Headphones (Intel® Smart Sound Technology for Bluetooth® Audio)
[2026.09.18-11.33.17:606][  0]LogAudioMixer: Display: Initializing Sound Submixes...
[2026.09.18-11.33.17:608][  0]LogAudioMixer: Display: Creating Master Submix 'MasterSubmixDefault'
[2026.09.18-11.33.17:608][  0]LogAudioMixer: Display: Creating Master Submix 'MasterReverbSubmixDefault'
[2026.09.18-11.33.17:609][  0]LogAudioMixer: Display: Creating Master Submix 'MasterEQSubmixDefault'
[2026.09.18-11.33.17:609][  0]LogAudioMixer: FMixerPlatformXAudio2::StartAudioStream() called
[2026.09.18-11.33.17:609][  0]LogAudioMixer: Display: Output buffers initialized: Frames=1024, Channels=2, Samples=2048
[2026.09.18-11.33.17:611][  0]LogAudioMixer: Display: Starting AudioMixerPlatformInterface::RunInternal()
[2026.09.18-11.33.17:611][  0]LogAudioMixer: Display: FMixerPlatformXAudio2::SubmitBuffer() called for the first time
[2026.09.18-11.33.17:611][  0]LogInit: FAudioDevice initialized.
[2026.09.18-11.33.17:611][  0]LogAudio: Display: Audio Device (ID: 1) registered with world 'Untitled'.
[2026.09.18-11.33.17:611][  0]LogNetVersion: Set ProjectVersion to 1.0.0.0. Version Checksum will be recalculated on next use.
[2026.09.18-11.33.17:681][  0]LogDerivedDataCache: Saved boot cache 0.07s 94MB C:/Users/jeffr/AppData/Local/UnrealEngine/4.27/DerivedDataCache/Boot.ddc.
[2026.09.18-11.33.17:681][  0]LogInit: Texture streaming: Enabled
[2026.09.18-11.33.17:689][  0]LogAnalytics: Display: [UEEditor.Rocket.Release] APIServer = https://datarouter.ol.epicgames.com/. AppVersion = 4.27.2-18319896+++UE4+Release-4.27
[2026.09.18-11.33.17:693][  0]LogEngineSessionManager: EngineSessionManager initialized
[2026.09.18-11.33.17:693][  0]LogEditorSessionSummary: Verbose: Initializing EditorSessionSummaryWriter for editor session tracking
[2026.09.18-11.33.17:694][  0]LogEditorSessionSummary: EditorSessionSummaryWriter initialized
[2026.09.18-11.33.17:738][  0]LogInit: Transaction tracking system initialized
[2026.09.18-11.33.17:751][  0]BlueprintLog: New page: Editor Load
[2026.09.18-11.33.17:788][  0]LocalizationService: Localization service is disabled
[2026.09.18-11.33.17:801][  0]TimingProfiler: Initialize
[2026.09.18-11.33.17:801][  0]TimingProfiler: OnSessionChanged
[2026.09.18-11.33.17:801][  0]LoadingProfiler: Initialize
[2026.09.18-11.33.17:801][  0]LoadingProfiler: OnSessionChanged
[2026.09.18-11.33.17:801][  0]NetworkingProfiler: Initialize
[2026.09.18-11.33.17:801][  0]NetworkingProfiler: OnSessionChanged
[2026.09.18-11.33.17:801][  0]MemoryProfiler: Initialize
[2026.09.18-11.33.17:801][  0]MemoryProfiler: OnSessionChanged
[2026.09.18-11.33.17:889][  0]LogCook: Display: CookSettings for Memory: MemoryMaxUsedVirtual 0MiB, MemoryMaxUsedPhysical 16384MiB, MemoryMinFreeVirtual 0MiB, MemoryMinFreePhysical 1024MiB
[2026.09.18-11.33.17:889][  0]LogCook: Display: Mobile HDR setting 1
[2026.09.18-11.33.17:939][  0]LogFileCache: Scanning file cache for directory 'D:/inGGIT/SteelEnclo_LD_BO/MyProject/Content/' took 0.00s
[2026.09.18-11.33.18:146][  0]LogInit: Display: Engine is initialized. Leaving FEngineLoop::Init()
[2026.09.18-11.33.18:149][  0]SourceControl: Source control is disabled
[2026.09.18-11.33.18:149][  0]LogUnrealEdMisc: Loading editor; pre map load, took 4.579
[2026.09.18-11.33.18:149][  0]Cmd: MAP LOAD FILE="D:/inGGIT/SteelEnclo_LD_BO/MyProject/Content/FirstPersonBP/Maps/V2.umap" TEMPLATE=0 SHOWPROGRESS=1 FEATURELEVEL=3
[2026.09.18-11.33.18:149][  0]LightingResults: New page: Lighting Build
[2026.09.18-11.33.18:150][  0]LogWorld: UWorld::CleanupWorld for Untitled, bSessionEnded=true, bCleanupResources=true
[2026.09.18-11.33.18:150][  0]LogSlate: InvalidateAllWidgets triggered.  All widgets were invalidated
[2026.09.18-11.33.18:150][  0]MapCheck: New page: Map Check
[2026.09.18-11.33.18:150][  0]LightingResults: New page: Lighting Build
[2026.09.18-11.33.18:155][  0]LogAudio: Display: Audio Device unregistered from world 'None'.
[2026.09.18-11.33.18:157][  0]LogUObjectHash: Compacting FUObjectHashTables data took   0.46ms
[2026.09.18-11.33.18:335][  0]LogAudio: Display: Audio Device (ID: 1) registered with world 'V2'.
[2026.09.18-11.33.18:336][  0]LogAIModule: Creating AISystem for world V2
[2026.09.18-11.33.18:347][  0]LogEditorServer: Finished looking for orphan Actors (0.000 secs)
[2026.09.18-11.33.18:374][  0]LogUObjectHash: Compacting FUObjectHashTables data took   0.52ms
[2026.09.18-11.33.18:374][  0]Cmd: MAP CHECKDEP NOCLEARLOG
[2026.09.18-11.33.18:375][  0]MapCheck: Map check complete: 0 Error(s), 0 Warning(s), took 0.275ms to complete.
[2026.09.18-11.33.18:375][  0]LogFileHelpers: Loading map 'V2' took 0.226
[2026.09.18-11.33.18:377][  0]LogUnrealEdMisc: Total Editor Startup Time, took 4.807
[2026.09.18-11.33.18:512][  0]LogSlate: Updating window title bar state: overlay mode, drag disabled, window buttons hidden, title bar hidden
[2026.09.18-11.33.18:515][  0]LogSlate: Updating window title bar state: overlay mode, drag disabled, window buttons hidden, title bar hidden
[2026.09.18-11.33.18:518][  0]LogSlate: Updating window title bar state: overlay mode, drag disabled, window buttons hidden, title bar hidden
[2026.09.18-11.33.18:522][  0]LogSlate: Updating window title bar state: overlay mode, drag disabled, window buttons hidden, title bar hidden
[2026.09.18-11.33.18:530][  0]LogNativeClassHierarchy: Verbose: Native class hierarchy populated in 0.0056 seconds. Added 3822 classes and 928 folders.
[2026.09.18-11.33.18:532][  0]LogNativeClassHierarchy: Verbose: Native class hierarchy updated for 'WidgetCarousel' in 0.0002 seconds. Added 0 classes and 0 folders.
[2026.09.18-11.33.18:533][  0]LogPakFile: PakFile PrimaryIndexSize=187
[2026.09.18-11.33.18:533][  0]LogPakFile: PakFile PathHashIndexSize=101
[2026.09.18-11.33.18:533][  0]LogPakFile: PakFile FullDirectoryIndexSize=148
[2026.09.18-11.33.18:533][  0]LogShaderLibrary: Display: ShaderCodeLibraryPakFileMountedCallback: PakFile 'C:/Program Files/Epic Games/UE_4.27/FeaturePacks/FP_FirstPerson.upack' (chunk index -1, root 'root:/') mounted
[2026.09.18-11.33.18:533][  0]LogShaderLibrary: Display: ShaderCodeLibraryPakFileMountedCallback: pending pak file info (ChunkID:-1 Root:root:/ File:C:/Program Files/Epic Games/UE_4.27/FeaturePacks/FP_FirstPerson.upack)
[2026.09.18-11.33.18:533][  0]LogPakFile: OnPakFileMounted2Time == 0.000037
[2026.09.18-11.33.18:534][  0]LogPakFile: PakFile PrimaryIndexSize=189
[2026.09.18-11.33.18:534][  0]LogPakFile: PakFile PathHashIndexSize=101
[2026.09.18-11.33.18:534][  0]LogPakFile: PakFile FullDirectoryIndexSize=152
[2026.09.18-11.33.18:534][  0]LogShaderLibrary: Display: ShaderCodeLibraryPakFileMountedCallback: PakFile 'C:/Program Files/Epic Games/UE_4.27/FeaturePacks/FP_FirstPersonBP.upack' (chunk index -1, root 'root:/') mounted
[2026.09.18-11.33.18:534][  0]LogShaderLibrary: Display: ShaderCodeLibraryPakFileMountedCallback: pending pak file info (ChunkID:-1 Root:root:/ File:C:/Program Files/Epic Games/UE_4.27/FeaturePacks/FP_FirstPersonBP.upack)
[2026.09.18-11.33.18:534][  0]LogPakFile: OnPakFileMounted2Time == 0.000024
[2026.09.18-11.33.18:534][  0]LogPakFile: PakFile PrimaryIndexSize=191
[2026.09.18-11.33.18:534][  0]LogPakFile: PakFile PathHashIndexSize=101
[2026.09.18-11.33.18:534][  0]LogPakFile: PakFile FullDirectoryIndexSize=160
[2026.09.18-11.33.18:534][  0]LogShaderLibrary: Display: ShaderCodeLibraryPakFileMountedCallback: PakFile 'C:/Program Files/Epic Games/UE_4.27/FeaturePacks/MobileStarterContent.upack' (chunk index -1, root 'root:/') mounted
[2026.09.18-11.33.18:534][  0]LogShaderLibrary: Display: ShaderCodeLibraryPakFileMountedCallback: pending pak file info (ChunkID:-1 Root:root:/ File:C:/Program Files/Epic Games/UE_4.27/FeaturePacks/MobileStarterContent.upack)
[2026.09.18-11.33.18:534][  0]LogPakFile: OnPakFileMounted2Time == 0.000019
[2026.09.18-11.33.18:534][  0]LogPakFile: PakFile PrimaryIndexSize=185
[2026.09.18-11.33.18:534][  0]LogPakFile: PakFile PathHashIndexSize=101
[2026.09.18-11.33.18:534][  0]LogPakFile: PakFile FullDirectoryIndexSize=148
[2026.09.18-11.33.18:534][  0]LogShaderLibrary: Display: ShaderCodeLibraryPakFileMountedCallback: PakFile 'C:/Program Files/Epic Games/UE_4.27/FeaturePacks/StarterContent.upack' (chunk index -1, root 'root:/') mounted
[2026.09.18-11.33.18:534][  0]LogShaderLibrary: Display: ShaderCodeLibraryPakFileMountedCallback: pending pak file info (ChunkID:-1 Root:root:/ File:C:/Program Files/Epic Games/UE_4.27/FeaturePacks/StarterContent.upack)
[2026.09.18-11.33.18:534][  0]LogPakFile: OnPakFileMounted2Time == 0.000020
[2026.09.18-11.33.18:535][  0]LogPakFile: PakFile PrimaryIndexSize=190
[2026.09.18-11.33.18:535][  0]LogPakFile: PakFile PathHashIndexSize=101
[2026.09.18-11.33.18:535][  0]LogPakFile: PakFile FullDirectoryIndexSize=154
[2026.09.18-11.33.18:535][  0]LogShaderLibrary: Display: ShaderCodeLibraryPakFileMountedCallback: PakFile 'C:/Program Files/Epic Games/UE_4.27/FeaturePacks/TP_2DSideScroller.upack' (chunk index -1, root 'root:/') mounted
[2026.09.18-11.33.18:535][  0]LogShaderLibrary: Display: ShaderCodeLibraryPakFileMountedCallback: pending pak file info (ChunkID:-1 Root:root:/ File:C:/Program Files/Epic Games/UE_4.27/FeaturePacks/TP_2DSideScroller.upack)
[2026.09.18-11.33.18:535][  0]LogPakFile: OnPakFileMounted2Time == 0.000020
[2026.09.18-11.33.18:535][  0]LogPakFile: PakFile PrimaryIndexSize=192
[2026.09.18-11.33.18:535][  0]LogPakFile: PakFile PathHashIndexSize=101
[2026.09.18-11.33.18:535][  0]LogPakFile: PakFile FullDirectoryIndexSize=158
[2026.09.18-11.33.18:535][  0]LogShaderLibrary: Display: ShaderCodeLibraryPakFileMountedCallback: PakFile 'C:/Program Files/Epic Games/UE_4.27/FeaturePacks/TP_2DSideScrollerBP.upack' (chunk index -1, root 'root:/') mounted
[2026.09.18-11.33.18:535][  0]LogShaderLibrary: Display: ShaderCodeLibraryPakFileMountedCallback: pending pak file info (ChunkID:-1 Root:root:/ File:C:/Program Files/Epic Games/UE_4.27/FeaturePacks/TP_2DSideScrollerBP.upack)
[2026.09.18-11.33.18:535][  0]LogPakFile: OnPakFileMounted2Time == 0.000019
[2026.09.18-11.33.18:535][  0]LogPakFile: PakFile PrimaryIndexSize=182
[2026.09.18-11.33.18:535][  0]LogPakFile: PakFile PathHashIndexSize=101
[2026.09.18-11.33.18:535][  0]LogPakFile: PakFile FullDirectoryIndexSize=138
[2026.09.18-11.33.18:535][  0]LogShaderLibrary: Display: ShaderCodeLibraryPakFileMountedCallback: PakFile 'C:/Program Files/Epic Games/UE_4.27/FeaturePacks/TP_Flying.upack' (chunk index -1, root 'root:/') mounted
[2026.09.18-11.33.18:536][  0]LogShaderLibrary: Display: ShaderCodeLibraryPakFileMountedCallback: pending pak file info (ChunkID:-1 Root:root:/ File:C:/Program Files/Epic Games/UE_4.27/FeaturePacks/TP_Flying.upack)
[2026.09.18-11.33.18:536][  0]LogPakFile: OnPakFileMounted2Time == 0.000036
[2026.09.18-11.33.18:536][  0]LogPakFile: PakFile PrimaryIndexSize=184
[2026.09.18-11.33.18:536][  0]LogPakFile: PakFile PathHashIndexSize=101
[2026.09.18-11.33.18:536][  0]LogPakFile: PakFile FullDirectoryIndexSize=142
[2026.09.18-11.33.18:536][  0]LogShaderLibrary: Display: ShaderCodeLibraryPakFileMountedCallback: PakFile 'C:/Program Files/Epic Games/UE_4.27/FeaturePacks/TP_FlyingBP.upack' (chunk index -1, root 'root:/') mounted
[2026.09.18-11.33.18:536][  0]LogShaderLibrary: Display: ShaderCodeLibraryPakFileMountedCallback: pending pak file info (ChunkID:-1 Root:root:/ File:C:/Program Files/Epic Games/UE_4.27/FeaturePacks/TP_FlyingBP.upack)
[2026.09.18-11.33.18:536][  0]LogPakFile: OnPakFileMounted2Time == 0.000019
[2026.09.18-11.33.18:536][  0]LogPakFile: PakFile PrimaryIndexSize=188
[2026.09.18-11.33.18:536][  0]LogPakFile: PakFile PathHashIndexSize=101
[2026.09.18-11.33.18:536][  0]LogPakFile: PakFile FullDirectoryIndexSize=150
[2026.09.18-11.33.18:536][  0]LogShaderLibrary: Display: ShaderCodeLibraryPakFileMountedCallback: PakFile 'C:/Program Files/Epic Games/UE_4.27/FeaturePacks/TP_HandheldARBP.upack' (chunk index -1, root 'root:/') mounted
[2026.09.18-11.33.18:536][  0]LogShaderLibrary: Display: ShaderCodeLibraryPakFileMountedCallback: pending pak file info (ChunkID:-1 Root:root:/ File:C:/Program Files/Epic Games/UE_4.27/FeaturePacks/TP_HandheldARBP.upack)
[2026.09.18-11.33.18:536][  0]LogPakFile: OnPakFileMounted2Time == 0.000018
[2026.09.18-11.33.18:537][  0]LogPakFile: PakFile PrimaryIndexSize=182
[2026.09.18-11.33.18:537][  0]LogPakFile: PakFile PathHashIndexSize=101
[2026.09.18-11.33.18:537][  0]LogPakFile: PakFile FullDirectoryIndexSize=138
[2026.09.18-11.33.18:537][  0]LogShaderLibrary: Display: ShaderCodeLibraryPakFileMountedCallback: PakFile 'C:/Program Files/Epic Games/UE_4.27/FeaturePacks/TP_Puzzle.upack' (chunk index -1, root 'root:/') mounted
[2026.09.18-11.33.18:537][  0]LogShaderLibrary: Display: ShaderCodeLibraryPakFileMountedCallback: pending pak file info (ChunkID:-1 Root:root:/ File:C:/Program Files/Epic Games/UE_4.27/FeaturePacks/TP_Puzzle.upack)
[2026.09.18-11.33.18:537][  0]LogPakFile: OnPakFileMounted2Time == 0.000021
[2026.09.18-11.33.18:537][  0]LogPakFile: PakFile PrimaryIndexSize=184
[2026.09.18-11.33.18:537][  0]LogPakFile: PakFile PathHashIndexSize=101
[2026.09.18-11.33.18:537][  0]LogPakFile: PakFile FullDirectoryIndexSize=142
[2026.09.18-11.33.18:537][  0]LogShaderLibrary: Display: ShaderCodeLibraryPakFileMountedCallback: PakFile 'C:/Program Files/Epic Games/UE_4.27/FeaturePacks/TP_PuzzleBP.upack' (chunk index -1, root 'root:/') mounted
[2026.09.18-11.33.18:537][  0]LogShaderLibrary: Display: ShaderCodeLibraryPakFileMountedCallback: pending pak file info (ChunkID:-1 Root:root:/ File:C:/Program Files/Epic Games/UE_4.27/FeaturePacks/TP_PuzzleBP.upack)
[2026.09.18-11.33.18:537][  0]LogPakFile: OnPakFileMounted2Time == 0.000018
[2026.09.18-11.33.18:538][  0]LogPakFile: PakFile PrimaryIndexSize=183
[2026.09.18-11.33.18:538][  0]LogPakFile: PakFile PathHashIndexSize=101
[2026.09.18-11.33.18:538][  0]LogPakFile: PakFile FullDirectoryIndexSize=140
[2026.09.18-11.33.18:538][  0]LogShaderLibrary: Display: ShaderCodeLibraryPakFileMountedCallback: PakFile 'C:/Program Files/Epic Games/UE_4.27/FeaturePacks/TP_Rolling.upack' (chunk index -1, root 'root:/') mounted
[2026.09.18-11.33.18:538][  0]LogShaderLibrary: Display: ShaderCodeLibraryPakFileMountedCallback: pending pak file info (ChunkID:-1 Root:root:/ File:C:/Program Files/Epic Games/UE_4.27/FeaturePacks/TP_Rolling.upack)
[2026.09.18-11.33.18:538][  0]LogPakFile: OnPakFileMounted2Time == 0.000019
[2026.09.18-11.33.18:538][  0]LogPakFile: PakFile PrimaryIndexSize=185
[2026.09.18-11.33.18:538][  0]LogPakFile: PakFile PathHashIndexSize=101
[2026.09.18-11.33.18:538][  0]LogPakFile: PakFile FullDirectoryIndexSize=144
[2026.09.18-11.33.18:538][  0]LogShaderLibrary: Display: ShaderCodeLibraryPakFileMountedCallback: PakFile 'C:/Program Files/Epic Games/UE_4.27/FeaturePacks/TP_RollingBP.upack' (chunk index -1, root 'root:/') mounted
[2026.09.18-11.33.18:538][  0]LogShaderLibrary: Display: ShaderCodeLibraryPakFileMountedCallback: pending pak file info (ChunkID:-1 Root:root:/ File:C:/Program Files/Epic Games/UE_4.27/FeaturePacks/TP_RollingBP.upack)
[2026.09.18-11.33.18:538][  0]LogPakFile: OnPakFileMounted2Time == 0.000019
[2026.09.18-11.33.18:538][  0]LogPakFile: PakFile PrimaryIndexSize=188
[2026.09.18-11.33.18:538][  0]LogPakFile: PakFile PathHashIndexSize=101
[2026.09.18-11.33.18:538][  0]LogPakFile: PakFile FullDirectoryIndexSize=150
[2026.09.18-11.33.18:538][  0]LogShaderLibrary: Display: ShaderCodeLibraryPakFileMountedCallback: PakFile 'C:/Program Files/Epic Games/UE_4.27/FeaturePacks/TP_SideScroller.upack' (chunk index -1, root 'root:/') mounted
[2026.09.18-11.33.18:538][  0]LogShaderLibrary: Display: ShaderCodeLibraryPakFileMountedCallback: pending pak file info (ChunkID:-1 Root:root:/ File:C:/Program Files/Epic Games/UE_4.27/FeaturePacks/TP_SideScroller.upack)
[2026.09.18-11.33.18:538][  0]LogPakFile: OnPakFileMounted2Time == 0.000019
[2026.09.18-11.33.18:539][  0]LogPakFile: PakFile PrimaryIndexSize=190
[2026.09.18-11.33.18:539][  0]LogPakFile: PakFile PathHashIndexSize=101
[2026.09.18-11.33.18:539][  0]LogPakFile: PakFile FullDirectoryIndexSize=154
[2026.09.18-11.33.18:539][  0]LogShaderLibrary: Display: ShaderCodeLibraryPakFileMountedCallback: PakFile 'C:/Program Files/Epic Games/UE_4.27/FeaturePacks/TP_SideScrollerBP.upack' (chunk index -1, root 'root:/') mounted
[2026.09.18-11.33.18:539][  0]LogShaderLibrary: Display: ShaderCodeLibraryPakFileMountedCallback: pending pak file info (ChunkID:-1 Root:root:/ File:C:/Program Files/Epic Games/UE_4.27/FeaturePacks/TP_SideScrollerBP.upack)
[2026.09.18-11.33.18:539][  0]LogPakFile: OnPakFileMounted2Time == 0.000019
[2026.09.18-11.33.18:539][  0]LogPakFile: PakFile PrimaryIndexSize=187
[2026.09.18-11.33.18:539][  0]LogPakFile: PakFile PathHashIndexSize=101
[2026.09.18-11.33.18:539][  0]LogPakFile: PakFile FullDirectoryIndexSize=148
[2026.09.18-11.33.18:539][  0]LogShaderLibrary: Display: ShaderCodeLibraryPakFileMountedCallback: PakFile 'C:/Program Files/Epic Games/UE_4.27/FeaturePacks/TP_ThirdPerson.upack' (chunk index -1, root 'root:/') mounted
[2026.09.18-11.33.18:539][  0]LogShaderLibrary: Display: ShaderCodeLibraryPakFileMountedCallback: pending pak file info (ChunkID:-1 Root:root:/ File:C:/Program Files/Epic Games/UE_4.27/FeaturePacks/TP_ThirdPerson.upack)
[2026.09.18-11.33.18:539][  0]LogPakFile: OnPakFileMounted2Time == 0.000018
[2026.09.18-11.33.18:540][  0]LogPakFile: PakFile PrimaryIndexSize=189
[2026.09.18-11.33.18:540][  0]LogPakFile: PakFile PathHashIndexSize=101
[2026.09.18-11.33.18:540][  0]LogPakFile: PakFile FullDirectoryIndexSize=152
[2026.09.18-11.33.18:540][  0]LogShaderLibrary: Display: ShaderCodeLibraryPakFileMountedCallback: PakFile 'C:/Program Files/Epic Games/UE_4.27/FeaturePacks/TP_ThirdPersonBP.upack' (chunk index -1, root 'root:/') mounted
[2026.09.18-11.33.18:540][  0]LogShaderLibrary: Display: ShaderCodeLibraryPakFileMountedCallback: pending pak file info (ChunkID:-1 Root:root:/ File:C:/Program Files/Epic Games/UE_4.27/FeaturePacks/TP_ThirdPersonBP.upack)
[2026.09.18-11.33.18:540][  0]LogPakFile: OnPakFileMounted2Time == 0.000018
[2026.09.18-11.33.18:540][  0]LogPakFile: PakFile PrimaryIndexSize=183
[2026.09.18-11.33.18:540][  0]LogPakFile: PakFile PathHashIndexSize=101
[2026.09.18-11.33.18:540][  0]LogPakFile: PakFile FullDirectoryIndexSize=140
[2026.09.18-11.33.18:540][  0]LogShaderLibrary: Display: ShaderCodeLibraryPakFileMountedCallback: PakFile 'C:/Program Files/Epic Games/UE_4.27/FeaturePacks/TP_TopDown.upack' (chunk index -1, root 'root:/') mounted
[2026.09.18-11.33.18:540][  0]LogShaderLibrary: Display: ShaderCodeLibraryPakFileMountedCallback: pending pak file info (ChunkID:-1 Root:root:/ File:C:/Program Files/Epic Games/UE_4.27/FeaturePacks/TP_TopDown.upack)
[2026.09.18-11.33.18:540][  0]LogPakFile: OnPakFileMounted2Time == 0.000023
[2026.09.18-11.33.18:540][  0]LogPakFile: PakFile PrimaryIndexSize=185
[2026.09.18-11.33.18:540][  0]LogPakFile: PakFile PathHashIndexSize=101
[2026.09.18-11.33.18:540][  0]LogPakFile: PakFile FullDirectoryIndexSize=144
[2026.09.18-11.33.18:540][  0]LogShaderLibrary: Display: ShaderCodeLibraryPakFileMountedCallback: PakFile 'C:/Program Files/Epic Games/UE_4.27/FeaturePacks/TP_TopDownBP.upack' (chunk index -1, root 'root:/') mounted
[2026.09.18-11.33.18:540][  0]LogShaderLibrary: Display: ShaderCodeLibraryPakFileMountedCallback: pending pak file info (ChunkID:-1 Root:root:/ File:C:/Program Files/Epic Games/UE_4.27/FeaturePacks/TP_TopDownBP.upack)
[2026.09.18-11.33.18:540][  0]LogPakFile: OnPakFileMounted2Time == 0.000017
[2026.09.18-11.33.18:540][  0]LogPakFile: PakFile PrimaryIndexSize=185
[2026.09.18-11.33.18:540][  0]LogPakFile: PakFile PathHashIndexSize=101
[2026.09.18-11.33.18:540][  0]LogPakFile: PakFile FullDirectoryIndexSize=144
[2026.09.18-11.33.18:540][  0]LogShaderLibrary: Display: ShaderCodeLibraryPakFileMountedCallback: PakFile 'C:/Program Files/Epic Games/UE_4.27/FeaturePacks/TP_TwinStick.upack' (chunk index -1, root 'root:/') mounted
[2026.09.18-11.33.18:540][  0]LogShaderLibrary: Display: ShaderCodeLibraryPakFileMountedCallback: pending pak file info (ChunkID:-1 Root:root:/ File:C:/Program Files/Epic Games/UE_4.27/FeaturePacks/TP_TwinStick.upack)
[2026.09.18-11.33.18:540][  0]LogPakFile: OnPakFileMounted2Time == 0.000017
[2026.09.18-11.33.18:540][  0]LogPakFile: PakFile PrimaryIndexSize=187
[2026.09.18-11.33.18:540][  0]LogPakFile: PakFile PathHashIndexSize=101
[2026.09.18-11.33.18:540][  0]LogPakFile: PakFile FullDirectoryIndexSize=148
[2026.09.18-11.33.18:540][  0]LogShaderLibrary: Display: ShaderCodeLibraryPakFileMountedCallback: PakFile 'C:/Program Files/Epic Games/UE_4.27/FeaturePacks/TP_TwinStickBP.upack' (chunk index -1, root 'root:/') mounted
[2026.09.18-11.33.18:540][  0]LogShaderLibrary: Display: ShaderCodeLibraryPakFileMountedCallback: pending pak file info (ChunkID:-1 Root:root:/ File:C:/Program Files/Epic Games/UE_4.27/FeaturePacks/TP_TwinStickBP.upack)
[2026.09.18-11.33.18:540][  0]LogPakFile: OnPakFileMounted2Time == 0.000018
[2026.09.18-11.33.18:542][  0]LogPakFile: PakFile PrimaryIndexSize=183
[2026.09.18-11.33.18:542][  0]LogPakFile: PakFile PathHashIndexSize=101
[2026.09.18-11.33.18:542][  0]LogPakFile: PakFile FullDirectoryIndexSize=140
[2026.09.18-11.33.18:542][  0]LogShaderLibrary: Display: ShaderCodeLibraryPakFileMountedCallback: PakFile 'C:/Program Files/Epic Games/UE_4.27/FeaturePacks/TP_Vehicle.upack' (chunk index -1, root 'root:/') mounted
[2026.09.18-11.33.18:542][  0]LogShaderLibrary: Display: ShaderCodeLibraryPakFileMountedCallback: pending pak file info (ChunkID:-1 Root:root:/ File:C:/Program Files/Epic Games/UE_4.27/FeaturePacks/TP_Vehicle.upack)
[2026.09.18-11.33.18:542][  0]LogPakFile: OnPakFileMounted2Time == 0.000019
[2026.09.18-11.33.18:542][  0]LogPakFile: PakFile PrimaryIndexSize=186
[2026.09.18-11.33.18:542][  0]LogPakFile: PakFile PathHashIndexSize=101
[2026.09.18-11.33.18:542][  0]LogPakFile: PakFile FullDirectoryIndexSize=146
[2026.09.18-11.33.18:542][  0]LogShaderLibrary: Display: ShaderCodeLibraryPakFileMountedCallback: PakFile 'C:/Program Files/Epic Games/UE_4.27/FeaturePacks/TP_VehicleAdv.upack' (chunk index -1, root 'root:/') mounted
[2026.09.18-11.33.18:542][  0]LogShaderLibrary: Display: ShaderCodeLibraryPakFileMountedCallback: pending pak file info (ChunkID:-1 Root:root:/ File:C:/Program Files/Epic Games/UE_4.27/FeaturePacks/TP_VehicleAdv.upack)
[2026.09.18-11.33.18:542][  0]LogPakFile: OnPakFileMounted2Time == 0.000019
[2026.09.18-11.33.18:542][  0]LogPakFile: PakFile PrimaryIndexSize=188
[2026.09.18-11.33.18:542][  0]LogPakFile: PakFile PathHashIndexSize=101
[2026.09.18-11.33.18:542][  0]LogPakFile: PakFile FullDirectoryIndexSize=150
[2026.09.18-11.33.18:542][  0]LogShaderLibrary: Display: ShaderCodeLibraryPakFileMountedCallback: PakFile 'C:/Program Files/Epic Games/UE_4.27/FeaturePacks/TP_VehicleAdvBP.upack' (chunk index -1, root 'root:/') mounted
[2026.09.18-11.33.18:542][  0]LogShaderLibrary: Display: ShaderCodeLibraryPakFileMountedCallback: pending pak file info (ChunkID:-1 Root:root:/ File:C:/Program Files/Epic Games/UE_4.27/FeaturePacks/TP_VehicleAdvBP.upack)
[2026.09.18-11.33.18:542][  0]LogPakFile: OnPakFileMounted2Time == 0.000019
[2026.09.18-11.33.18:542][  0]LogPakFile: PakFile PrimaryIndexSize=185
[2026.09.18-11.33.18:542][  0]LogPakFile: PakFile PathHashIndexSize=101
[2026.09.18-11.33.18:542][  0]LogPakFile: PakFile FullDirectoryIndexSize=144
[2026.09.18-11.33.18:542][  0]LogShaderLibrary: Display: ShaderCodeLibraryPakFileMountedCallback: PakFile 'C:/Program Files/Epic Games/UE_4.27/FeaturePacks/TP_VehicleBP.upack' (chunk index -1, root 'root:/') mounted
[2026.09.18-11.33.18:542][  0]LogShaderLibrary: Display: ShaderCodeLibraryPakFileMountedCallback: pending pak file info (ChunkID:-1 Root:root:/ File:C:/Program Files/Epic Games/UE_4.27/FeaturePacks/TP_VehicleBP.upack)
[2026.09.18-11.33.18:542][  0]LogPakFile: OnPakFileMounted2Time == 0.000019
[2026.09.18-11.33.18:543][  0]LogPakFile: PakFile PrimaryIndexSize=192
[2026.09.18-11.33.18:543][  0]LogPakFile: PakFile PathHashIndexSize=101
[2026.09.18-11.33.18:543][  0]LogPakFile: PakFile FullDirectoryIndexSize=158
[2026.09.18-11.33.18:543][  0]LogShaderLibrary: Display: ShaderCodeLibraryPakFileMountedCallback: PakFile 'C:/Program Files/Epic Games/UE_4.27/FeaturePacks/TP_VirtualRealityBP.upack' (chunk index -1, root 'root:/') mounted
[2026.09.18-11.33.18:543][  0]LogShaderLibrary: Display: ShaderCodeLibraryPakFileMountedCallback: pending pak file info (ChunkID:-1 Root:root:/ File:C:/Program Files/Epic Games/UE_4.27/FeaturePacks/TP_VirtualRealityBP.upack)
[2026.09.18-11.33.18:543][  0]LogPakFile: OnPakFileMounted2Time == 0.000019
[2026.09.18-11.33.18:579][  0]LogNativeClassHierarchy: Verbose: Native class hierarchy updated for 'AddContentDialog' in 0.0002 seconds. Added 0 classes and 0 folders.
[2026.09.18-11.33.18:580][  0]LogNativeClassHierarchy: Verbose: Native class hierarchy updated for 'SceneOutliner' in 0.0001 seconds. Added 2 classes and 0 folders.
[2026.09.18-11.33.18:599][  0]LogSlate: Took 0.000128 seconds to synchronously load lazily loaded font '../../../Engine/Content/Slate/Fonts/Roboto-Regular.ttf' (155K)
[2026.09.18-11.33.18:599][  0]LogSlate: Took 0.000124 seconds to synchronously load lazily loaded font '../../../Engine/Content/Editor/Slate/Fonts/FontAwesome.ttf' (139K)
[2026.09.18-11.33.18:600][  0]LogSlate: Took 0.000102 seconds to synchronously load lazily loaded font '../../../Engine/Content/Slate/Fonts/Roboto-Bold.ttf' (160K)
[2026.09.18-11.33.18:657][  0]LogRenderer: Reallocating scene render targets to support 1292x672 Format 10 NumSamples 1 (Frame:1).
[2026.09.18-11.33.18:767][  0]LogNativeClassHierarchy: Verbose: Native class hierarchy updated for 'HierarchicalLODOutliner' in 0.0002 seconds. Added 0 classes and 0 folders.
[2026.09.18-11.33.18:767][  0]LogLoad: (Engine Initialization) Total time: 5.20 seconds
[2026.09.18-11.33.18:767][  0]LogLoad: (Engine Initialization) Total Blueprint compile time: 0.00 seconds
[2026.09.18-11.33.18:803][  0]LogAssetRegistry: Asset discovery search completed in 2.8555 seconds
[2026.09.18-11.33.18:807][  0]LogCollectionManager: Fixed up redirectors for 0 collections in 0.000003 seconds (updated 0 objects)
[2026.09.18-11.33.18:808][  0]LogContentStreaming: Texture pool size now 1000 MB
[2026.09.18-11.33.18:904][  4]LogSlate: Took 0.000151 seconds to synchronously load lazily loaded font '../../../Engine/Content/Slate/Fonts/Roboto-Light.ttf' (167K)
[2026.09.18-11.33.41:526][360]LogUObjectHash: Compacting FUObjectHashTables data took   0.39ms
[2026.09.18-11.33.41:551][360]LogSlate: Window 'MyProject - Unreal Editor' being destroyed
[2026.09.18-11.33.41:620][361]Cmd: QUIT_EDITOR
[2026.09.18-11.33.41:620][361]LogCore: Engine exit requested (reason: UUnrealEdEngine::CloseEditor())
[2026.09.18-11.33.41:622][361]LogCore: Engine exit requested (reason: EngineExit() was called; note: exit was already requested)
[2026.09.18-11.33.41:624][361]LogAudio: Display: Beginning Audio Device Manager Shutdown (Module: AudioMixerXAudio2)...
[2026.09.18-11.33.41:624][361]LogAudio: Display: Destroying 1 Remaining Audio Device(s)...
[2026.09.18-11.33.41:624][361]LogAudio: Display: Audio Device unregistered from world 'V2'.
[2026.09.18-11.33.41:624][361]LogAudioMixer: FMixerPlatformXAudio2::StopAudioStream() called
[2026.09.18-11.33.41:625][361]LogAudioMixer: FMixerPlatformXAudio2::StopAudioStream() called
[2026.09.18-11.33.41:627][361]LogAudio: Display: Audio Device Manager Shutdown
[2026.09.18-11.33.41:630][361]LogWindowsTextInputMethodSystem: Display: IME system deactivated.
[2026.09.18-11.33.41:637][361]LogExit: Preparing to exit.
[2026.09.18-11.33.42:011][361]LogUObjectHash: Compacting FUObjectHashTables data took   0.70ms
[2026.09.18-11.33.42:206][361]LogWorld: UWorld::CleanupWorld for World_0, bSessionEnded=true, bCleanupResources=true
[2026.09.18-11.33.42:232][361]LogDemo: Cleaned up 0 splitscreen connections with owner deletion
[2026.09.18-11.33.42:237][361]LogWorld: UWorld::CleanupWorld for None, bSessionEnded=true, bCleanupResources=true
[2026.09.18-11.33.42:238][361]LogExit: Editor shut down
[2026.09.18-11.33.42:238][361]LogExit: Transaction tracking system shut down
[2026.09.18-11.33.42:420][361]LogExit: Object subsystem successfully closed.
[2026.09.18-11.33.42:451][361]LogShaderCompilers: Display: === FShaderJobCache stats ===
[2026.09.18-11.33.42:451][361]LogShaderCompilers: Display: Total job queries 0, among them cache hits 0 (0.00%)
[2026.09.18-11.33.42:451][361]LogShaderCompilers: Display: Tracking 0 distinct input hashes that result in 0 distinct outputs (0.00%)
[2026.09.18-11.33.42:451][361]LogShaderCompilers: Display: RAM used: 0.00 MB (0.00 GB) of 1638.40 MB (1.60 GB) budget. Usage: 0.00%
[2026.09.18-11.33.42:451][361]LogShaderCompilers: Display: ================================================
[2026.09.18-11.33.42:464][361]LogShaderCompilers: Display: Shaders left to compile 0
[2026.09.18-11.33.42:485][361]LogModuleManager: Shutting down and abandoning module HierarchicalLODOutliner (870)
[2026.09.18-11.33.42:485][361]LogModuleManager: Shutting down and abandoning module SceneOutliner (868)
[2026.09.18-11.33.42:485][361]LogModuleManager: Shutting down and abandoning module AddContentDialog (866)
[2026.09.18-11.33.42:485][361]LogModuleManager: Shutting down and abandoning module WidgetCarousel (865)
[2026.09.18-11.33.42:485][361]LogModuleManager: Shutting down and abandoning module EditorWidgets (862)
[2026.09.18-11.33.42:485][361]LogModuleManager: Shutting down and abandoning module StatsViewer (860)
[2026.09.18-11.33.42:485][361]LogModuleManager: Shutting down and abandoning module PIEPreviewDeviceProfileSelector (858)
[2026.09.18-11.33.42:485][361]LogModuleManager: Shutting down and abandoning module SequenceRecorderSections (856)
[2026.09.18-11.33.42:485][361]LogModuleManager: Shutting down and abandoning module AutomationWorker (854)
[2026.09.18-11.33.42:485][361]LogModuleManager: Shutting down and abandoning module SteamVREditor (852)
[2026.09.18-11.33.42:485][361]LogModuleManager: Shutting down and abandoning module OculusMR (850)
[2026.09.18-11.33.42:485][361]LogModuleManager: Shutting down and abandoning module TakeRecorderSources (848)
[2026.09.18-11.33.42:485][361]LogModuleManager: Shutting down and abandoning module TakeRecorder (847)
[2026.09.18-11.33.42:485][361]LogModuleManager: Shutting down and abandoning module TakeTrackRecorders (844)
[2026.09.18-11.33.42:485][361]LogModuleManager: Shutting down and abandoning module TakesCore (842)
[2026.09.18-11.33.42:485][361]LogModuleManager: Shutting down and abandoning module OpenXRInput (840)
[2026.09.18-11.33.42:485][361]LogModuleManager: Shutting down and abandoning module AudioCaptureEditor (838)
[2026.09.18-11.33.42:485][361]LogModuleManager: Shutting down and abandoning module GooglePADEditor (836)
[2026.09.18-11.33.42:485][361]LogModuleManager: Shutting down and abandoning module TemplateSequenceEditor (834)
[2026.09.18-11.33.42:485][361]LogModuleManager: Shutting down and abandoning module MatineeToLevelSequence (832)
[2026.09.18-11.33.42:485][361]LogModuleManager: Shutting down and abandoning module ActorSequenceEditor (830)
[2026.09.18-11.33.42:485][361]LogModuleManager: Shutting down and abandoning module LevelSequenceEditor (828)
[2026.09.18-11.33.42:485][361]LogModuleManager: Shutting down and abandoning module WmfMediaFactory (826)
[2026.09.18-11.33.42:486][361]LogModuleManager: Shutting down and abandoning module WmfMediaEditor (824)
[2026.09.18-11.33.42:486][361]LogModuleManager: Shutting down and abandoning module WebMMediaFactory (822)
[2026.09.18-11.33.42:486][361]LogModuleManager: Shutting down and abandoning module WebMMediaEditor (820)
[2026.09.18-11.33.42:486][361]LogModuleManager: Shutting down and abandoning module WebMMedia (818)
[2026.09.18-11.33.42:486][361]LogModuleManager: Shutting down and abandoning module MediaPlayerEditor (816)
[2026.09.18-11.33.42:486][361]LogModuleManager: Shutting down and abandoning module MediaCompositingEditor (814)
[2026.09.18-11.33.42:486][361]LogModuleManager: Shutting down and abandoning module SequenceRecorder (813)
[2026.09.18-11.33.42:486][361]LogModuleManager: Shutting down and abandoning module OpenExrWrapper (810)
[2026.09.18-11.33.42:486][361]LogModuleManager: Shutting down and abandoning module ImgMediaFactory (808)
[2026.09.18-11.33.42:486][361]LogModuleManager: Shutting down and abandoning module ImgMediaEditor (806)
[2026.09.18-11.33.42:486][361]LogModuleManager: Shutting down and abandoning module AvfMediaFactory (804)
[2026.09.18-11.33.42:486][361]LogModuleManager: Shutting down and abandoning module AvfMediaEditor (802)
[2026.09.18-11.33.42:486][361]LogModuleManager: Shutting down and abandoning module AndroidMediaFactory (800)
[2026.09.18-11.33.42:486][361]LogModuleManager: Shutting down and abandoning module AndroidMediaEditor (798)
[2026.09.18-11.33.42:486][361]LogModuleManager: Shutting down and abandoning module PlanarCut (796)
[2026.09.18-11.33.42:486][361]LogModuleManager: Shutting down and abandoning module MagicLeapMediaCodecFactory (794)
[2026.09.18-11.33.42:486][361]LogModuleManager: Shutting down and abandoning module MagicLeapMediaFactory (792)
[2026.09.18-11.33.42:486][361]LogModuleManager: Shutting down and abandoning module MagicLeapMediaEditor (790)
[2026.09.18-11.33.42:486][361]LogModuleManager: Shutting down and abandoning module TextureAlignMode (788)
[2026.09.18-11.33.42:486][361]LogModuleManager: Shutting down and abandoning module BspMode (786)
[2026.09.18-11.33.42:486][361]LogModuleManager: Shutting down and abandoning module GeometryMode (784)
[2026.09.18-11.33.42:486][361]LogModuleManager: Shutting down and abandoning module CharacterAI (782)
[2026.09.18-11.33.42:486][361]LogModuleManager: Shutting down and abandoning module CameraShakePreviewer (780)
[2026.09.18-11.33.42:486][361]LogModuleManager: Shutting down and abandoning module SmartSnapping (778)
[2026.09.18-11.33.42:486][361]LogModuleManager: Shutting down and abandoning module SessionServices (776)
[2026.09.18-11.33.42:486][361]LogModuleManager: Shutting down and abandoning module MeshPaint (774)
[2026.09.18-11.33.42:486][361]LogModuleManager: Shutting down and abandoning module VirtualTexturingEditor (772)
[2026.09.18-11.33.42:486][361]LogModuleManager: Shutting down and abandoning module FoliageEdit (770)
[2026.09.18-11.33.42:486][361]LogModuleManager: Shutting down and abandoning module LandscapeEditor (768)
[2026.09.18-11.33.42:486][361]LogModuleManager: Shutting down and abandoning module MeshPaintMode (766)
[2026.09.18-11.33.42:486][361]LogModuleManager: Shutting down and abandoning module SceneDepthPickerMode (764)
[2026.09.18-11.33.42:486][361]LogModuleManager: Shutting down and abandoning module ActorPickerMode (762)
[2026.09.18-11.33.42:486][361]LogModuleManager: Shutting down and abandoning module PlacementMode (760)
[2026.09.18-11.33.42:486][361]LogModuleManager: Shutting down and abandoning module ViewportSnapping (758)
[2026.09.18-11.33.42:486][361]LogModuleManager: Shutting down and abandoning module ViewportInteraction (756)
[2026.09.18-11.33.42:486][361]LogModuleManager: Shutting down and abandoning module ClothPainter (754)
[2026.09.18-11.33.42:486][361]LogModuleManager: Shutting down and abandoning module SkeletalMeshEditor (753)
[2026.09.18-11.33.42:486][361]LogModuleManager: Shutting down and abandoning module LogVisualizer (750)
[2026.09.18-11.33.42:486][361]LogModuleManager: Shutting down and abandoning module IntroTutorials (748)
[2026.09.18-11.33.42:486][361]LogModuleManager: Shutting down and abandoning module GameProjectGeneration (747)
[2026.09.18-11.33.42:486][361]LogModuleManager: Shutting down and abandoning module LuminPlatformEditor (744)
[2026.09.18-11.33.42:486][361]LogModuleManager: Shutting down and abandoning module IOSPlatformEditor (742)
[2026.09.18-11.33.42:486][361]LogModuleManager: Shutting down and abandoning module AndroidPlatformEditor (740)
[2026.09.18-11.33.42:486][361]LogModuleManager: Shutting down and abandoning module AndroidDeviceDetection (739)
[2026.09.18-11.33.42:839][361]LogModuleManager: Shutting down and abandoning module WindowsPlatformEditor (736)
[2026.09.18-11.33.42:840][361]LogModuleManager: Shutting down and abandoning module LuminRuntimeSettings (734)
[2026.09.18-11.33.42:840][361]LogModuleManager: Shutting down and abandoning module IOSRuntimeSettings (732)
[2026.09.18-11.33.42:840][361]LogModuleManager: Shutting down and abandoning module AndroidRuntimeSettings (730)
[2026.09.18-11.33.42:840][361]LogModuleManager: Shutting down and abandoning module TraceInsights (728)
[2026.09.18-11.33.42:840][361]MemoryProfiler: Shutdown
[2026.09.18-11.33.42:840][361]NetworkingProfiler: Shutdown
[2026.09.18-11.33.42:840][361]LoadingProfiler: Shutdown
[2026.09.18-11.33.42:840][361]TimingProfiler: Shutdown
[2026.09.18-11.33.42:840][361]LogModuleManager: Shutting down and abandoning module TraceServices (727)
[2026.09.18-11.33.42:840][361]LogModuleManager: Shutting down and abandoning module EditorInteractiveToolsFramework (724)
[2026.09.18-11.33.42:840][361]LogModuleManager: Shutting down and abandoning module TimeManagementEditor (722)
[2026.09.18-11.33.42:840][361]LogModuleManager: Shutting down and abandoning module InputBindingEditor (720)
[2026.09.18-11.33.42:840][361]LogModuleManager: Shutting down and abandoning module MergeActors (718)
[2026.09.18-11.33.42:840][361]LogModuleManager: Shutting down and abandoning module LocalizationDashboard (716)
[2026.09.18-11.33.42:840][361]LogModuleManager: Shutting down and abandoning module LocalizationService (715)
[2026.09.18-11.33.42:840][361]LogModuleManager: Shutting down and abandoning module HardwareTargeting (712)
[2026.09.18-11.33.42:840][361]LogModuleManager: Shutting down and abandoning module DeviceProfileEditor (710)
[2026.09.18-11.33.42:840][361]LogModuleManager: Shutting down and abandoning module UndoHistory (708)
[2026.09.18-11.33.42:840][361]LogModuleManager: Shutting down and abandoning module XmlParser (706)
[2026.09.18-11.33.42:840][361]LogModuleManager: Shutting down and abandoning module Blutility (704)
[2026.09.18-11.33.42:840][361]LogModuleManager: Shutting down and abandoning module ProjectSettingsViewer (702)
[2026.09.18-11.33.42:840][361]LogModuleManager: Shutting down and abandoning module ProjectTargetPlatformEditor (701)
[2026.09.18-11.33.42:840][361]LogModuleManager: Shutting down and abandoning module EditorSettingsViewer (698)
[2026.09.18-11.33.42:840][361]LogModuleManager: Shutting down and abandoning module InternationalizationSettings (697)
[2026.09.18-11.33.42:840][361]LogModuleManager: Shutting down and abandoning module SettingsEditor (694)
[2026.09.18-11.33.42:840][361]LogModuleManager: Shutting down and abandoning module ProjectLauncher (692)
[2026.09.18-11.33.42:840][361]LogModuleManager: Shutting down and abandoning module SessionFrontend (690)
[2026.09.18-11.33.42:840][361]LogModuleManager: Shutting down and abandoning module ProfilerClient (688)
[2026.09.18-11.33.42:840][361]LogModuleManager: Shutting down and abandoning module DeviceManager (686)
[2026.09.18-11.33.42:840][361]LogModuleManager: Shutting down and abandoning module TargetDeviceServices (685)
[2026.09.18-11.33.42:872][361]LogModuleManager: Shutting down and abandoning module AutomationController (682)
[2026.09.18-11.33.42:872][361]LogModuleManager: Shutting down and abandoning module AutomationWindow (680)
[2026.09.18-11.33.42:872][361]LogModuleManager: Shutting down and abandoning module Layers (678)
[2026.09.18-11.33.42:872][361]LogModuleManager: Shutting down and abandoning module ComponentVisualizers (676)
[2026.09.18-11.33.42:872][361]LogModuleManager: Shutting down and abandoning module DetailCustomizations (674)
[2026.09.18-11.33.42:872][361]LogModuleManager: Shutting down and abandoning module PackagesDialog (672)
[2026.09.18-11.33.42:872][361]LogModuleManager: Shutting down and abandoning module AnimationBlueprintEditor (670)
[2026.09.18-11.33.42:872][361]LogModuleManager: Shutting down and abandoning module Persona (668)
[2026.09.18-11.33.42:872][361]LogModuleManager: Shutting down and abandoning module AdvancedPreviewScene (667)
[2026.09.18-11.33.42:872][361]LogModuleManager: Shutting down and abandoning module AnimGraph (665)
[2026.09.18-11.33.42:872][361]LogModuleManager: Shutting down and abandoning module Kismet (662)
[2026.09.18-11.33.42:872][361]LogModuleManager: Shutting down and abandoning module KismetWidgets (661)
[2026.09.18-11.33.42:872][361]LogModuleManager: Shutting down and abandoning module GraphEditor (658)
[2026.09.18-11.33.42:872][361]LogModuleManager: Shutting down and abandoning module StructViewer (656)
[2026.09.18-11.33.42:872][361]LogModuleManager: Shutting down and abandoning module ClassViewer (654)
[2026.09.18-11.33.42:872][361]LogModuleManager: Shutting down and abandoning module Toolbox (652)
[2026.09.18-11.33.42:872][361]LogModuleManager: Shutting down and abandoning module ModuleUI (650)
[2026.09.18-11.33.42:872][361]LogModuleManager: Shutting down and abandoning module OutputLog (648)
[2026.09.18-11.33.42:874][361]LogModuleManager: Shutting down and abandoning module GammaUI (646)
[2026.09.18-11.33.42:874][361]LogModuleManager: Shutting down and abandoning module Documentation (644)
[2026.09.18-11.33.42:874][361]LogModuleManager: Shutting down and abandoning module LiveCoding (642)
[2026.09.18-11.33.42:874][361]LogModuleManager: Shutting down and abandoning module LevelSequence (640)
[2026.09.18-11.33.42:874][361]LogModuleManager: Shutting down and abandoning module MovieSceneTracks (638)
[2026.09.18-11.33.42:874][361]LogModuleManager: Shutting down and abandoning module MovieScene (636)
[2026.09.18-11.33.42:874][361]LogModuleManager: Shutting down and abandoning module StreamingPauseRendering (634)
[2026.09.18-11.33.42:874][361]LogModuleManager: Shutting down and abandoning module LauncherPlatform (632)
[2026.09.18-11.33.42:874][361]LogModuleManager: Shutting down and abandoning module AnalyticsET (630)
[2026.09.18-11.33.42:874][361]LogModuleManager: Shutting down and abandoning module PortalServices (628)
[2026.09.18-11.33.42:874][361]LogModuleManager: Shutting down and abandoning module PortalRpc (626)
[2026.09.18-11.33.42:874][361]LogModuleManager: Shutting down and abandoning module MessagingRpc (624)
[2026.09.18-11.33.42:874][361]LogModuleManager: Shutting down and abandoning module AudioMixerXAudio2 (622)
[2026.09.18-11.33.42:874][361]LogModuleManager: Shutting down and abandoning module AudioMixerCore (621)
[2026.09.18-11.33.42:874][361]LogModuleManager: Shutting down and abandoning module AIModule (618)
[2026.09.18-11.33.42:874][361]LogModuleManager: Shutting down and abandoning module GameplayDebugger (617)
[2026.09.18-11.33.42:874][361]LogModuleManager: Shutting down and abandoning module AITestSuite (615)
[2026.09.18-11.33.42:874][361]LogModuleManager: Shutting down and abandoning module NavigationSystem (613)
[2026.09.18-11.33.42:874][361]LogModuleManager: Shutting down and abandoning module ImageWriteQueue (610)
[2026.09.18-11.33.42:885][361]LogModuleManager: Shutting down and abandoning module ProfilerService (608)
[2026.09.18-11.33.43:065][361]LogModuleManager: Shutting down and abandoning module TaskGraph (606)
[2026.09.18-11.33.43:065][361]LogModuleManager: Shutting down and abandoning module AudioSynesthesiaEditor (604)
[2026.09.18-11.33.43:065][361]LogModuleManager: Shutting down and abandoning module OculusEditor (602)
[2026.09.18-11.33.43:066][361]LogModuleManager: Shutting down and abandoning module OculusInput (600)
[2026.09.18-11.33.43:066][361]LogModuleManager: Shutting down and abandoning module ContentBrowserAssetDataSource (598)
[2026.09.18-11.33.43:066][361]LogModuleManager: Shutting down and abandoning module ContentBrowserFileDataSource (596)
[2026.09.18-11.33.43:066][361]LogModuleManager: Shutting down and abandoning module ContentBrowserClassDataSource (594)
[2026.09.18-11.33.43:066][361]LogModuleManager: Shutting down and abandoning module CollectionManager (593)
[2026.09.18-11.33.43:066][361]LogModuleManager: Shutting down and abandoning module CableComponent (590)
[2026.09.18-11.33.43:066][361]LogModuleManager: Shutting down and abandoning module TakeSequencer (588)
[2026.09.18-11.33.43:066][361]LogModuleManager: Shutting down and abandoning module TakeMovieScene (586)
[2026.09.18-11.33.43:066][361]LogModuleManager: Shutting down and abandoning module SynthesisEditor (584)
[2026.09.18-11.33.43:066][361]LogModuleManager: Shutting down and abandoning module Synthesis (582)
[2026.09.18-11.33.43:066][361]LogModuleManager: Shutting down and abandoning module ProceduralMeshComponentEditor (580)
[2026.09.18-11.33.43:066][361]LogModuleManager: Shutting down and abandoning module ProceduralMeshComponent (578)
[2026.09.18-11.33.43:066][361]LogModuleManager: Shutting down and abandoning module ScreenshotTools (576)
[2026.09.18-11.33.43:066][361]LogModuleManager: Shutting down and abandoning module OpenXREditor (574)
[2026.09.18-11.33.43:066][361]LogModuleManager: Shutting down and abandoning module MobilePatchingUtils (572)
[2026.09.18-11.33.43:066][361]LogModuleManager: Shutting down and abandoning module AudioCapture (570)
[2026.09.18-11.33.43:066][361]LogModuleManager: Shutting down and abandoning module AudioCaptureRtAudio (569)
[2026.09.18-11.33.43:066][361]LogModuleManager: Shutting down and abandoning module ArchVisCharacter (566)
[2026.09.18-11.33.43:066][361]LogModuleManager: Shutting down and abandoning module GooglePAD (564)
[2026.09.18-11.33.43:066][361]LogModuleManager: Shutting down and abandoning module AppleImageUtilsBlueprintSupport (562)
[2026.09.18-11.33.43:066][361]LogModuleManager: Shutting down and abandoning module AppleImageUtils (560)
[2026.09.18-11.33.43:066][361]LogModuleManager: Shutting down and abandoning module EditableMesh (558)
[2026.09.18-11.33.43:066][361]LogModuleManager: Shutting down and abandoning module CustomMeshComponent (556)
[2026.09.18-11.33.43:066][361]LogModuleManager: Shutting down and abandoning module ActorLayerUtilitiesEditor (554)
[2026.09.18-11.33.43:066][361]LogModuleManager: Shutting down and abandoning module ActorLayerUtilities (552)
[2026.09.18-11.33.43:066][361]LogModuleManager: Shutting down and abandoning module AssetTags (550)
[2026.09.18-11.33.43:066][361]LogModuleManager: Shutting down and abandoning module AndroidPermission (548)
[2026.09.18-11.33.43:066][361]LogModuleManager: Shutting down and abandoning module TemplateSequence (546)
[2026.09.18-11.33.43:066][361]LogModuleManager: Shutting down and abandoning module MediaCompositing (544)
[2026.09.18-11.33.43:066][361]LogModuleManager: Shutting down and abandoning module ImgMedia (542)
[2026.09.18-11.33.43:066][361]LogModuleManager: Shutting down and abandoning module GeometryCollectionTracks (540)
[2026.09.18-11.33.43:066][361]LogModuleManager: Shutting down and abandoning module GeometryCollectionSequencer (539)
[2026.09.18-11.33.43:066][361]LogModuleManager: Shutting down and abandoning module GeometryCollectionEditor (536)
[2026.09.18-11.33.43:066][361]LogModuleManager: Shutting down and abandoning module MotoSynthEditor (534)
[2026.09.18-11.33.43:066][361]LogModuleManager: Shutting down and abandoning module MotoSynth (532)
[2026.09.18-11.33.43:066][361]LogModuleManager: Shutting down and abandoning module OpenImageDenoise (530)
[2026.09.18-11.33.43:066][361]LogOpenImageDenoise: OIDN shutting down
[2026.09.18-11.33.43:066][361]LogModuleManager: Shutting down and abandoning module MeshConversion (528)
[2026.09.18-11.33.43:066][361]LogModuleManager: Shutting down and abandoning module DynamicMesh (526)
[2026.09.18-11.33.43:066][361]LogModuleManager: Shutting down and abandoning module GeometryAlgorithms (524)
[2026.09.18-11.33.43:066][361]LogModuleManager: Shutting down and abandoning module GeometricObjects (522)
[2026.09.18-11.33.43:066][361]LogModuleManager: Shutting down and abandoning module GeometryCacheTracks (520)
[2026.09.18-11.33.43:066][361]LogModuleManager: Shutting down and abandoning module GeometryCacheStreamer (518)
[2026.09.18-11.33.43:066][361]LogModuleManager: Shutting down and abandoning module GeometryCacheSequencer (516)
[2026.09.18-11.33.43:066][361]LogModuleManager: Shutting down and abandoning module MagicLeapSharedWorld (514)
[2026.09.18-11.33.43:066][361]LogModuleManager: Shutting down and abandoning module MagicLeapLightEstimation (512)
[2026.09.18-11.33.43:066][361]LogModuleManager: Shutting down and abandoning module MagicLeapHelperVulkan (510)
[2026.09.18-11.33.43:066][361]LogModuleManager: Shutting down and abandoning module MagicLeapHelperOpenGL (508)
[2026.09.18-11.33.43:066][361]LogModuleManager: Shutting down and abandoning module MagicLeapAudio (506)
[2026.09.18-11.33.43:066][361]LogModuleManager: Shutting down and abandoning module SpeedTreeImporter (504)
[2026.09.18-11.33.43:066][361]LogModuleManager: Shutting down and abandoning module PluginBrowser (502)
[2026.09.18-11.33.43:066][361]LogModuleManager: Shutting down and abandoning module MobileLauncherProfileWizard (500)
[2026.09.18-11.33.43:066][361]LogModuleManager: Shutting down and abandoning module BackChannel (498)
[2026.09.18-11.33.43:066][361]LogModuleManager: Shutting down and abandoning module MaterialAnalyzer (496)
[2026.09.18-11.33.43:066][361]LogModuleManager: Shutting down and abandoning module CurveEditorTools (494)
[2026.09.18-11.33.43:066][361]LogModuleManager: Shutting down and abandoning module CryptoKeysOpenSSL (492)
[2026.09.18-11.33.43:066][361]LogModuleManager: Shutting down and abandoning module CryptoKeys (490)
[2026.09.18-11.33.43:066][361]LogModuleManager: Shutting down and abandoning module ChaosNiagara (488)
[2026.09.18-11.33.43:066][361]LogModuleManager: Shutting down and abandoning module ChaosSolverEditor (486)
[2026.09.18-11.33.43:066][361]LogModuleManager: Shutting down and abandoning module ChaosClothEditor (484)
[2026.09.18-11.33.43:066][361]LogModuleManager: Shutting down and abandoning module FractureEditor (482)
[2026.09.18-11.33.43:066][361]LogModuleManager: Shutting down and abandoning module FieldSystemEngine (481)
[2026.09.18-11.33.43:066][361]LogModuleManager: Shutting down and abandoning module NiagaraEditorWidgets (478)
[2026.09.18-11.33.43:066][361]LogModuleManager: Shutting down and abandoning module AutomationUtilsEditor (476)
[2026.09.18-11.33.43:066][361]LogModuleManager: Shutting down and abandoning module AutomationUtils (474)
[2026.09.18-11.33.43:066][361]LogModuleManager: Shutting down and abandoning module AlembicImporter (472)
[2026.09.18-11.33.43:066][361]LogModuleManager: Shutting down and abandoning module AlembicLibrary (471)
[2026.09.18-11.33.43:066][361]LogModuleManager: Shutting down and abandoning module GeometryCache (470)
[2026.09.18-11.33.43:066][361]LogModuleManager: Shutting down and abandoning module GeometryCacheEd (469)
[2026.09.18-11.33.43:066][361]LogModuleManager: Shutting down and abandoning module VariantManagerContentEditor (464)
[2026.09.18-11.33.43:066][361]LogModuleManager: Shutting down and abandoning module DatasmithContentEditor (462)
[2026.09.18-11.33.43:066][361]LogModuleManager: Shutting down and abandoning module VisualStudioSourceCodeAccess (460)
[2026.09.18-11.33.43:067][361]LogModuleManager: Shutting down and abandoning module VisualStudioCodeSourceCodeAccess (458)
[2026.09.18-11.33.43:067][361]LogModuleManager: Shutting down and abandoning module UObjectPlugin (456)
[2026.09.18-11.33.43:067][361]LogModuleManager: Shutting down and abandoning module RiderSourceCodeAccess (454)
[2026.09.18-11.33.43:067][361]LogModuleManager: Shutting down and abandoning module SubversionSourceControl (452)
[2026.09.18-11.33.43:067][361]LogModuleManager: Shutting down and abandoning module PluginUtils (450)
[2026.09.18-11.33.43:067][361]LogModuleManager: Shutting down and abandoning module PlasticSourceControl (448)
[2026.09.18-11.33.43:067][361]LogModuleManager: Shutting down and abandoning module PerforceSourceControl (446)
[2026.09.18-11.33.43:067][361]LogModuleManager: Shutting down and abandoning module GitSourceControl (444)
[2026.09.18-11.33.43:067][361]LogModuleManager: Shutting down and abandoning module SourceControl (443)
[2026.09.18-11.33.43:067][361]LogModuleManager: Shutting down and abandoning module OodleNetworkHandlerComponent (440)
[2026.09.18-11.33.43:067][361]LogModuleManager: Shutting down and abandoning module CLionSourceCodeAccess (438)
[2026.09.18-11.33.43:067][361]LogModuleManager: Shutting down and abandoning module AnimationSharingEd (436)
[2026.09.18-11.33.43:067][361]LogModuleManager: Shutting down and abandoning module LightPropagationVolumeEditor (434)
[2026.09.18-11.33.43:067][361]LogModuleManager: Shutting down and abandoning module LiveLinkSequencer (432)
[2026.09.18-11.33.43:067][361]LogModuleManager: Shutting down and abandoning module LiveLinkMovieScene (430)
[2026.09.18-11.33.43:067][361]LogModuleManager: Shutting down and abandoning module LiveLinkGraphNode (428)
[2026.09.18-11.33.43:067][361]LogModuleManager: Shutting down and abandoning module LiveLinkEditor (426)
[2026.09.18-11.33.43:067][361]LogModuleManager: Shutting down and abandoning module LiveLinkComponents (424)
[2026.09.18-11.33.43:067][361]LogModuleManager: Shutting down and abandoning module LiveLink (422)
[2026.09.18-11.33.43:997][361]LogModuleManager: Shutting down and abandoning module PaperTiledImporter (420)
[2026.09.18-11.33.43:998][361]LogModuleManager: Shutting down and abandoning module PaperSpriteSheetImporter (418)
[2026.09.18-11.33.43:998][361]LogModuleManager: Shutting down and abandoning module Paper2DEditor (416)
[2026.09.18-11.33.43:998][361]LogModuleManager: Shutting down and abandoning module MeshPaintingToolset (414)
[2026.09.18-11.33.43:998][361]LogModuleManager: Shutting down and abandoning module MeshPaintEditorMode (412)
[2026.09.18-11.33.43:998][361]LogModuleManager: Shutting down and abandoning module AudioSynesthesia (410)
[2026.09.18-11.33.43:998][361]LogModuleManager: Shutting down and abandoning module AudioSynesthesiaCore (408)
[2026.09.18-11.33.43:998][361]LogModuleManager: Shutting down and abandoning module SignificanceManager (406)
[2026.09.18-11.33.43:998][361]LogModuleManager: Shutting down and abandoning module SoundFields (404)
[2026.09.18-11.33.43:998][361]LogModuleManager: Shutting down and abandoning module RuntimePhysXCooking (402)
[2026.09.18-11.33.43:998][361]LogModuleManager: Shutting down and abandoning module PropertyAccessEditor (400)
[2026.09.18-11.33.43:998][361]LogModuleManager: Shutting down and abandoning module PhysXVehiclesEditor (398)
[2026.09.18-11.33.43:998][361]LogModuleManager: Shutting down and abandoning module LocationServicesBPLibrary (394)
[2026.09.18-11.33.43:998][361]LogModuleManager: Shutting down and abandoning module UdpMessaging (392)
[2026.09.18-11.33.44:100][361]LogModuleManager: Shutting down and abandoning module TcpMessaging (390)
[2026.09.18-11.33.44:200][361]LogModuleManager: Shutting down and abandoning module ActorSequence (388)
[2026.09.18-11.33.44:200][361]LogModuleManager: Shutting down and abandoning module ImgMediaEngine (386)
[2026.09.18-11.33.44:200][361]LogModuleManager: Shutting down and abandoning module PythonScriptPlugin (384)
[2026.09.18-11.33.44:200][361]LogModuleManager: Shutting down and abandoning module MagicLeapARPin (382)
[2026.09.18-11.33.44:200][361]LogModuleManager: Shutting down and abandoning module DataValidation (380)
[2026.09.18-11.33.44:200][361]LogModuleManager: Shutting down and abandoning module MagicLeapHandMeshing (378)
[2026.09.18-11.33.44:200][361]LogModuleManager: Shutting down and abandoning module MagicLeapSecureStorage (376)
[2026.09.18-11.33.44:200][361]LogModuleManager: Shutting down and abandoning module MagicLeapPrivileges (374)
[2026.09.18-11.33.44:200][361]LogModuleManager: Shutting down and abandoning module MagicLeapPlanes (372)
[2026.09.18-11.33.44:200][361]LogMagicLeapPlanes: Planes tracker already destroyed.
[2026.09.18-11.33.44:200][361]LogModuleManager: Shutting down and abandoning module MagicLeapImageTracker (370)
[2026.09.18-11.33.44:200][361]LogModuleManager: Shutting down and abandoning module MagicLeapIdentity (368)
[2026.09.18-11.33.44:200][361]LogModuleManager: Shutting down and abandoning module MagicLeapHandTracking (366)
[2026.09.18-11.33.44:200][361]LogModuleManager: Shutting down and abandoning module MagicLeapEyeTracker (364)
[2026.09.18-11.33.44:200][361]LogModuleManager: Shutting down and abandoning module MagicLeapController (362)
[2026.09.18-11.33.44:200][361]LogModuleManager: Shutting down and abandoning module MagicLeapARPinImpl (360)
[2026.09.18-11.33.44:200][361]LogModuleManager: Shutting down and abandoning module MagicLeapAR (358)
[2026.09.18-11.33.44:200][361]LogModuleManager: Shutting down and abandoning module GameplayTagsEditor (356)
[2026.09.18-11.33.44:200][361]LogModuleManager: Shutting down and abandoning module FacialAnimationEditor (354)
[2026.09.18-11.33.44:200][361]LogModuleManager: Shutting down and abandoning module FacialAnimation (352)
[2026.09.18-11.33.44:200][361]LogModuleManager: Shutting down and abandoning module AssetManagerEditor (350)
[2026.09.18-11.33.44:200][361]LogModuleManager: Shutting down and abandoning module LevelEditor (349)
[2026.09.18-11.33.44:200][361]LogModuleManager: Shutting down and abandoning module PixelInspectorModule (348)
[2026.09.18-11.33.44:200][361]LogModuleManager: Shutting down and abandoning module CommonMenuExtensions (346)
[2026.09.18-11.33.44:200][361]LogModuleManager: Shutting down and abandoning module MainFrame (344)
[2026.09.18-11.33.44:201][361]LogModuleManager: Shutting down and abandoning module HotReload (343)
[2026.09.18-11.33.44:201][361]LogModuleManager: Shutting down and abandoning module ToolMenus (339)
[2026.09.18-11.33.44:201][361]LogModuleManager: Shutting down and abandoning module TreeMap (337)
[2026.09.18-11.33.44:201][361]LogModuleManager: Shutting down and abandoning module NiagaraAnimNotifies (334)
[2026.09.18-11.33.44:201][361]LogModuleManager: Shutting down and abandoning module Niagara (332)
[2026.09.18-11.33.44:201][361]LogModuleManager: Shutting down and abandoning module SignalProcessing (331)
[2026.09.18-11.33.44:201][361]LogModuleManager: Shutting down and abandoning module NiagaraEditor (329)
[2026.09.18-11.33.44:201][361]LogModuleManager: Shutting down and abandoning module ContentBrowser (328)
[2026.09.18-11.33.44:201][361]LogModuleManager: Shutting down and abandoning module ContentBrowserData (327)
[2026.09.18-11.33.44:201][361]LogModuleManager: Shutting down and abandoning module NiagaraCore (322)
[2026.09.18-11.33.44:201][361]LogModuleManager: Shutting down and abandoning module PropertyAccessNode (320)
[2026.09.18-11.33.44:201][361]LogModuleManager: Shutting down and abandoning module AnimationSharing (318)
[2026.09.18-11.33.44:201][361]LogModuleManager: Shutting down and abandoning module GameplayCameras (316)
[2026.09.18-11.33.44:201][361]LogModuleManager: Shutting down and abandoning module LightPropagationVolumeRuntime (314)
[2026.09.18-11.33.44:201][361]LogModuleManager: Shutting down and abandoning module EnvironmentQueryEditor (312)
[2026.09.18-11.33.44:201][361]LogModuleManager: Shutting down and abandoning module Paper2D (310)
[2026.09.18-11.33.44:201][361]LogModuleManager: Shutting down and abandoning module WindowsMoviePlayer (308)
[2026.09.18-11.33.44:201][361]LogModuleManager: Shutting down and abandoning module WebMMoviePlayer (306)
[2026.09.18-11.33.44:201][361]LogModuleManager: Shutting down and abandoning module NetworkReplayStreaming (304)
[2026.09.18-11.33.44:201][361]LogModuleManager: Shutting down and abandoning module PacketHandler (302)
[2026.09.18-11.33.44:201][361]LogModuleManager: Shutting down and abandoning module ClothingSystemEditor (300)
[2026.09.18-11.33.44:201][361]LogModuleManager: Shutting down and abandoning module ClothingSystemRuntimeNv (298)
[2026.09.18-11.33.44:201][361]LogModuleManager: Shutting down and abandoning module MediaAssets (296)
[2026.09.18-11.33.44:201][361]LogModuleManager: Shutting down and abandoning module Overlay (294)
[2026.09.18-11.33.44:201][361]LogModuleManager: Shutting down and abandoning module OverlayEditor (293)
[2026.09.18-11.33.44:201][361]LogModuleManager: Shutting down and abandoning module VREditor (290)
[2026.09.18-11.33.44:201][361]LogModuleManager: Shutting down and abandoning module StringTableEditor (288)
[2026.09.18-11.33.44:201][361]LogModuleManager: Shutting down and abandoning module GameplayTasksEditor (286)
[2026.09.18-11.33.44:201][361]LogModuleManager: Shutting down and abandoning module BehaviorTreeEditor (284)
[2026.09.18-11.33.44:201][361]LogModuleManager: Shutting down and abandoning module FunctionalTesting (282)
[2026.09.18-11.33.44:201][361]LogModuleManager: Shutting down and abandoning module CollisionAnalyzer (280)
[2026.09.18-11.33.44:201][361]LogModuleManager: Shutting down and abandoning module WorkspaceMenuStructure (279)
[2026.09.18-11.33.44:201][361]LogModuleManager: Shutting down and abandoning module UMG (276)
[2026.09.18-11.33.44:201][361]LogModuleManager: Shutting down and abandoning module UMGEditor (275)
[2026.09.18-11.33.44:203][361]LogModuleManager: Shutting down and abandoning module MessageLog (273)
[2026.09.18-11.33.44:203][361]LogModuleManager: Shutting down and abandoning module SlateReflector (268)
[2026.09.18-11.33.44:204][361]LogModuleManager: Shutting down and abandoning module Slate (266)
[2026.09.18-11.33.44:204][361]LogModuleManager: Shutting down and abandoning module SlateCore (264)
[2026.09.18-11.33.44:204][361]LogModuleManager: Shutting down and abandoning module LandscapeEditorUtilities (262)
[2026.09.18-11.33.44:204][361]LogModuleManager: Shutting down and abandoning module UnrealEd (260)
[2026.09.18-11.33.44:204][361]LogModuleManager: Shutting down and abandoning module MRMesh (258)
[2026.09.18-11.33.44:204][361]LogModuleManager: Shutting down and abandoning module SourceCodeAccess (256)
[2026.09.18-11.33.44:204][361]LogModuleManager: Shutting down and abandoning module HeadMountedDisplay (254)
[2026.09.18-11.33.44:204][361]LogModuleManager: Shutting down and abandoning module XAudio2 (252)
[2026.09.18-11.33.44:204][361]LogModuleManager: Shutting down and abandoning module Networking (250)
[2026.09.18-11.33.44:204][361]LogModuleManager: Shutting down and abandoning module Core (248)
[2026.09.18-11.33.44:204][361]LogModuleManager: Shutting down and abandoning module MaterialEditor (246)
[2026.09.18-11.33.44:204][361]LogModuleManager: Shutting down and abandoning module MovieSceneTools (244)
[2026.09.18-11.33.44:204][361]LogModuleManager: Shutting down and abandoning module CurveEditor (243)
[2026.09.18-11.33.44:204][361]LogModuleManager: Shutting down and abandoning module Sequencer (241)
[2026.09.18-11.33.44:204][361]LogModuleManager: Shutting down and abandoning module EditorStyle (240)
[2026.09.18-11.33.44:205][361]LogModuleManager: Shutting down and abandoning module KismetCompiler (236)
[2026.09.18-11.33.44:205][361]LogModuleManager: Shutting down and abandoning module MeshBuilder (234)
[2026.09.18-11.33.44:205][361]LogModuleManager: Shutting down and abandoning module MeshUtilities (232)
[2026.09.18-11.33.44:205][361]LogModuleManager: Shutting down and abandoning module MeshMergeUtilities (231)
[2026.09.18-11.33.44:205][361]LogModuleManager: Shutting down and abandoning module MeshReductionInterface (230)
[2026.09.18-11.33.44:205][361]LogModuleManager: Shutting down and abandoning module MeshBoneReduction (229)
[2026.09.18-11.33.44:205][361]LogModuleManager: Shutting down and abandoning module SkeletalMeshReduction (227)
[2026.09.18-11.33.44:205][361]LogModuleManager: Shutting down and abandoning module ProxyLODMeshReduction (225)
[2026.09.18-11.33.44:205][361]LogModuleManager: Shutting down and abandoning module QuadricMeshReduction (223)
[2026.09.18-11.33.44:205][361]LogModuleManager: Shutting down and abandoning module MaterialBaking (219)
[2026.09.18-11.33.44:205][361]LogModuleManager: Shutting down and abandoning module NullInstallBundleManager (214)
[2026.09.18-11.33.44:205][361]LogModuleManager: Shutting down and abandoning module DerivedDataCache (212)
[2026.09.18-11.33.44:205][361]LogModuleManager: Shutting down and abandoning module TargetPlatform (210)
[2026.09.18-11.33.44:205][361]LogModuleManager: Shutting down and abandoning module VulkanShaderFormat (209)
[2026.09.18-11.33.44:205][361]LogModuleManager: Shutting down and abandoning module ShaderFormatVectorVM (207)
[2026.09.18-11.33.44:205][361]LogModuleManager: Shutting down and abandoning module ShaderFormatOpenGL (205)
[2026.09.18-11.33.44:205][361]LogModuleManager: Shutting down and abandoning module ShaderFormatD3D (203)
[2026.09.18-11.33.44:205][361]LogModuleManager: Shutting down and abandoning module MetalShaderFormat (201)
[2026.09.18-11.33.44:205][361]LogModuleManager: Shutting down and abandoning module TextureFormatOodle (199)
[2026.09.18-11.33.44:205][361]LogModuleManager: Shutting down and abandoning module TextureFormatUncompressed (197)
[2026.09.18-11.33.44:205][361]LogModuleManager: Shutting down and abandoning module TextureFormatPVR (195)
[2026.09.18-11.33.44:205][361]LogModuleManager: Shutting down and abandoning module TextureFormatETC2 (193)
[2026.09.18-11.33.44:205][361]LogModuleManager: Shutting down and abandoning module TextureFormatDXT (191)
[2026.09.18-11.33.44:205][361]LogModuleManager: Shutting down and abandoning module TextureFormatIntelISPCTexComp (189)
[2026.09.18-11.33.44:205][361]LogModuleManager: Shutting down and abandoning module TextureFormatASTC (187)
[2026.09.18-11.33.44:205][361]LogModuleManager: Shutting down and abandoning module ImageWrapper (186)
[2026.09.18-11.33.44:205][361]LogModuleManager: Shutting down and abandoning module AudioFormatOpus (183)
[2026.09.18-11.33.44:205][361]LogModuleManager: Shutting down and abandoning module AudioFormatOgg (181)
[2026.09.18-11.33.44:205][361]LogModuleManager: Shutting down and abandoning module AudioFormatADPCM (179)
[2026.09.18-11.33.44:205][361]LogModuleManager: Shutting down and abandoning module WindowsServerTargetPlatform (177)
[2026.09.18-11.33.44:205][361]LogModuleManager: Shutting down and abandoning module WindowsClientTargetPlatform (175)
[2026.09.18-11.33.44:205][361]LogModuleManager: Shutting down and abandoning module WindowsTargetPlatform (173)
[2026.09.18-11.33.44:205][361]LogModuleManager: Shutting down and abandoning module WindowsNoEditorTargetPlatform (171)
[2026.09.18-11.33.44:205][361]LogModuleManager: Shutting down and abandoning module TVOSTargetPlatform (169)
[2026.09.18-11.33.44:206][361]LogModuleManager: Shutting down and abandoning module MacServerTargetPlatform (167)
[2026.09.18-11.33.44:206][361]LogModuleManager: Shutting down and abandoning module MacClientTargetPlatform (165)
[2026.09.18-11.33.44:206][361]LogModuleManager: Shutting down and abandoning module MacTargetPlatform (163)
[2026.09.18-11.33.44:206][361]LogModuleManager: Shutting down and abandoning module MacNoEditorTargetPlatform (161)
[2026.09.18-11.33.44:206][361]LogModuleManager: Shutting down and abandoning module LuminTargetPlatform (159)
[2026.09.18-11.33.44:206][361]LogModuleManager: Shutting down and abandoning module LinuxAArch64ServerTargetPlatform (157)
[2026.09.18-11.33.44:206][361]LogModuleManager: Shutting down and abandoning module LinuxAArch64ClientTargetPlatform (155)
[2026.09.18-11.33.44:206][361]LogModuleManager: Shutting down and abandoning module LinuxAArch64NoEditorTargetPlatform (153)
[2026.09.18-11.33.44:206][361]LogModuleManager: Shutting down and abandoning module LinuxServerTargetPlatform (151)
[2026.09.18-11.33.44:206][361]LogModuleManager: Shutting down and abandoning module LinuxClientTargetPlatform (149)
[2026.09.18-11.33.44:206][361]LogModuleManager: Shutting down and abandoning module LinuxNoEditorTargetPlatform (147)
[2026.09.18-11.33.44:206][361]LogModuleManager: Shutting down and abandoning module LinuxTargetPlatform (145)
[2026.09.18-11.33.44:206][361]LogModuleManager: Shutting down and abandoning module Messaging (143)
[2026.09.18-11.33.44:206][361]LogModuleManager: Shutting down and abandoning module IOSTargetPlatform (141)
[2026.09.18-11.33.44:206][361]LogModuleManager: Shutting down and abandoning module AndroidTargetPlatform (139)
[2026.09.18-11.33.44:207][361]LogModuleManager: Shutting down and abandoning module AllDesktopTargetPlatform (137)
[2026.09.18-11.33.44:207][361]LogModuleManager: Shutting down and abandoning module D3D11RHI (134)
[2026.09.18-11.33.44:207][361]LogModuleManager: Shutting down and abandoning module InputCore (132)
[2026.09.18-11.33.44:207][361]LogModuleManager: Shutting down and abandoning module Settings (130)
[2026.09.18-11.33.44:208][361]LogModuleManager: Shutting down and abandoning module DirectoryWatcher (128)
[2026.09.18-11.33.44:208][361]LogModuleManager: Shutting down and abandoning module PhysXCooking (126)
[2026.09.18-11.33.44:208][361]LogModuleManager: Shutting down and abandoning module Chaos (124)
[2026.09.18-11.33.44:208][361]LogModuleManager: Shutting down and abandoning module WindowsPlatformFeatures (122)
[2026.09.18-11.33.44:208][361]LogModuleManager: Shutting down and abandoning module GameplayMediaEncoder (121)
[2026.09.18-11.33.44:208][361]LogModuleManager: Shutting down and abandoning module AVEncoder (120)
[2026.09.18-11.33.44:208][361]LogModuleManager: Shutting down and abandoning module SteamVRInputDevice (116)
[2026.09.18-11.33.44:208][361]LogModuleManager: Shutting down and abandoning module SteamVRInput (114)
[2026.09.18-11.33.44:208][361]LogModuleManager: Shutting down and abandoning module SteamVR (112)
[2026.09.18-11.33.44:208][361]LogHMD: Freeing OpenVRDLLHandle.
[2026.09.18-11.33.44:208][361]LogModuleManager: Shutting down and abandoning module OculusHMD (110)
[2026.09.18-11.33.44:208][361]LogModuleManager: Shutting down and abandoning module OpenXRHandTracking (108)
[2026.09.18-11.33.44:208][361]LogSlate: Slate User Destroyed.  User Index 0, Is Virtual User: 0
[2026.09.18-11.33.44:208][361]LogModuleManager: Shutting down and abandoning module OpenXRAR (106)
[2026.09.18-11.33.44:208][361]LogModuleManager: Shutting down and abandoning module AugmentedReality (105)
[2026.09.18-11.33.44:208][361]LogModuleManager: Shutting down and abandoning module OpenXRHMD (102)
[2026.09.18-11.33.44:208][361]LogModuleManager: Shutting down and abandoning module OpenXREyeTracker (100)
[2026.09.18-11.33.44:208][361]LogModuleManager: Shutting down and abandoning module ExampleDeviceProfileSelector (98)
[2026.09.18-11.33.44:208][361]LogModuleManager: Shutting down and abandoning module LauncherChunkInstaller (96)
[2026.09.18-11.33.44:208][361]LogModuleManager: Shutting down and abandoning module ChunkDownloader (94)
[2026.09.18-11.33.44:208][361]LogModuleManager: Shutting down and abandoning module OnlineBlueprintSupport (92)
[2026.09.18-11.33.44:208][361]LogModuleManager: Shutting down and abandoning module OnlineSubsystem (88)
[2026.09.18-11.33.44:209][361]LogModuleManager: Shutting down and abandoning module XMPP (83)
[2026.09.18-11.33.44:209][361]LogModuleManager: Shutting down and abandoning module WebSockets (82)
[2026.09.18-11.33.44:223][361]LogModuleManager: Shutting down and abandoning module HTTP (79)
[2026.09.18-11.33.44:223][361]LogHttp: Display: Http module shutting down, but needs to wait on 1 outstanding Http requests:
[2026.09.18-11.33.44:223][361]LogHttp: Display: 	verb=[POST] url=[https://datarouter.ol.epicgames.com/datarouter/api/v1/public/data?SessionID=%7B21CB948C-41D9-294C-781D-C1AE7794EF1D%7D&AppID=UEEditor.Rocket.Release&AppVersion=4.27.2-18319896%2B%2B%2BUE4%2BRelease-4.27&UserID=de22c3ba43decee7743c7b82d2bba046%7C74750d08f8da47ffa3cb3b6fa054bc8a%7C80cb520e-b2d7-4b07-b694-d314960107a6&AppEnvironment=datacollector-binary&UploadType=eteventstream] refs=[1] status=Processing
[2026.09.18-11.33.44:223][361]LogHttp: Display: cleaning up 1 outstanding Http requests.
[2026.09.18-11.33.44:256][361]LogModuleManager: Shutting down and abandoning module SSL (78)
[2026.09.18-11.33.44:256][361]LogModuleManager: Shutting down and abandoning module WmfMedia (74)
[2026.09.18-11.33.44:257][361]LogModuleManager: Shutting down and abandoning module Media (73)
[2026.09.18-11.33.44:258][361]LogModuleManager: Shutting down and abandoning module MediaInfo (72)
[2026.09.18-11.33.44:258][361]LogModuleManager: Shutting down and abandoning module ExrReaderGpu (68)
[2026.09.18-11.33.44:258][361]LogModuleManager: Shutting down and abandoning module MLSDK (66)
[2026.09.18-11.33.44:258][361]LogModuleManager: Shutting down and abandoning module MagicLeap (64)
[2026.09.18-11.33.44:258][361]LogModuleManager: Shutting down and abandoning module ChaosCloth (62)
[2026.09.18-11.33.44:258][361]LogModuleManager: Shutting down and abandoning module NiagaraVertexFactories (60)
[2026.09.18-11.33.44:258][361]LogModuleManager: Shutting down and abandoning module NiagaraShader (58)
[2026.09.18-11.33.44:258][361]LogModuleManager: Shutting down and abandoning module VariantManagerContent (56)
[2026.09.18-11.33.44:258][361]LogModuleManager: Shutting down and abandoning module DatasmithContent (54)
[2026.09.18-11.33.44:258][361]LogModuleManager: Shutting down and abandoning module PixWinPlugin (52)
[2026.09.18-11.33.44:258][361]LogModuleManager: Shutting down and abandoning module AISupportModule (50)
[2026.09.18-11.33.44:258][361]LogModuleManager: Shutting down and abandoning module DesktopPlatform (48)
[2026.09.18-11.33.44:258][361]LogModuleManager: Shutting down and abandoning module PlatformCryptoOpenSSL (46)
[2026.09.18-11.33.44:258][361]LogModuleManager: Shutting down and abandoning module PlatformCryptoTypes (44)
[2026.09.18-11.33.44:258][361]LogModuleManager: Shutting down and abandoning module PlatformCrypto (42)
[2026.09.18-11.33.44:258][361]LogModuleManager: Shutting down and abandoning module PythonScriptPluginPreload (40)
[2026.09.18-11.33.44:259][361]LogModuleManager: Shutting down and abandoning module OodleDataCompressionFormat (38)
[2026.09.18-11.33.44:259][361]LogModuleManager: Shutting down and abandoning module XGEController (36)
[2026.09.18-11.33.44:259][361]LogXGEController: Cleaning working directory: C:/Users/jeffr/AppData/Local/Temp/UnrealXGEWorkingDir/
[2026.09.18-11.33.44:259][361]LogModuleManager: Shutting down and abandoning module AnimationModifiers (34)
[2026.09.18-11.33.44:259][361]LogModuleManager: Shutting down and abandoning module AudioEditor (32)
[2026.09.18-11.33.44:259][361]LogModuleManager: Shutting down and abandoning module PropertyEditor (31)
[2026.09.18-11.33.44:259][361]LogModuleManager: Shutting down and abandoning module TextureCompressor (28)
[2026.09.18-11.33.44:259][361]LogModuleManager: Shutting down and abandoning module RenderCore (26)
[2026.09.18-11.33.44:259][361]LogModuleManager: Shutting down and abandoning module Landscape (24)
[2026.09.18-11.33.44:259][361]LogModuleManager: Shutting down and abandoning module SlateRHIRenderer (22)
[2026.09.18-11.33.44:260][361]LogModuleManager: Shutting down and abandoning module AnimGraphRuntime (20)
[2026.09.18-11.33.44:260][361]LogModuleManager: Shutting down and abandoning module Renderer (18)
[2026.09.18-11.33.44:260][361]LogModuleManager: Shutting down and abandoning module Engine (16)
[2026.09.18-11.33.44:260][361]LogModuleManager: Shutting down and abandoning module CoreUObject (14)
[2026.09.18-11.33.44:260][361]LogModuleManager: Shutting down and abandoning module NetworkFile (12)
[2026.09.18-11.33.44:260][361]LogModuleManager: Shutting down and abandoning module CookedIterativeFile (10)
[2026.09.18-11.33.44:260][361]LogModuleManager: Shutting down and abandoning module StreamingFile (8)
[2026.09.18-11.33.44:260][361]LogModuleManager: Shutting down and abandoning module SandboxFile (6)
[2026.09.18-11.33.44:260][361]LogModuleManager: Shutting down and abandoning module PakFile (4)
[2026.09.18-11.33.44:260][361]LogModuleManager: Shutting down and abandoning module RSA (3)
[2026.09.18-11.33.44:619][361]LogContentStreaming: Display: There are 1 unreleased StreamingManagers
[2026.09.18-11.33.44:646][361]LogD3D11RHI: Shutdown
[2026.09.18-11.33.44:646][361]LogD3D11RHI: CleanupD3DDevice
[2026.09.18-11.33.44:648][361]LogExit: Exiting.
[2026.09.18-11.33.44:658][361]Log file closed, 09/18/26 19:33:44
