Log file open, 09/16/26 12:45:48
LogWindows: Failed to load 'aqProf.dll' (GetLastError=126)
LogWindows: File 'aqProf.dll' does not exist
LogWindows: Failed to load 'VtuneApi.dll' (GetLastError=126)
LogWindows: File 'VtuneApi.dll' does not exist
LogWindows: Failed to load 'VtuneApi32e.dll' (GetLastError=126)
LogWindows: File 'VtuneApi32e.dll' does not exist
LogConsoleResponse: Display: Failed to find resolution value strings in scalability ini. Falling back to default.
LogConsoleResponse: Display: Failed to find resolution value strings in scalability ini. Falling back to default.
LogInit: Display: Running engine for game: MyProject
LogPlatformFile: Not using cached read wrapper
LogTaskGraph: Started task graph with 5 named threads and 83 total threads with 3 sets of task threads.
LogStats: Stats thread started at 1.148014
LogICUInternationalization: ICU TimeZone Detection - Raw Offset: +8:00, Platform Override: ''
LogInit: Display: Loading text-based GConfig....
LogPluginManager: Mounting plugin MeshPainting
LogPluginManager: Mounting plugin XGEController
LogPluginManager: Mounting plugin Paper2D
LogPluginManager: Mounting plugin AISupport
LogPluginManager: Mounting plugin EnvironmentQueryEditor
LogPluginManager: Mounting plugin LiveLink
LogPluginManager: Mounting plugin GameplayCameras
LogPluginManager: Mounting plugin OodleData
LogPluginManager: Mounting plugin OodleNetwork
LogPluginManager: Mounting plugin LightPropagationVolume
LogPluginManager: Mounting plugin AnimationSharing
LogPluginManager: Mounting plugin RiderSourceCodeAccess
LogPluginManager: Mounting plugin SubversionSourceControl
LogPluginManager: Mounting plugin UObjectPlugin
LogPluginManager: Mounting plugin CLionSourceCodeAccess
LogPluginManager: Mounting plugin VisualStudioSourceCodeAccess
LogPluginManager: Mounting plugin CodeLiteSourceCodeAccess
LogPluginManager: Mounting plugin KDevelopSourceCodeAccess
LogPluginManager: Mounting plugin PluginUtils
LogPluginManager: Mounting plugin PropertyAccessNode
LogPluginManager: Mounting plugin NullSourceCodeAccess
LogPluginManager: Mounting plugin VisualStudioCodeSourceCodeAccess
LogPluginManager: Mounting plugin TextureFormatOodle
LogPluginManager: Mounting plugin DatasmithContent
LogPluginManager: Mounting plugin PerforceSourceControl
LogPluginManager: Mounting plugin CameraShakePreviewer
LogPluginManager: Mounting plugin XCodeSourceCodeAccess
LogPluginManager: Mounting plugin GitSourceControl
LogPluginManager: Mounting plugin PixWinPlugin
LogPluginManager: Mounting plugin AssetManagerEditor
LogPluginManager: Mounting plugin CurveEditorTools
LogPluginManager: Mounting plugin VariantManagerContent
LogPluginManager: Mounting plugin MacGraphicsSwitching
LogPluginManager: Mounting plugin MaterialAnalyzer
LogPluginManager: Mounting plugin FacialAnimation
LogPluginManager: Mounting plugin MobileLauncherProfileWizard
LogPluginManager: Mounting plugin GeometryMode
LogPluginManager: Mounting plugin PlasticSourceControl
LogPluginManager: Mounting plugin GameplayTagsEditor
LogPluginManager: Mounting plugin PluginBrowser
LogPluginManager: Mounting plugin AlembicImporter
LogPluginManager: Mounting plugin CryptoKeys
LogPluginManager: Mounting plugin DataValidation
LogPluginManager: Mounting plugin BackChannel
LogPluginManager: Mounting plugin AutomationUtils
LogPluginManager: Mounting plugin ChaosNiagara
LogPluginManager: Mounting plugin ChaosCloth
LogPluginManager: Mounting plugin CharacterAI
LogPluginManager: Mounting plugin GeometryCollectionPlugin
LogPluginManager: Mounting plugin GeometryCache
LogPluginManager: Mounting plugin SpeedTreeImporter
LogPluginManager: Mounting plugin ChaosSolverPlugin
LogPluginManager: Mounting plugin MotoSynth
LogPluginManager: Mounting plugin GeometryProcessing
LogPluginManager: Mounting plugin ChaosClothEditor
LogPluginManager: Mounting plugin ChaosEditor
LogPluginManager: Mounting plugin PlanarCut
LogPluginManager: Mounting plugin OpenImageDenoise
LogPluginManager: Mounting plugin PlatformCrypto
LogPluginManager: Mounting plugin ProxyLODPlugin
LogPluginManager: Mounting plugin PythonScriptPlugin
LogPluginManager: Mounting plugin Niagara
LogPluginManager: Mounting plugin ImgMedia
LogPluginManager: Mounting plugin MediaPlayerEditor
LogPluginManager: Mounting plugin MediaCompositing
LogPluginManager: Mounting plugin WebMMedia
LogPluginManager: Mounting plugin WmfMedia
LogPluginManager: Mounting plugin LuminPlatformFeatures
LogPluginManager: Mounting plugin AvfMedia
LogPluginManager: Mounting plugin MagicLeap
LogPluginManager: Mounting plugin SkeletalReduction
LogPluginManager: Mounting plugin AndroidMedia
LogPluginManager: Mounting plugin MagicLeapMedia
LogPluginManager: Mounting plugin MLSDK
LogPluginManager: Mounting plugin TcpMessaging
LogPluginManager: Mounting plugin UdpMessaging
LogPluginManager: Mounting plugin ActorSequence
LogPluginManager: Mounting plugin LevelSequenceEditor
LogPluginManager: Mounting plugin TemplateSequence
LogPluginManager: Mounting plugin ActorLayerUtilities
LogPluginManager: Mounting plugin AndroidPermission
LogPluginManager: Mounting plugin MagicLeapPassableWorld
LogPluginManager: Mounting plugin MagicLeapLightEstimation
LogPluginManager: Mounting plugin ArchVisCharacter
LogPluginManager: Mounting plugin MatineeToLevelSequence
LogPluginManager: Mounting plugin AssetTags
LogPluginManager: Mounting plugin AndroidDeviceProfileSelector
LogPluginManager: Mounting plugin AppleImageUtils
LogPluginManager: Mounting plugin AudioCapture
LogPluginManager: Mounting plugin AudioSynesthesia
LogPluginManager: Mounting plugin CableComponent
LogPluginManager: Mounting plugin ChunkDownloader
LogPluginManager: Mounting plugin CustomMeshComponent
LogPluginManager: Mounting plugin EditableMesh
LogPluginManager: Mounting plugin ExampleDeviceProfileSelector
LogPluginManager: Mounting plugin GooglePAD
LogPluginManager: Mounting plugin AppleMoviePlayer
LogPluginManager: Mounting plugin GoogleCloudMessaging
LogPluginManager: Mounting plugin AndroidMoviePlayer
LogPluginManager: Mounting plugin LocationServicesBPLibrary
LogPluginManager: Mounting plugin MobilePatchingUtils
LogPluginManager: Mounting plugin OpenXR
LogPluginManager: Mounting plugin PhysXVehicles
LogPluginManager: Mounting plugin ProceduralMeshComponent
LogPluginManager: Mounting plugin RuntimePhysXCooking
LogPluginManager: Mounting plugin PostSplashScreen
LogPluginManager: Mounting plugin SignificanceManager
LogPluginManager: Mounting plugin LauncherChunkInstaller
LogPluginManager: Mounting plugin Synthesis
LogPluginManager: Mounting plugin SoundFields
LogPluginManager: Mounting plugin IOSDeviceProfileSelector
LogPluginManager: Mounting plugin LinuxDeviceProfileSelector
LogPluginManager: Mounting plugin OpenXREyeTracker
LogPluginManager: Mounting plugin PropertyAccessEditor
LogPluginManager: Mounting plugin OpenXRHandTracking
LogPluginManager: Mounting plugin OnlineSubsystem
LogPluginManager: Mounting plugin OnlineSubsystemNull
LogPluginManager: Mounting plugin OnlineSubsystemUtils
LogPluginManager: Mounting plugin WindowsMoviePlayer
LogPluginManager: Mounting plugin ScreenshotTools
LogPluginManager: Mounting plugin WebMMoviePlayer
LogPluginManager: Mounting plugin Takes
LogPluginManager: Mounting plugin ContentBrowserAssetDataSource
LogPluginManager: Mounting plugin ContentBrowserFileDataSource
LogPluginManager: Mounting plugin ContentBrowserClassDataSource
LogPluginManager: Mounting plugin OculusVR
LogPluginManager: Mounting plugin SteamVR
LogPluginManager: Mounting plugin OnlineSubsystemGooglePlay
LogPluginManager: Mounting plugin OnlineSubsystemIOS
PixWinPlugin: PIX capture plugin failed to initialize! Check that the process is launched from PIX.
LogInit: Using libcurl 7.55.1-DEV
LogInit:  - built for x86_64-pc-win32
LogInit:  - supports SSL with OpenSSL/1.1.1
LogInit:  - supports HTTP deflate (compression) using libz 1.2.8
LogInit:  - other features:
LogInit:      CURL_VERSION_SSL
LogInit:      CURL_VERSION_LIBZ
LogInit:      CURL_VERSION_IPV6
LogInit:      CURL_VERSION_ASYNCHDNS
LogInit:      CURL_VERSION_LARGEFILE
LogInit:      CURL_VERSION_IDN
LogInit:  CurlRequestOptions (configurable via config and command line):
LogInit:  - bVerifyPeer = true  - Libcurl will verify peer certificate
LogInit:  - bUseHttpProxy = false  - Libcurl will NOT use HTTP proxy
LogInit:  - bDontReuseConnections = false  - Libcurl will reuse connections
LogInit:  - MaxHostConnections = 16  - Libcurl will limit the number of connections to a host
LogInit:  - LocalHostAddr = Default
LogInit:  - BufferSize = 65536
LogOnline: OSS: Creating online subsystem instance for: NULL
LogInit: WinSock: version 1.1 (2.2), MaxSocks=32767, MaxUdp=65467
LogOnline: OSS: TryLoadSubsystemAndSetDefault: Loaded subsystem for module [NULL]
LogOculusPluginWrapper: OculusPlugin initialized successfully
LogHMD: Failed initializing OVRPlugin 1.59.0
LogInit: Build: ++UE4+Release-4.27-CL-18319896
LogInit: Engine Version: 4.27.2-18319896+++UE4+Release-4.27
LogInit: Compatible Engine Version: 4.27.0-17155196+++UE4+Release-4.27
LogInit: Net CL: 17155196
LogInit: OS: Windows 10 (Release 2009) (), CPU: Intel(R) Core(TM) i7-14700HX, GPU: Intel(R) UHD Graphics
LogInit: Compiled (64-bit): Nov 30 2021 07:12:08
LogInit: Compiled with Visual C++: 19.24.28315.00
LogInit: Build Configuration: Development
LogInit: Branch Name: ++UE4+Release-4.27
LogInit: Command Line: 
LogInit: Base Directory: C:/Program Files/Epic Games/UE_4.27/Engine/Binaries/Win64/
LogInit: Allocator: TBB
LogInit: Installed Engine Build: 1
LogDevObjectVersion: Number of dev versions registered: 29
LogDevObjectVersion:   Dev-Blueprints (B0D832E4-1F89-4F0D-ACCF-7EB736FD4AA2): 10
LogDevObjectVersion:   Dev-Build (E1C64328-A22C-4D53-A36C-8E866417BD8C): 0
LogDevObjectVersion:   Dev-Core (375EC13C-06E4-48FB-B500-84F0262A717E): 4
LogDevObjectVersion:   Dev-Editor (E4B068ED-F494-42E9-A231-DA0B2E46BB41): 40
LogDevObjectVersion:   Dev-Framework (CFFC743F-43B0-4480-9391-14DF171D2073): 37
LogDevObjectVersion:   Dev-Mobile (B02B49B5-BB20-44E9-A304-32B752E40360): 3
LogDevObjectVersion:   Dev-Networking (A4E4105C-59A1-49B5-A7C5-40C4547EDFEE): 0
LogDevObjectVersion:   Dev-Online (39C831C9-5AE6-47DC-9A44-9C173E1C8E7C): 0
LogDevObjectVersion:   Dev-Physics (78F01B33-EBEA-4F98-B9B4-84EACCB95AA2): 14
LogDevObjectVersion:   Dev-Platform (6631380F-2D4D-43E0-8009-CF276956A95A): 0
LogDevObjectVersion:   Dev-Rendering (12F88B9F-8875-4AFC-A67C-D90C383ABD29): 45
LogDevObjectVersion:   Dev-Sequencer (7B5AE74C-D270-4C10-A958-57980B212A5A): 13
LogDevObjectVersion:   Dev-VR (D7296918-1DD6-4BDD-9DE2-64A83CC13884): 3
LogDevObjectVersion:   Dev-LoadTimes (C2A15278-BFE7-4AFE-6C17-90FF531DF755): 1
LogDevObjectVersion:   Private-Geometry (6EACA3D4-40EC-4CC1-B786-8BED09428FC5): 3
LogDevObjectVersion:   Dev-AnimPhys (29E575DD-E0A3-4627-9D10-D276232CDCEA): 17
LogDevObjectVersion:   Dev-Anim (AF43A65D-7FD3-4947-9873-3E8ED9C1BB05): 15
LogDevObjectVersion:   Dev-ReflectionCapture (6B266CEC-1EC7-4B8F-A30B-E4D90942FC07): 1
LogDevObjectVersion:   Dev-Automation (0DF73D61-A23F-47EA-B727-89E90C41499A): 1
LogDevObjectVersion:   FortniteMain (601D1886-AC64-4F84-AA16-D3DE0DEAC7D6): 47
LogDevObjectVersion:   FortniteRelease (E7086368-6B23-4C58-8439-1B7016265E91): 1
LogDevObjectVersion:   Dev-Enterprise (9DFFBCD6-494F-0158-E221-12823C92A888): 10
LogDevObjectVersion:   Dev-Niagara (F2AED0AC-9AFE-416F-8664-AA7FFA26D6FC): 1
LogDevObjectVersion:   Dev-Destruction (174F1F0B-B4C6-45A5-B13F-2EE8D0FB917D): 10
LogDevObjectVersion:   Dev-Physics-Ext (35F94A83-E258-406C-A318-09F59610247C): 41
LogDevObjectVersion:   Dev-PhysicsMaterial-Chaos (B68FC16E-8B1B-42E2-B453-215C058844FE): 1
LogDevObjectVersion:   Dev-CineCamera (B2E18506-4273-CFC2-A54E-F4BB758BBA07): 1
LogDevObjectVersion:   Dev-VirtualProduction (64F58936-FD1B-42BA-BA96-7289D5D0FA4E): 1
LogDevObjectVersion:   Dev-MediaFramework (6F0ED827-A609-4895-9C91-998D90180EA4): 2
LogInit: Presizing for max 25165824 objects, including 0 objects not considered by GC, pre-allocating 0 bytes for permanent pool.
LogConfig: Applying CVar settings from Section [/Script/Engine.StreamingSettings] File [D:/inGGIT/SteelEnclo_LD_BO/MyProject/Saved/Config/Windows/Engine.ini]
LogConfig: Setting CVar [[s.MinBulkDataSizeForAsyncLoading:131072]]
LogConfig: Setting CVar [[s.AsyncLoadingThreadEnabled:0]]
LogConfig: Setting CVar [[s.EventDrivenLoaderEnabled:1]]
LogConfig: Setting CVar [[s.WarnIfTimeLimitExceeded:0]]
LogConfig: Setting CVar [[s.TimeLimitExceededMultiplier:1.5]]
LogConfig: Setting CVar [[s.TimeLimitExceededMinTime:0.005]]
LogConfig: Setting CVar [[s.UseBackgroundLevelStreaming:1]]
LogConfig: Setting CVar [[s.PriorityAsyncLoadingExtraTime:15.0]]
LogConfig: Setting CVar [[s.LevelStreamingActorsUpdateTimeLimit:5.0]]
LogConfig: Setting CVar [[s.PriorityLevelStreamingActorsUpdateExtraTime:5.0]]
LogConfig: Setting CVar [[s.LevelStreamingComponentsRegistrationGranularity:10]]
LogConfig: Setting CVar [[s.UnregisterComponentsTimeLimit:1.0]]
LogConfig: Setting CVar [[s.LevelStreamingComponentsUnregistrationGranularity:5]]
LogConfig: Setting CVar [[s.FlushStreamingOnExit:1]]
LogInit: Object subsystem initialized
LogConfig: Setting CVar [[con.DebugEarlyDefault:1]]
LogConfig: Setting CVar [[r.setres:1280x720]]
[2026.09.16-04.45.50:047][  0]LogConfig: Setting CVar [[r.VSync:0]]
[2026.09.16-04.45.50:047][  0]LogConfig: Setting CVar [[r.RHICmdBypass:0]]
[2026.09.16-04.45.50:048][  0]LogConfig: Applying CVar settings from Section [/Script/Engine.RendererSettings] File [D:/inGGIT/SteelEnclo_LD_BO/MyProject/Saved/Config/Windows/Engine.ini]
[2026.09.16-04.45.50:048][  0]LogConfig: Setting CVar [[r.GPUCrashDebugging:0]]
[2026.09.16-04.45.50:048][  0]LogConfig: Applying CVar settings from Section [/Script/Engine.RendererOverrideSettings] File [D:/inGGIT/SteelEnclo_LD_BO/MyProject/Saved/Config/Windows/Engine.ini]
[2026.09.16-04.45.50:048][  0]LogConfig: Applying CVar settings from Section [/Script/Engine.StreamingSettings] File [D:/inGGIT/SteelEnclo_LD_BO/MyProject/Saved/Config/Windows/Engine.ini]
[2026.09.16-04.45.50:048][  0]LogConfig: Setting CVar [[s.MinBulkDataSizeForAsyncLoading:131072]]
[2026.09.16-04.45.50:048][  0]LogConfig: Setting CVar [[s.AsyncLoadingThreadEnabled:0]]
[2026.09.16-04.45.50:048][  0]LogConfig: Setting CVar [[s.EventDrivenLoaderEnabled:1]]
[2026.09.16-04.45.50:048][  0]LogConfig: Setting CVar [[s.WarnIfTimeLimitExceeded:0]]
[2026.09.16-04.45.50:048][  0]LogConfig: Setting CVar [[s.TimeLimitExceededMultiplier:1.5]]
[2026.09.16-04.45.50:048][  0]LogConfig: Setting CVar [[s.TimeLimitExceededMinTime:0.005]]
[2026.09.16-04.45.50:048][  0]LogConfig: Setting CVar [[s.UseBackgroundLevelStreaming:1]]
[2026.09.16-04.45.50:048][  0]LogConfig: Setting CVar [[s.PriorityAsyncLoadingExtraTime:15.0]]
[2026.09.16-04.45.50:048][  0]LogConfig: Setting CVar [[s.LevelStreamingActorsUpdateTimeLimit:5.0]]
[2026.09.16-04.45.50:048][  0]LogConfig: Setting CVar [[s.PriorityLevelStreamingActorsUpdateExtraTime:5.0]]
[2026.09.16-04.45.50:048][  0]LogConfig: Setting CVar [[s.LevelStreamingComponentsRegistrationGranularity:10]]
[2026.09.16-04.45.50:048][  0]LogConfig: Setting CVar [[s.UnregisterComponentsTimeLimit:1.0]]
[2026.09.16-04.45.50:048][  0]LogConfig: Setting CVar [[s.LevelStreamingComponentsUnregistrationGranularity:5]]
[2026.09.16-04.45.50:049][  0]LogConfig: Setting CVar [[s.FlushStreamingOnExit:1]]
[2026.09.16-04.45.50:049][  0]LogConfig: Applying CVar settings from Section [/Script/Engine.GarbageCollectionSettings] File [D:/inGGIT/SteelEnclo_LD_BO/MyProject/Saved/Config/Windows/Engine.ini]
[2026.09.16-04.45.50:049][  0]LogConfig: Setting CVar [[gc.MaxObjectsNotConsideredByGC:1]]
[2026.09.16-04.45.50:049][  0]LogConfig: Setting CVar [[gc.SizeOfPermanentObjectPool:0]]
[2026.09.16-04.45.50:049][  0]LogConfig: Setting CVar [[gc.FlushStreamingOnGC:0]]
[2026.09.16-04.45.50:049][  0]LogConfig: Setting CVar [[gc.NumRetriesBeforeForcingGC:10]]
[2026.09.16-04.45.50:049][  0]LogConfig: Setting CVar [[gc.AllowParallelGC:1]]
[2026.09.16-04.45.50:049][  0]LogConfig: Setting CVar [[gc.TimeBetweenPurgingPendingKillObjects:61.1]]
[2026.09.16-04.45.50:049][  0]LogConfig: Setting CVar [[gc.MaxObjectsInEditor:25165824]]
[2026.09.16-04.45.50:049][  0]LogConfig: Setting CVar [[gc.IncrementalBeginDestroyEnabled:1]]
[2026.09.16-04.45.50:049][  0]LogConfig: Setting CVar [[gc.CreateGCClusters:1]]
[2026.09.16-04.45.50:049][  0]LogConfig: Setting CVar [[gc.MinGCClusterSize:5]]
[2026.09.16-04.45.50:049][  0]LogConfig: Setting CVar [[gc.ActorClusteringEnabled:0]]
[2026.09.16-04.45.50:049][  0]LogConfig: Setting CVar [[gc.BlueprintClusteringEnabled:0]]
[2026.09.16-04.45.50:049][  0]LogConfig: Setting CVar [[gc.UseDisregardForGCOnDedicatedServers:0]]
[2026.09.16-04.45.50:049][  0]LogConfig: Setting CVar [[gc.MultithreadedDestructionEnabled:1]]
[2026.09.16-04.45.50:049][  0]LogConfig: Applying CVar settings from Section [/Script/Engine.NetworkSettings] File [D:/inGGIT/SteelEnclo_LD_BO/MyProject/Saved/Config/Windows/Engine.ini]
[2026.09.16-04.45.50:049][  0]LogConfig: Applying CVar settings from Section [/Script/UnrealEd.CookerSettings] File [D:/inGGIT/SteelEnclo_LD_BO/MyProject/Saved/Config/Windows/Engine.ini]
[2026.09.16-04.45.50:089][  0]LogConfig: Applying CVar settings from Section [ViewDistanceQuality@3] File [D:/inGGIT/SteelEnclo_LD_BO/MyProject/Saved/Config/Windows/Scalability.ini]
[2026.09.16-04.45.50:089][  0]LogConfig: Setting CVar [[r.SkeletalMeshLODBias:0]]
[2026.09.16-04.45.50:089][  0]LogConfig: Setting CVar [[r.ViewDistanceScale:1.0]]
[2026.09.16-04.45.50:089][  0]LogConfig: Applying CVar settings from Section [AntiAliasingQuality@3] File [D:/inGGIT/SteelEnclo_LD_BO/MyProject/Saved/Config/Windows/Scalability.ini]
[2026.09.16-04.45.50:089][  0]LogConfig: Setting CVar [[r.PostProcessAAQuality:4]]
[2026.09.16-04.45.50:089][  0]LogConfig: Applying CVar settings from Section [ShadowQuality@3] File [D:/inGGIT/SteelEnclo_LD_BO/MyProject/Saved/Config/Windows/Scalability.ini]
[2026.09.16-04.45.50:089][  0]LogConfig: Setting CVar [[r.LightFunctionQuality:1]]
[2026.09.16-04.45.50:089][  0]LogConfig: Setting CVar [[r.ShadowQuality:5]]
[2026.09.16-04.45.50:089][  0]LogConfig: Setting CVar [[r.Shadow.CSM.MaxCascades:10]]
[2026.09.16-04.45.50:089][  0]LogConfig: Setting CVar [[r.Shadow.MaxResolution:2048]]
[2026.09.16-04.45.50:089][  0]LogConfig: Setting CVar [[r.Shadow.MaxCSMResolution:2048]]
[2026.09.16-04.45.50:089][  0]LogConfig: Setting CVar [[r.Shadow.RadiusThreshold:0.01]]
[2026.09.16-04.45.50:089][  0]LogConfig: Setting CVar [[r.Shadow.DistanceScale:1.0]]
[2026.09.16-04.45.50:089][  0]LogConfig: Setting CVar [[r.Shadow.CSM.TransitionScale:1.0]]
[2026.09.16-04.45.50:089][  0]LogConfig: Setting CVar [[r.Shadow.PreShadowResolutionFactor:1.0]]
[2026.09.16-04.45.50:089][  0]LogConfig: Setting CVar [[r.DistanceFieldShadowing:1]]
[2026.09.16-04.45.50:089][  0]LogConfig: Setting CVar [[r.DistanceFieldAO:1]]
[2026.09.16-04.45.50:089][  0]LogConfig: Setting CVar [[r.AOQuality:2]]
[2026.09.16-04.45.50:089][  0]LogConfig: Setting CVar [[r.VolumetricFog:1]]
[2026.09.16-04.45.50:089][  0]LogConfig: Setting CVar [[r.VolumetricFog.GridPixelSize:8]]
[2026.09.16-04.45.50:089][  0]LogConfig: Setting CVar [[r.VolumetricFog.GridSizeZ:128]]
[2026.09.16-04.45.50:089][  0]LogConfig: Setting CVar [[r.VolumetricFog.HistoryMissSupersampleCount:4]]
[2026.09.16-04.45.50:089][  0]LogConfig: Setting CVar [[r.LightMaxDrawDistanceScale:1]]
[2026.09.16-04.45.50:089][  0]LogConfig: Setting CVar [[r.CapsuleShadows:1]]
[2026.09.16-04.45.50:089][  0]LogConfig: Applying CVar settings from Section [PostProcessQuality@3] File [D:/inGGIT/SteelEnclo_LD_BO/MyProject/Saved/Config/Windows/Scalability.ini]
[2026.09.16-04.45.50:089][  0]LogConfig: Setting CVar [[r.MotionBlurQuality:4]]
[2026.09.16-04.45.50:089][  0]LogConfig: Setting CVar [[r.AmbientOcclusionMipLevelFactor:0.4]]
[2026.09.16-04.45.50:089][  0]LogConfig: Setting CVar [[r.AmbientOcclusionMaxQuality:100]]
[2026.09.16-04.45.50:089][  0]LogConfig: Setting CVar [[r.AmbientOcclusionLevels:-1]]
[2026.09.16-04.45.50:089][  0]LogConfig: Setting CVar [[r.AmbientOcclusionRadiusScale:1.0]]
[2026.09.16-04.45.50:089][  0]LogConfig: Setting CVar [[r.DepthOfFieldQuality:2]]
[2026.09.16-04.45.50:089][  0]LogConfig: Setting CVar [[r.RenderTargetPoolMin:400]]
[2026.09.16-04.45.50:089][  0]LogConfig: Setting CVar [[r.LensFlareQuality:2]]
[2026.09.16-04.45.50:089][  0]LogConfig: Setting CVar [[r.SceneColorFringeQuality:1]]
[2026.09.16-04.45.50:089][  0]LogConfig: Setting CVar [[r.EyeAdaptationQuality:2]]
[2026.09.16-04.45.50:089][  0]LogConfig: Setting CVar [[r.BloomQuality:5]]
[2026.09.16-04.45.50:089][  0]LogConfig: Setting CVar [[r.FastBlurThreshold:100]]
[2026.09.16-04.45.50:089][  0]LogConfig: Setting CVar [[r.Upscale.Quality:3]]
[2026.09.16-04.45.50:089][  0]LogConfig: Setting CVar [[r.Tonemapper.GrainQuantization:1]]
[2026.09.16-04.45.50:089][  0]LogConfig: Setting CVar [[r.LightShaftQuality:1]]
[2026.09.16-04.45.50:089][  0]LogConfig: Setting CVar [[r.Filter.SizeScale:1]]
[2026.09.16-04.45.50:089][  0]LogConfig: Setting CVar [[r.Tonemapper.Quality:5]]
[2026.09.16-04.45.50:089][  0]LogConfig: Setting CVar [[r.DOF.Gather.AccumulatorQuality:1        ; higher gathering accumulator quality]]
[2026.09.16-04.45.50:089][  0]LogConfig: Setting CVar [[r.DOF.Gather.PostfilterMethod:1          ; Median3x3 postfilering method]]
[2026.09.16-04.45.50:089][  0]LogConfig: Setting CVar [[r.DOF.Gather.EnableBokehSettings:0       ; no bokeh simulation when gathering]]
[2026.09.16-04.45.50:089][  0]LogConfig: Setting CVar [[r.DOF.Gather.RingCount:4                 ; medium number of samples when gathering]]
[2026.09.16-04.45.50:089][  0]LogConfig: Setting CVar [[r.DOF.Scatter.ForegroundCompositing:1    ; additive foreground scattering]]
[2026.09.16-04.45.50:089][  0]LogConfig: Setting CVar [[r.DOF.Scatter.BackgroundCompositing:2    ; additive background scattering]]
[2026.09.16-04.45.50:089][  0]LogConfig: Setting CVar [[r.DOF.Scatter.EnableBokehSettings:1      ; bokeh simulation when scattering]]
[2026.09.16-04.45.50:089][  0]LogConfig: Setting CVar [[r.DOF.Scatter.MaxSpriteRatio:0.1         ; only a maximum of 10% of scattered bokeh]]
[2026.09.16-04.45.50:089][  0]LogConfig: Setting CVar [[r.DOF.Recombine.Quality:1                ; cheap slight out of focus]]
[2026.09.16-04.45.50:089][  0]LogConfig: Setting CVar [[r.DOF.Recombine.EnableBokehSettings:0    ; no bokeh simulation on slight out of focus]]
[2026.09.16-04.45.50:089][  0]LogConfig: Setting CVar [[r.DOF.TemporalAAQuality:1                ; more stable temporal accumulation]]
[2026.09.16-04.45.50:089][  0]LogConfig: Setting CVar [[r.DOF.Kernel.MaxForegroundRadius:0.025]]
[2026.09.16-04.45.50:089][  0]LogConfig: Setting CVar [[r.DOF.Kernel.MaxBackgroundRadius:0.025]]
[2026.09.16-04.45.50:089][  0]LogConfig: Applying CVar settings from Section [TextureQuality@3] File [D:/inGGIT/SteelEnclo_LD_BO/MyProject/Saved/Config/Windows/Scalability.ini]
[2026.09.16-04.45.50:089][  0]LogConfig: Setting CVar [[r.Streaming.MipBias:0]]
[2026.09.16-04.45.50:089][  0]LogConfig: Setting CVar [[r.Streaming.AmortizeCPUToGPUCopy:0]]
[2026.09.16-04.45.50:089][  0]LogConfig: Setting CVar [[r.Streaming.MaxNumTexturesToStreamPerFrame:0]]
[2026.09.16-04.45.50:089][  0]LogConfig: Setting CVar [[r.Streaming.Boost:1]]
[2026.09.16-04.45.50:089][  0]LogConfig: Setting CVar [[r.MaxAnisotropy:8]]
[2026.09.16-04.45.50:089][  0]LogConfig: Setting CVar [[r.VT.MaxAnisotropy:8]]
[2026.09.16-04.45.50:089][  0]LogConfig: Setting CVar [[r.Streaming.LimitPoolSizeToVRAM:0]]
[2026.09.16-04.45.50:089][  0]LogConfig: Setting CVar [[r.Streaming.PoolSize:1000]]
[2026.09.16-04.45.50:089][  0]LogConfig: Setting CVar [[r.Streaming.MaxEffectiveScreenSize:0]]
[2026.09.16-04.45.50:089][  0]LogConfig: Applying CVar settings from Section [EffectsQuality@3] File [D:/inGGIT/SteelEnclo_LD_BO/MyProject/Saved/Config/Windows/Scalability.ini]
[2026.09.16-04.45.50:089][  0]LogConfig: Setting CVar [[r.TranslucencyLightingVolumeDim:64]]
[2026.09.16-04.45.50:089][  0]LogConfig: Setting CVar [[r.RefractionQuality:2]]
[2026.09.16-04.45.50:089][  0]LogConfig: Setting CVar [[r.SSR.Quality:3]]
[2026.09.16-04.45.50:089][  0]LogConfig: Setting CVar [[r.SSR.HalfResSceneColor:0]]
[2026.09.16-04.45.50:089][  0]LogConfig: Setting CVar [[r.SceneColorFormat:4]]
[2026.09.16-04.45.50:089][  0]LogConfig: Setting CVar [[r.DetailMode:2]]
[2026.09.16-04.45.50:089][  0]LogConfig: Setting CVar [[r.TranslucencyVolumeBlur:1]]
[2026.09.16-04.45.50:089][  0]LogConfig: Setting CVar [[r.MaterialQualityLevel:1 ; High quality]]
[2026.09.16-04.45.50:089][  0]LogConfig: Setting CVar [[r.AnisotropicMaterials:1]]
[2026.09.16-04.45.50:089][  0]LogConfig: Setting CVar [[r.SSS.Scale:1]]
[2026.09.16-04.45.50:089][  0]LogConfig: Setting CVar [[r.SSS.SampleSet:2]]
[2026.09.16-04.45.50:089][  0]LogConfig: Setting CVar [[r.SSS.Quality:1]]
[2026.09.16-04.45.50:089][  0]LogConfig: Setting CVar [[r.SSS.HalfRes:0]]
[2026.09.16-04.45.50:089][  0]LogConfig: Setting CVar [[r.SSGI.Quality:3]]
[2026.09.16-04.45.50:089][  0]LogConfig: Setting CVar [[r.EmitterSpawnRateScale:1.0]]
[2026.09.16-04.45.50:089][  0]LogConfig: Setting CVar [[r.ParticleLightQuality:2]]
[2026.09.16-04.45.50:089][  0]LogConfig: Setting CVar [[r.SkyAtmosphere.AerialPerspectiveLUT.FastApplyOnOpaque:1 ; Always have FastSkyLUT 1 in this case to avoid wrong sky]]
[2026.09.16-04.45.50:089][  0]LogConfig: Setting CVar [[r.SkyAtmosphere.AerialPerspectiveLUT.SampleCountMaxPerSlice:4]]
[2026.09.16-04.45.50:089][  0]LogConfig: Setting CVar [[r.SkyAtmosphere.AerialPerspectiveLUT.DepthResolution:16.0]]
[2026.09.16-04.45.50:089][  0]LogConfig: Setting CVar [[r.SkyAtmosphere.FastSkyLUT:1]]
[2026.09.16-04.45.50:089][  0]LogConfig: Setting CVar [[r.SkyAtmosphere.FastSkyLUT.SampleCountMin:4.0]]
[2026.09.16-04.45.50:089][  0]LogConfig: Setting CVar [[r.SkyAtmosphere.FastSkyLUT.SampleCountMax:128.0]]
[2026.09.16-04.45.50:089][  0]LogConfig: Setting CVar [[r.SkyAtmosphere.SampleCountMin:4.0]]
[2026.09.16-04.45.50:089][  0]LogConfig: Setting CVar [[r.SkyAtmosphere.SampleCountMax:128.0]]
[2026.09.16-04.45.50:089][  0]LogConfig: Setting CVar [[r.SkyAtmosphere.TransmittanceLUT.UseSmallFormat:0]]
[2026.09.16-04.45.50:089][  0]LogConfig: Setting CVar [[r.SkyAtmosphere.TransmittanceLUT.SampleCount:10.0]]
[2026.09.16-04.45.50:089][  0]LogConfig: Setting CVar [[r.SkyAtmosphere.MultiScatteringLUT.SampleCount:15.0]]
[2026.09.16-04.45.50:089][  0]LogConfig: Setting CVar [[r.SkyLight.RealTimeReflectionCapture:1]]
[2026.09.16-04.45.50:089][  0]LogConfig: Applying CVar settings from Section [FoliageQuality@3] File [D:/inGGIT/SteelEnclo_LD_BO/MyProject/Saved/Config/Windows/Scalability.ini]
[2026.09.16-04.45.50:089][  0]LogConfig: Setting CVar [[foliage.DensityScale:1.0]]
[2026.09.16-04.45.50:089][  0]LogConfig: Setting CVar [[grass.DensityScale:1.0]]
[2026.09.16-04.45.50:089][  0]LogConfig: Applying CVar settings from Section [ShadingQuality@3] File [D:/inGGIT/SteelEnclo_LD_BO/MyProject/Saved/Config/Windows/Scalability.ini]
[2026.09.16-04.45.50:089][  0]LogConfig: Setting CVar [[r.HairStrands.SkyLighting.IntegrationType:2]]
[2026.09.16-04.45.50:089][  0]LogConfig: Setting CVar [[r.HairStrands.SkyAO.SampleCount:4]]
[2026.09.16-04.45.50:089][  0]LogConfig: Setting CVar [[r.HairStrands.Visibility.MSAA.SamplePerPixel:4]]
[2026.09.16-04.45.50:092][  0]LogInit: Selected Device Profile: [Windows]
[2026.09.16-04.45.50:092][  0]LogInit: Applying CVar settings loaded from the selected device profile: [Windows]
[2026.09.16-04.45.50:092][  0]LogHAL: Display: Platform has ~ 32 GB [34049220608 / 34359738368 / 32], which maps to Largest [LargestMinGB=32, LargerMinGB=12, DefaultMinGB=8, SmallerMinGB=6, SmallestMinGB=0)
[2026.09.16-04.45.50:092][  0]LogInit: Going up to parent DeviceProfile []
[2026.09.16-04.45.50:092][  0]LogConfig: Applying CVar settings from Section [ViewDistanceQuality@3] File [D:/inGGIT/SteelEnclo_LD_BO/MyProject/Saved/Config/Windows/Scalability.ini]
[2026.09.16-04.45.50:093][  0]LogConfig: Setting CVar [[r.SkeletalMeshLODBias:0]]
[2026.09.16-04.45.50:093][  0]LogConfig: Setting CVar [[r.ViewDistanceScale:1.0]]
[2026.09.16-04.45.50:093][  0]LogConfig: Applying CVar settings from Section [AntiAliasingQuality@3] File [D:/inGGIT/SteelEnclo_LD_BO/MyProject/Saved/Config/Windows/Scalability.ini]
[2026.09.16-04.45.50:093][  0]LogConfig: Setting CVar [[r.PostProcessAAQuality:4]]
[2026.09.16-04.45.50:093][  0]LogConfig: Applying CVar settings from Section [ShadowQuality@3] File [D:/inGGIT/SteelEnclo_LD_BO/MyProject/Saved/Config/Windows/Scalability.ini]
[2026.09.16-04.45.50:093][  0]LogConfig: Setting CVar [[r.LightFunctionQuality:1]]
[2026.09.16-04.45.50:093][  0]LogConfig: Setting CVar [[r.ShadowQuality:5]]
[2026.09.16-04.45.50:093][  0]LogConfig: Setting CVar [[r.Shadow.CSM.MaxCascades:10]]
[2026.09.16-04.45.50:093][  0]LogConfig: Setting CVar [[r.Shadow.MaxResolution:2048]]
[2026.09.16-04.45.50:093][  0]LogConfig: Setting CVar [[r.Shadow.MaxCSMResolution:2048]]
[2026.09.16-04.45.50:093][  0]LogConfig: Setting CVar [[r.Shadow.RadiusThreshold:0.01]]
[2026.09.16-04.45.50:093][  0]LogConfig: Setting CVar [[r.Shadow.DistanceScale:1.0]]
[2026.09.16-04.45.50:093][  0]LogConfig: Setting CVar [[r.Shadow.CSM.TransitionScale:1.0]]
[2026.09.16-04.45.50:093][  0]LogConfig: Setting CVar [[r.Shadow.PreShadowResolutionFactor:1.0]]
[2026.09.16-04.45.50:093][  0]LogConfig: Setting CVar [[r.DistanceFieldShadowing:1]]
[2026.09.16-04.45.50:093][  0]LogConfig: Setting CVar [[r.DistanceFieldAO:1]]
[2026.09.16-04.45.50:093][  0]LogConfig: Setting CVar [[r.AOQuality:2]]
[2026.09.16-04.45.50:093][  0]LogConfig: Setting CVar [[r.VolumetricFog:1]]
[2026.09.16-04.45.50:093][  0]LogConfig: Setting CVar [[r.VolumetricFog.GridPixelSize:8]]
[2026.09.16-04.45.50:093][  0]LogConfig: Setting CVar [[r.VolumetricFog.GridSizeZ:128]]
[2026.09.16-04.45.50:093][  0]LogConfig: Setting CVar [[r.VolumetricFog.HistoryMissSupersampleCount:4]]
[2026.09.16-04.45.50:093][  0]LogConfig: Setting CVar [[r.LightMaxDrawDistanceScale:1]]
[2026.09.16-04.45.50:093][  0]LogConfig: Setting CVar [[r.CapsuleShadows:1]]
[2026.09.16-04.45.50:093][  0]LogConfig: Applying CVar settings from Section [PostProcessQuality@3] File [D:/inGGIT/SteelEnclo_LD_BO/MyProject/Saved/Config/Windows/Scalability.ini]
[2026.09.16-04.45.50:093][  0]LogConfig: Setting CVar [[r.MotionBlurQuality:4]]
[2026.09.16-04.45.50:093][  0]LogConfig: Setting CVar [[r.AmbientOcclusionMipLevelFactor:0.4]]
[2026.09.16-04.45.50:093][  0]LogConfig: Setting CVar [[r.AmbientOcclusionMaxQuality:100]]
[2026.09.16-04.45.50:093][  0]LogConfig: Setting CVar [[r.AmbientOcclusionLevels:-1]]
[2026.09.16-04.45.50:093][  0]LogConfig: Setting CVar [[r.AmbientOcclusionRadiusScale:1.0]]
[2026.09.16-04.45.50:093][  0]LogConfig: Setting CVar [[r.DepthOfFieldQuality:2]]
[2026.09.16-04.45.50:093][  0]LogConfig: Setting CVar [[r.RenderTargetPoolMin:400]]
[2026.09.16-04.45.50:093][  0]LogConfig: Setting CVar [[r.LensFlareQuality:2]]
[2026.09.16-04.45.50:093][  0]LogConfig: Setting CVar [[r.SceneColorFringeQuality:1]]
[2026.09.16-04.45.50:093][  0]LogConfig: Setting CVar [[r.EyeAdaptationQuality:2]]
[2026.09.16-04.45.50:093][  0]LogConfig: Setting CVar [[r.BloomQuality:5]]
[2026.09.16-04.45.50:093][  0]LogConfig: Setting CVar [[r.FastBlurThreshold:100]]
[2026.09.16-04.45.50:093][  0]LogConfig: Setting CVar [[r.Upscale.Quality:3]]
[2026.09.16-04.45.50:093][  0]LogConfig: Setting CVar [[r.Tonemapper.GrainQuantization:1]]
[2026.09.16-04.45.50:093][  0]LogConfig: Setting CVar [[r.LightShaftQuality:1]]
[2026.09.16-04.45.50:093][  0]LogConfig: Setting CVar [[r.Filter.SizeScale:1]]
[2026.09.16-04.45.50:093][  0]LogConfig: Setting CVar [[r.Tonemapper.Quality:5]]
[2026.09.16-04.45.50:093][  0]LogConfig: Setting CVar [[r.DOF.Gather.AccumulatorQuality:1        ; higher gathering accumulator quality]]
[2026.09.16-04.45.50:093][  0]LogConfig: Setting CVar [[r.DOF.Gather.PostfilterMethod:1          ; Median3x3 postfilering method]]
[2026.09.16-04.45.50:093][  0]LogConfig: Setting CVar [[r.DOF.Gather.EnableBokehSettings:0       ; no bokeh simulation when gathering]]
[2026.09.16-04.45.50:093][  0]LogConfig: Setting CVar [[r.DOF.Gather.RingCount:4                 ; medium number of samples when gathering]]
[2026.09.16-04.45.50:093][  0]LogConfig: Setting CVar [[r.DOF.Scatter.ForegroundCompositing:1    ; additive foreground scattering]]
[2026.09.16-04.45.50:093][  0]LogConfig: Setting CVar [[r.DOF.Scatter.BackgroundCompositing:2    ; additive background scattering]]
[2026.09.16-04.45.50:093][  0]LogConfig: Setting CVar [[r.DOF.Scatter.EnableBokehSettings:1      ; bokeh simulation when scattering]]
[2026.09.16-04.45.50:093][  0]LogConfig: Setting CVar [[r.DOF.Scatter.MaxSpriteRatio:0.1         ; only a maximum of 10% of scattered bokeh]]
[2026.09.16-04.45.50:093][  0]LogConfig: Setting CVar [[r.DOF.Recombine.Quality:1                ; cheap slight out of focus]]
[2026.09.16-04.45.50:093][  0]LogConfig: Setting CVar [[r.DOF.Recombine.EnableBokehSettings:0    ; no bokeh simulation on slight out of focus]]
[2026.09.16-04.45.50:093][  0]LogConfig: Setting CVar [[r.DOF.TemporalAAQuality:1                ; more stable temporal accumulation]]
[2026.09.16-04.45.50:093][  0]LogConfig: Setting CVar [[r.DOF.Kernel.MaxForegroundRadius:0.025]]
[2026.09.16-04.45.50:093][  0]LogConfig: Setting CVar [[r.DOF.Kernel.MaxBackgroundRadius:0.025]]
[2026.09.16-04.45.50:093][  0]LogConfig: Applying CVar settings from Section [TextureQuality@3] File [D:/inGGIT/SteelEnclo_LD_BO/MyProject/Saved/Config/Windows/Scalability.ini]
[2026.09.16-04.45.50:093][  0]LogConfig: Setting CVar [[r.Streaming.MipBias:0]]
[2026.09.16-04.45.50:093][  0]LogConfig: Setting CVar [[r.Streaming.AmortizeCPUToGPUCopy:0]]
[2026.09.16-04.45.50:093][  0]LogConfig: Setting CVar [[r.Streaming.MaxNumTexturesToStreamPerFrame:0]]
[2026.09.16-04.45.50:093][  0]LogConfig: Setting CVar [[r.Streaming.Boost:1]]
[2026.09.16-04.45.50:093][  0]LogConfig: Setting CVar [[r.MaxAnisotropy:8]]
[2026.09.16-04.45.50:093][  0]LogConfig: Setting CVar [[r.VT.MaxAnisotropy:8]]
[2026.09.16-04.45.50:093][  0]LogConfig: Setting CVar [[r.Streaming.LimitPoolSizeToVRAM:0]]
[2026.09.16-04.45.50:093][  0]LogConfig: Setting CVar [[r.Streaming.PoolSize:1000]]
[2026.09.16-04.45.50:093][  0]LogConfig: Setting CVar [[r.Streaming.MaxEffectiveScreenSize:0]]
[2026.09.16-04.45.50:093][  0]LogConfig: Applying CVar settings from Section [EffectsQuality@3] File [D:/inGGIT/SteelEnclo_LD_BO/MyProject/Saved/Config/Windows/Scalability.ini]
[2026.09.16-04.45.50:093][  0]LogConfig: Setting CVar [[r.TranslucencyLightingVolumeDim:64]]
[2026.09.16-04.45.50:093][  0]LogConfig: Setting CVar [[r.RefractionQuality:2]]
[2026.09.16-04.45.50:093][  0]LogConfig: Setting CVar [[r.SSR.Quality:3]]
[2026.09.16-04.45.50:093][  0]LogConfig: Setting CVar [[r.SSR.HalfResSceneColor:0]]
[2026.09.16-04.45.50:093][  0]LogConfig: Setting CVar [[r.SceneColorFormat:4]]
[2026.09.16-04.45.50:093][  0]LogConfig: Setting CVar [[r.DetailMode:2]]
[2026.09.16-04.45.50:093][  0]LogConfig: Setting CVar [[r.TranslucencyVolumeBlur:1]]
[2026.09.16-04.45.50:093][  0]LogConfig: Setting CVar [[r.MaterialQualityLevel:1 ; High quality]]
[2026.09.16-04.45.50:093][  0]LogConfig: Setting CVar [[r.AnisotropicMaterials:1]]
[2026.09.16-04.45.50:093][  0]LogConfig: Setting CVar [[r.SSS.Scale:1]]
[2026.09.16-04.45.50:093][  0]LogConfig: Setting CVar [[r.SSS.SampleSet:2]]
[2026.09.16-04.45.50:093][  0]LogConfig: Setting CVar [[r.SSS.Quality:1]]
[2026.09.16-04.45.50:093][  0]LogConfig: Setting CVar [[r.SSS.HalfRes:0]]
[2026.09.16-04.45.50:093][  0]LogConfig: Setting CVar [[r.SSGI.Quality:3]]
[2026.09.16-04.45.50:093][  0]LogConfig: Setting CVar [[r.EmitterSpawnRateScale:1.0]]
[2026.09.16-04.45.50:093][  0]LogConfig: Setting CVar [[r.ParticleLightQuality:2]]
[2026.09.16-04.45.50:093][  0]LogConfig: Setting CVar [[r.SkyAtmosphere.AerialPerspectiveLUT.FastApplyOnOpaque:1 ; Always have FastSkyLUT 1 in this case to avoid wrong sky]]
[2026.09.16-04.45.50:093][  0]LogConfig: Setting CVar [[r.SkyAtmosphere.AerialPerspectiveLUT.SampleCountMaxPerSlice:4]]
[2026.09.16-04.45.50:093][  0]LogConfig: Setting CVar [[r.SkyAtmosphere.AerialPerspectiveLUT.DepthResolution:16.0]]
[2026.09.16-04.45.50:093][  0]LogConfig: Setting CVar [[r.SkyAtmosphere.FastSkyLUT:1]]
[2026.09.16-04.45.50:093][  0]LogConfig: Setting CVar [[r.SkyAtmosphere.FastSkyLUT.SampleCountMin:4.0]]
[2026.09.16-04.45.50:093][  0]LogConfig: Setting CVar [[r.SkyAtmosphere.FastSkyLUT.SampleCountMax:128.0]]
[2026.09.16-04.45.50:093][  0]LogConfig: Setting CVar [[r.SkyAtmosphere.SampleCountMin:4.0]]
[2026.09.16-04.45.50:093][  0]LogConfig: Setting CVar [[r.SkyAtmosphere.SampleCountMax:128.0]]
[2026.09.16-04.45.50:093][  0]LogConfig: Setting CVar [[r.SkyAtmosphere.TransmittanceLUT.UseSmallFormat:0]]
[2026.09.16-04.45.50:093][  0]LogConfig: Setting CVar [[r.SkyAtmosphere.TransmittanceLUT.SampleCount:10.0]]
[2026.09.16-04.45.50:093][  0]LogConfig: Setting CVar [[r.SkyAtmosphere.MultiScatteringLUT.SampleCount:15.0]]
[2026.09.16-04.45.50:093][  0]LogConfig: Setting CVar [[r.SkyLight.RealTimeReflectionCapture:1]]
[2026.09.16-04.45.50:093][  0]LogConfig: Applying CVar settings from Section [FoliageQuality@3] File [D:/inGGIT/SteelEnclo_LD_BO/MyProject/Saved/Config/Windows/Scalability.ini]
[2026.09.16-04.45.50:093][  0]LogConfig: Setting CVar [[foliage.DensityScale:1.0]]
[2026.09.16-04.45.50:093][  0]LogConfig: Setting CVar [[grass.DensityScale:1.0]]
[2026.09.16-04.45.50:093][  0]LogConfig: Applying CVar settings from Section [ShadingQuality@3] File [D:/inGGIT/SteelEnclo_LD_BO/MyProject/Saved/Config/Windows/Scalability.ini]
[2026.09.16-04.45.50:093][  0]LogConfig: Setting CVar [[r.HairStrands.SkyLighting.IntegrationType:2]]
[2026.09.16-04.45.50:093][  0]LogConfig: Setting CVar [[r.HairStrands.SkyAO.SampleCount:4]]
[2026.09.16-04.45.50:093][  0]LogConfig: Setting CVar [[r.HairStrands.Visibility.MSAA.SamplePerPixel:4]]
[2026.09.16-04.45.50:093][  0]LogConfig: Applying CVar settings from Section [Startup] File [../../../Engine/Config/ConsoleVariables.ini]
[2026.09.16-04.45.50:102][  0]LogConfig: Setting CVar [[net.UseAdaptiveNetUpdateFrequency:0]]
[2026.09.16-04.45.50:102][  0]LogConfig: Setting CVar [[p.chaos.AllowCreatePhysxBodies:1]]
[2026.09.16-04.45.50:102][  0]LogConfig: Setting CVar [[fx.SkipVectorVMBackendOptimizations:1]]
[2026.09.16-04.45.50:102][  0]LogConfig: Applying CVar settings from Section [ConsoleVariables] File [D:/inGGIT/SteelEnclo_LD_BO/MyProject/Saved/Config/Windows/Engine.ini]
[2026.09.16-04.45.50:102][  0]LogConfig: Applying CVar settings from Section [ConsoleVariables] File [D:/inGGIT/SteelEnclo_LD_BO/MyProject/Saved/Config/Windows/Editor.ini]
[2026.09.16-04.45.50:104][  0]LogInit: Computer: NYEFFSANOTG
[2026.09.16-04.45.50:104][  0]LogInit: User: jeffr
[2026.09.16-04.45.50:104][  0]LogInit: CPU Page size=4096, Cores=20
[2026.09.16-04.45.50:104][  0]LogInit: High frequency timer resolution =10.000000 MHz
[2026.09.16-04.45.50:104][  0]LogMemory: Memory total: Physical=31.7GB (32GB approx)
[2026.09.16-04.45.50:105][  0]LogMemory: Platform Memory Stats for Windows
[2026.09.16-04.45.50:105][  0]LogMemory: Process Physical Memory: 157.38 MB used, 157.38 MB peak
[2026.09.16-04.45.50:105][  0]LogMemory: Process Virtual Memory: 142.05 MB used, 142.05 MB peak
[2026.09.16-04.45.50:105][  0]LogMemory: Physical Memory: 28997.32 MB used,  3474.55 MB free, 32471.87 MB total
[2026.09.16-04.45.50:105][  0]LogMemory: Virtual Memory: 134209072.00 MB used,  8657.84 MB free, 134217728.00 MB total
[2026.09.16-04.45.50:114][  0]LogWindows: WindowsPlatformFeatures enabled
[2026.09.16-04.45.50:495][  0]LogInit: Physics initialised using underlying interface: PhysX
[2026.09.16-04.45.50:509][  0]LogInit: Using OS detected language (en-US).
[2026.09.16-04.45.50:509][  0]LogInit: Using OS detected locale (en-US).
[2026.09.16-04.45.50:596][  0]LogTextLocalizationManager: No specific localization for 'en-US' exists, so the 'en' localization will be used.
[2026.09.16-04.45.51:794][  0]LogInit: Setting process to per monitor DPI aware
[2026.09.16-04.45.51:852][  0]LogWindowsTextInputMethodSystem: Display: IME system deactivated.
[2026.09.16-04.45.51:933][  0]LogSlate: New Slate User Created.  User Index 0, Is Virtual User: 0
[2026.09.16-04.45.51:933][  0]LogSlate: Slate User Registered.  User Index 0, Is Virtual User: 0
[2026.09.16-04.45.55:220][  0]LogD3D11RHI: Loaded GFSDK_Aftermath_Lib.x64.dll
[2026.09.16-04.45.55:242][  0]LogHMD: Failed to initialize OpenVR with code 110
[2026.09.16-04.45.55:242][  0]LogD3D11RHI: D3D11 min allowed feature level: 11_0
[2026.09.16-04.45.55:242][  0]LogD3D11RHI: D3D11 max allowed feature level: 11_0
[2026.09.16-04.45.55:242][  0]LogD3D11RHI: D3D11 adapters:
[2026.09.16-04.45.55:622][  0]LogD3D11RHI:    0. 'NVIDIA GeForce RTX 4070 Laptop GPU' (Feature Level 11_0)
[2026.09.16-04.45.55:622][  0]LogD3D11RHI:       7948/0/16235 MB DedicatedVideo/DedicatedSystem/SharedSystem, Outputs:2, VendorId:0x10de
[2026.09.16-04.45.55:688][  0]LogD3D11RHI:    1. 'Intel(R) UHD Graphics' (Feature Level 11_0)
[2026.09.16-04.45.55:688][  0]LogD3D11RHI:       128/0/16235 MB DedicatedVideo/DedicatedSystem/SharedSystem, Outputs:1, VendorId:0x8086
[2026.09.16-04.45.55:694][  0]LogD3D11RHI:    2. 'Microsoft Basic Render Driver' (Feature Level 11_0)
[2026.09.16-04.45.55:694][  0]LogD3D11RHI:       0/0/16235 MB DedicatedVideo/DedicatedSystem/SharedSystem, Outputs:0, VendorId:0x1414
[2026.09.16-04.45.55:694][  0]LogD3D11RHI: Chosen D3D11 Adapter:
[2026.09.16-04.45.55:694][  0]LogD3D11RHI:     Description : NVIDIA GeForce RTX 4070 Laptop GPU
[2026.09.16-04.45.55:694][  0]LogD3D11RHI:     VendorId    : 10de
[2026.09.16-04.45.55:694][  0]LogD3D11RHI:     DeviceId    : 2860
[2026.09.16-04.45.55:694][  0]LogD3D11RHI:     SubSysId    : 172d1025
[2026.09.16-04.45.55:694][  0]LogD3D11RHI:     Revision    : 00a1
[2026.09.16-04.45.55:694][  0]LogD3D11RHI:     DedicatedVideoMemory : 8334082048 bytes
[2026.09.16-04.45.55:694][  0]LogD3D11RHI:     DedicatedSystemMemory : 0 bytes
[2026.09.16-04.45.55:694][  0]LogD3D11RHI:     SharedSystemMemory : 17024610304 bytes
[2026.09.16-04.45.55:694][  0]LogD3D11RHI:     AdapterLuid : 10 239515127
[2026.09.16-04.45.55:739][  0]LogD3D11RHI: Creating new Direct3DDevice
[2026.09.16-04.45.55:739][  0]LogD3D11RHI:     GPU DeviceId: 0x2860 (for the marketing name, search the web for "GPU Device Id")
[2026.09.16-04.45.55:740][  0]LogWindows: EnumDisplayDevices:
[2026.09.16-04.45.55:740][  0]LogWindows:    0. 'Intel(R) UHD Graphics' (P:0 D:1)
[2026.09.16-04.45.55:740][  0]LogWindows:    1. 'Intel(R) UHD Graphics' (P:0 D:0)
[2026.09.16-04.45.55:740][  0]LogWindows:    2. 'Intel(R) UHD Graphics' (P:0 D:0)
[2026.09.16-04.45.55:740][  0]LogWindows:    3. 'Intel(R) UHD Graphics' (P:0 D:0)
[2026.09.16-04.45.55:741][  0]LogWindows:    4. 'NVIDIA GeForce RTX 4070 Laptop GPU' (P:1 D:1)
[2026.09.16-04.45.55:741][  0]LogWindows:    5. 'NVIDIA GeForce RTX 4070 Laptop GPU' (P:0 D:1)
[2026.09.16-04.45.55:741][  0]LogWindows:    6. 'NVIDIA GeForce RTX 4070 Laptop GPU' (P:0 D:0)
[2026.09.16-04.45.55:741][  0]LogWindows:    7. 'NVIDIA GeForce RTX 4070 Laptop GPU' (P:0 D:0)
[2026.09.16-04.45.55:742][  0]LogWindows: DebugString: PrimaryIsNotTheChoosenAdapter PrimaryIsNotTheChoosenAdapter PrimaryIsNotTheChoosenAdapter PrimaryIsNotTheChoosenAdapter FoundDriverCount:4 
[2026.09.16-04.45.55:742][  0]LogD3D11RHI:     Adapter Name: NVIDIA GeForce RTX 4070 Laptop GPU
[2026.09.16-04.45.55:744][  0]LogD3D11RHI:   Driver Version: 616.56 (internal:32.0.16.1656, unified:616.56)
[2026.09.16-04.45.55:744][  0]LogD3D11RHI:      Driver Date: 8-20-2026
[2026.09.16-04.45.55:745][  0]LogRHI: Texture pool is 5563 MB (70% of 7948 MB)
[2026.09.16-04.45.55:745][  0]LogD3D11RHI: Creating D3DDevice using adapter:
[2026.09.16-04.45.55:745][  0]LogD3D11RHI:     Description : NVIDIA GeForce RTX 4070 Laptop GPU
[2026.09.16-04.45.55:745][  0]LogD3D11RHI:     VendorId    : 10de
[2026.09.16-04.45.55:745][  0]LogD3D11RHI:     DeviceId    : 2860
[2026.09.16-04.45.55:745][  0]LogD3D11RHI:     SubSysId    : 172d1025
[2026.09.16-04.45.55:745][  0]LogD3D11RHI:     Revision    : 00a1
[2026.09.16-04.45.55:745][  0]LogD3D11RHI:     DedicatedVideoMemory : 8334082048 bytes
[2026.09.16-04.45.55:745][  0]LogD3D11RHI:     DedicatedSystemMemory : 0 bytes
[2026.09.16-04.45.55:745][  0]LogD3D11RHI:     SharedSystemMemory : 17024610304 bytes
[2026.09.16-04.45.55:745][  0]LogD3D11RHI:     AdapterLuid : 10 239515127
[2026.09.16-04.45.55:964][  0]LogD3D11RHI: RHI has support for 64 bit atomics
[2026.09.16-04.45.55:968][  0]LogD3D11RHI: Async texture creation enabled
[2026.09.16-04.45.55:968][  0]LogD3D11RHI: Array index from any shader is supported
[2026.09.16-04.45.55:975][  0]LogD3D11RHI: HDR output is supported on display 0 (NvId: 0x80061081).
[2026.09.16-04.45.56:123][  0]LogD3D11RHI: GPU Timing Frequency: 1000.000000 (Debug: 2 1)
[2026.09.16-04.45.56:172][  0]LogRHI: GeForceNow SDK initialized: 1
[2026.09.16-04.45.56:742][  0]LogTargetPlatformManager: Display: Loaded TargetPlatform 'AllDesktop'
[2026.09.16-04.45.56:770][  0]LogTargetPlatformManager: Display: Loaded TargetPlatform 'Android'
[2026.09.16-04.45.56:770][  0]LogTargetPlatformManager: Display: Loaded TargetPlatform 'Android_ASTC'
[2026.09.16-04.45.56:770][  0]LogTargetPlatformManager: Display: Loaded TargetPlatform 'Android_DXT'
[2026.09.16-04.45.56:770][  0]LogTargetPlatformManager: Display: Loaded TargetPlatform 'Android_ETC2'
[2026.09.16-04.45.56:770][  0]LogTargetPlatformManager: Display: Loaded TargetPlatform 'AndroidClient'
[2026.09.16-04.45.56:770][  0]LogTargetPlatformManager: Display: Loaded TargetPlatform 'Android_ASTCClient'
[2026.09.16-04.45.56:770][  0]LogTargetPlatformManager: Display: Loaded TargetPlatform 'Android_DXTClient'
[2026.09.16-04.45.56:772][  0]LogTargetPlatformManager: Display: Loaded TargetPlatform 'Android_ETC2Client'
[2026.09.16-04.45.56:772][  0]LogTargetPlatformManager: Display: Loaded TargetPlatform 'Android_Multi'
[2026.09.16-04.45.56:772][  0]LogTargetPlatformManager: Display: Loaded TargetPlatform 'Android_MultiClient'
[2026.09.16-04.45.56:807][  0]LogTargetPlatformManager: Display: Loaded TargetPlatform 'IOSClient'
[2026.09.16-04.45.56:807][  0]LogTargetPlatformManager: Display: Loaded TargetPlatform 'IOS'
[2026.09.16-04.45.56:829][  0]LogTargetPlatformManager: Display: Loaded TargetPlatform 'Linux'
[2026.09.16-04.45.56:835][  0]LogTargetPlatformManager: Display: Loaded TargetPlatform 'LinuxNoEditor'
[2026.09.16-04.45.56:839][  0]LogTargetPlatformManager: Display: Loaded TargetPlatform 'LinuxClient'
[2026.09.16-04.45.56:846][  0]LogTargetPlatformManager: Display: Loaded TargetPlatform 'LinuxServer'
[2026.09.16-04.45.56:862][  0]LogTargetPlatformManager: Display: Loaded TargetPlatform 'LinuxAArch64NoEditor'
[2026.09.16-04.45.56:867][  0]LogTargetPlatformManager: Display: Loaded TargetPlatform 'LinuxAArch64Client'
[2026.09.16-04.45.56:874][  0]LogTargetPlatformManager: Display: Loaded TargetPlatform 'LinuxAArch64Server'
[2026.09.16-04.45.56:897][  0]LogTargetPlatformManager: Display: Loaded TargetPlatform 'Lumin'
[2026.09.16-04.45.56:897][  0]LogTargetPlatformManager: Display: Loaded TargetPlatform 'LuminClient'
[2026.09.16-04.45.56:919][  0]LogTargetPlatformManager: Display: Loaded TargetPlatform 'MacNoEditor'
[2026.09.16-04.45.56:926][  0]LogTargetPlatformManager: Display: Loaded TargetPlatform 'Mac'
[2026.09.16-04.45.56:934][  0]LogTargetPlatformManager: Display: Loaded TargetPlatform 'MacClient'
[2026.09.16-04.45.56:939][  0]LogTargetPlatformManager: Display: Loaded TargetPlatform 'MacServer'
[2026.09.16-04.45.56:948][  0]LogTargetPlatformManager: Display: Loaded TargetPlatform 'TVOSClient'
[2026.09.16-04.45.56:948][  0]LogTargetPlatformManager: Display: Loaded TargetPlatform 'TVOS'
[2026.09.16-04.45.56:963][  0]LogTargetPlatformManager: Display: Loaded TargetPlatform 'WindowsNoEditor'
[2026.09.16-04.45.56:970][  0]LogTargetPlatformManager: Display: Loaded TargetPlatform 'Windows'
[2026.09.16-04.45.56:982][  0]LogTargetPlatformManager: Display: Loaded TargetPlatform 'WindowsClient'
[2026.09.16-04.45.56:991][  0]LogTargetPlatformManager: Display: Loaded TargetPlatform 'WindowsServer'
[2026.09.16-04.45.56:991][  0]LogTargetPlatformManager: Display: Building Assets For Windows
[2026.09.16-04.45.57:046][  0]LogAudioDebug: Display: Lib vorbis DLL was dynamically loaded.
[2026.09.16-04.45.57:181][  0]LogTextureFormatOodle: Display: Oodle Texture 2.9.0 init RDO Off
[2026.09.16-04.45.57:401][  0]LogRendererCore: Ray tracing is disabled. Reason: r.RayTracing=0.
[2026.09.16-04.45.57:409][  0]LogShaderCompilers: Guid format shader working directory is 8 characters bigger than the processId version (D:/inGGIT/SteelEnclo_LD_BO/MyProject/Intermediate/Shaders/WorkingDirectory/431040/).
[2026.09.16-04.45.57:409][  0]LogShaderCompilers: Cleaned the shader compiler working directory 'C:/Users/jeffr/AppData/Local/Temp/UnrealShaderWorkingDir/B71FD47544BF3E2D9384C1AE52E1A9E6/'.
[2026.09.16-04.45.57:410][  0]LogXGEController: Cannot use XGE Controller as Incredibuild is not installed on this machine.
[2026.09.16-04.45.57:411][  0]LogShaderCompilers: Cannot use XGE Shader Compiler as Incredibuild is not installed on this machine.
[2026.09.16-04.45.57:412][  0]LogShaderCompilers: Display: Using Local Shader Compiler.
[2026.09.16-04.46.01:428][  0]LogDerivedDataCache: Display: Max Cache Size: 512 MB
[2026.09.16-04.46.01:569][  0]LogDerivedDataCache: Loaded boot cache 0.14s 94MB C:/Users/jeffr/AppData/Local/UnrealEngine/4.27/DerivedDataCache/Boot.ddc.
[2026.09.16-04.46.01:569][  0]LogDerivedDataCache: Display: Loaded Boot cache: C:/Users/jeffr/AppData/Local/UnrealEngine/4.27/DerivedDataCache/Boot.ddc
[2026.09.16-04.46.01:569][  0]LogDerivedDataCache: FDerivedDataBackendGraph:  Pak pak cache file D:/inGGIT/SteelEnclo_LD_BO/MyProject/DerivedDataCache/DDC.ddp not found, will not use a pak cache.
[2026.09.16-04.46.01:569][  0]LogDerivedDataCache: Unable to find inner node Pak for hierarchical cache Hierarchy.
[2026.09.16-04.46.01:569][  0]LogDerivedDataCache: FDerivedDataBackendGraph:  CompressedPak pak cache file D:/inGGIT/SteelEnclo_LD_BO/MyProject/DerivedDataCache/Compressed.ddp not found, will not use a pak cache.
[2026.09.16-04.46.01:569][  0]LogDerivedDataCache: Unable to find inner node CompressedPak for hierarchical cache Hierarchy.
[2026.09.16-04.46.01:605][  0]LogDerivedDataCache: Display: Pak cache opened for reading ../../../Engine/DerivedDataCache/Compressed.ddp.
[2026.09.16-04.46.01:605][  0]LogDerivedDataCache: FDerivedDataBackendGraph:  EnterprisePak pak cache file ../../../Enterprise/DerivedDataCache/Compressed.ddp not found, will not use a pak cache.
[2026.09.16-04.46.01:605][  0]LogDerivedDataCache: Unable to find inner node EnterprisePak for hierarchical cache Hierarchy.
[2026.09.16-04.46.01:674][  0]LogDerivedDataCache: Speed tests for C:/Users/jeffr/AppData/Local/UnrealEngine/Common/DerivedDataCache took 0.07 seconds
[2026.09.16-04.46.01:674][  0]LogDerivedDataCache: Display: Performance to C:/Users/jeffr/AppData/Local/UnrealEngine/Common/DerivedDataCache: Latency=0.73ms. RandomReadSpeed=17.86MBs, RandomWriteSpeed=109.17MBs. Assigned SpeedClass 'Local'
[2026.09.16-04.46.01:675][  0]LogDerivedDataCache: Using Local data cache path C:/Users/jeffr/AppData/Local/UnrealEngine/Common/DerivedDataCache: Writable
[2026.09.16-04.46.01:675][  0]LogDerivedDataCache: Shared data cache path not found in *engine.ini, will not use an Shared cache.
[2026.09.16-04.46.01:675][  0]LogDerivedDataCache: Unable to find inner node Shared for hierarchical cache Hierarchy.
[2026.09.16-04.46.01:746][  0]LogSlate: Using FreeType 2.10.0
[2026.09.16-04.46.01:775][  0]LogSlate: SlateFontServices - WITH_FREETYPE: 1, WITH_HARFBUZZ: 1
[2026.09.16-04.46.01:855][  0]LogAssetRegistry: FAssetRegistry took 0.0163 seconds to start up
[2026.09.16-04.46.02:755][  0]LogInit: Selected Device Profile: [Windows]
[2026.09.16-04.46.02:755][  0]LogInit: Active device profile: [000001E41A673600][000001E417236600 49] Windows
[2026.09.16-04.46.02:755][  0]LogInit: Profiles: [000001E41A673600][000001E417236600 49] Windows, [000001E41A624C00][000001E4124C4740 49] WindowsNoEditor, [000001E41A670C00][000001E4173C08C0 49] WindowsServer, [000001E41A626E00][000001E4173C4A40 49] WindowsClient, [000001E41A672D00][000001E4173C8BC0 49] IOS, [000001E41A625500][000001E4173CCD40 49] iPadAir, [000001E41A671400][000001E4173D0EC0 49] iPadAir2, [000001E41A5CFD00][000001E412B7F180 49] IPadPro, [000001E41A5CFE00][000001E4173D51C0 49] iPadAir3, [000001E41A672700][000001E412B83340 49] iPadAir4, [000001E41A5CD100][000001E412B874C0 49] iPadMini2, [000001E41A671900][000001E412B8F640 49] iPadMini3, [000001E41A5CE800][000001E412B937C0 49] iPadMini4, [000001E41A673A00][000001E412B97940 49] iPadMini5, [000001E41A61B600][000001E41AE95C00 49] iPhone6, [000001E41A61B700][000001E41AE900C0 49] iPodTouch6, [000001E41A5CC100][000001E41AE9C380 49] iPhone7, [000001E41A5CD200][000001E41AE983C0 49] iPodTouch7, [000001E41A619000][000001E41AEA0540 49] iPhone5S, [000001E41A5CEB00][000001E4124C8680 49] iPhone6Plus, [000001E41A61A900][000001E41AEA47C0 49] iPhone6S, [000001E41A5CCF00][000001E41AEA8900 49] iPhone6SPlus, [000001E41A619800][000001E41AEB0A80 49] iPhone7Plus, [000001E41A5CE200][000001E41AEB4C00 49] iPhoneSE, [000001E41A61A100][000001E41AEB8D80 49] iPhone8, [000001E41A5CF900][000001E41AEBCF00 49] iPhone8Plus, [000001E41A618D00][000001E41AEC1080 49] iPhoneX, [000001E41A5CC300][000001E41AEC5200 49] iPhoneXS, [000001E41A619200][000001E41AEC9380 49] iPhoneXSMax, [000001E41A5CCB00][000001E41AECD500 49] iPhoneXR, [000001E41A61A000][000001E41AED1680 49] iPhone11, [000001E41A5CDA00][000001E41AED5800 49] iPhone11Pro, [000001E41A61B000][000001E41AED9980 49] iPhone11ProMax, [000001E41A5CFF00][000001E41AEDDB00 49] iPhoneSE2, [000001E41A619600][000001E41AEE0100 49] iPhone12Mini, [000001E41A5CF400][000001E41AEE4280 49] iPhone12, [000001E41A619100][000001E41AEE8400 49] iPhone12Pro, [000001E41A5CCA00][000001E41AEEC580 49] iPhone12ProMax, [000001E41A61BB00][000001E41AEF0700 49] iPadPro105, [000001E41A5CCC00][000001E41AEAC840 49] iPadPro129, [000001E41A61B400][000001E41AEF4980 49] iPadPro97, [000001E41A5CC500][000001E41AEF8AC0 49] iPadPro2_129, [000001E41A618900][000001E41AF00C40 49] iPad5, [000001E41A5CF300][000001E41AF04DC0 49] iPad6, [000001E41A618100][000001E41AF08F40 49] iPad7, [000001E41A5CF600][000001E41AF0D0C0 49] iPad8, [000001E41A61A500][000001E41AF11240 49] iPadPro11, [000001E41A5CE100][000001E41AF153C0 49] iPadPro2_11, [000001E41A61B900][000001E41AF19540 49] iPadPro3_129, [000001E41A5CE700][000001E41AF1D6C0 49] iPadPro4_129, [000001E41A61B100][000001E41AF21840 49] AppleTV, [000001E41A5CD900][000001E41AF259C0 49] AppleTV4K, [000001E41A618700][000001E41AF29B40 49] TVOS, [000001E41A5CF800][000001E41AF2C140 49] Mac, [000001E41A619D00][000001E41AF302C0 49] MacClient, [000001E41A5CDF00][000001E41AF34440 49] MacNoEditor, [000001E41A619300][000001E41AF385C0 49] MacServer, [000001E41A5CC800][000001E41AF3C740 49] Linux, [000001E41A61B800][000001E41AF408C0 49] LinuxAArch64, [000001E41A5CD500][000001E41AEFCA00 49] LinuxNoEditor, [000001E41A619F00][000001E41AF44B40 49] LinuxAArch64NoEditor, [000001E41A5CFB00][000001E41AF48C80 49] LinuxClient, [000001E41A618C00][000001E41AF4CDC0 49] LinuxAArch64Client, [000001E41A627400][000001E41AF54F40 49] LinuxServer, [000001E41A6A9F00][000001E41AF590C0 49] LinuxAArch64Server, [000001E41A627B00][000001E41AF5D240 49] Android, [000001E41A6A8100][000001E41AF613C0 49] Android_Low, [000001E41A624700][000001E41AF65540 49] Android_Mid, [000001E41A6AA400][000001E41AF696C0 49] Android_High, [000001E41A626900][000001E41AF6D840 49] Android_Default, [000001E41A6AA000][000001E41AF719C0 49] Android_Adreno4xx, [000001E41A627500][000001E41AF75B40 49] Android_Adreno5xx_Low, [000001E41A6A9500][000001E41AF78140 49] Android_Adreno5xx, [000001E41A625D00][000001E41AF7C2C0 49] Android_Adreno6xx, [000001E41A6A8400][000001E41AF80440 49] Android_Adreno6xx_Vulkan, [000001E41A626C00][000001E41AF845C0 49] Android_Mali_T6xx, [000001E41A6A8F00][000001E41AF88740 49] Android_Mali_T7xx, [000001E41A626200][000001E41AF8C8C0 49] Android_Mali_T8xx, [000001E41A6AA900][000001E41AF90A40 49] Android_Mali_G71, [000001E41A624900][000001E41AF50B80 49] Android_Mali_G72, [000001E41A6AA200][000001E41AF94CC0 49] Android_Mali_G72_Vulkan, [000001E41A619B00][000001E41AF98E00 49] Android_Mali_G76, [000001E41A5CED00][000001E41AF9CF40 49] Android_Mali_G76_Vulkan, [000001E41A618600][000001E41AFA50C0 49] Android_Mali_G77, [000001E41A5CDB00][000001E41AFA9240 49] Android_Mali_G77_Vulkan, [000001E41A61BE00][000001E41AFAD3C0 49] Android_Mali_G78, [000001E41A5CE500][000001E41AFB1540 49] Android_Mali_G78_Vulkan, [000001E41A61AB00][000001E41AFB56C0 49] Android_Mali_G710, [000001E41A5CEC00][000001E41AFB9840 49] Android_Mali_G710_Vulkan, [000001E41A6A8500][000001E41AFBD9C0 49] Android_Vulkan_SM5, [000001E41A5CF200][000001E41AFC1B40 49] Android_PowerVR_G6xxx, [000001E41A6A8600][000001E41AFC4140 49] Android_PowerVR_GT7xxx, [000001E41A5CDC00][000001E41AFC82C0 49] Android_PowerVR_GE8xxx, [000001E41A6A8200][000001E41AFCC440 49] Android_PowerVR_GM9xxx, [000001E41A5CE600][000001E41AFD05C0 49] Android_PowerVR_GM9xxx_Vulkan, [000001E41A6A9400][000001E41AFD4740 49] Android_TegraK1, [000001E41A5CC700][000001E41AFD88C0 49] Android_Unknown_Vulkan, [000001E41A6AA100][000001E41AFDCA40 49] Lumin, [000001E41A5CD300][000001E41AFE0BC0 49] Lumin_Desktop, [000001E41A6A9A00][000001E41AFE4D40 49] HoloLens, 
[2026.09.16-04.46.03:208][  0]LogMeshReduction: Using QuadricMeshReduction for automatic static mesh reduction
[2026.09.16-04.46.03:208][  0]LogMeshReduction: Using SimplygonMeshReduction for automatic skeletal mesh reduction
[2026.09.16-04.46.03:208][  0]LogMeshReduction: Using ProxyLODMeshReduction for automatic mesh merging
[2026.09.16-04.46.03:208][  0]LogMeshReduction: No distributed automatic mesh merging module available
[2026.09.16-04.46.03:210][  0]LogMeshMerging: No distributed automatic mesh merging module available
[2026.09.16-04.46.03:393][  0]LogNetVersion: MyProject 1.0.0, NetCL: 17155196, EngineNetVer: 17, GameNetVer: 0 (Checksum: 3629800737)
[2026.09.16-04.46.05:483][  0]LogTexture: Default maximum texture size for cubemaps generated from long-lat sources has been changed from 512 to unlimited. In order to preserve old behaiour for '/Engine/MapTemplates/Sky/DaylightAmbientCubemap.DaylightAmbientCubemap', its maximum texture size has been explicitly set to 512.
[2026.09.16-04.46.05:737][  0]LogHMD: PokeAHoleMaterial loaded successfully
[2026.09.16-04.46.05:763][  0]LogUObjectArray: 17178 objects as part of root set at end of initial load.
[2026.09.16-04.46.05:763][  0]LogUObjectAllocator: 4302048 out of 0 bytes used by permanent object pool.
[2026.09.16-04.46.05:765][  0]LogUObjectArray: CloseDisregardForGC: 0/0 objects in disregard for GC pool
[2026.09.16-04.46.06:994][  0]LogPython: Using Python 3.7.7
[2026.09.16-04.46.07:839][  0]LogNiagaraDebuggerClient: Niagara Debugger Client Initialized | Session: BDC2D41E4066DAE10668DABE9CB7A335 | Instance: 51D08DBD48DA884AE42167B0FD0ADBA2 (NYEFFSANOTG-431040).
[2026.09.16-04.46.08:501][  0]LogTcpMessaging: Initializing TcpMessaging bridge
[2026.09.16-04.46.08:522][  0]LogUdpMessaging: Initializing bridge on interface 0.0.0.0:0 to multicast group 230.0.0.1:6666.
[2026.09.16-04.46.09:098][  0]SourceControl: Source control is disabled
[2026.09.16-04.46.09:099][  0]SourceControl: Source control is disabled
[2026.09.16-04.46.09:136][  0]LogUProjectInfo: Found projects:
[2026.09.16-04.46.09:242][  0]SourceControl: Source control is disabled
[2026.09.16-04.46.09:254][  0]SourceControl: Source control is disabled
[2026.09.16-04.46.09:304][  0]SourceControl: Source control is disabled
[2026.09.16-04.46.09:883][  0]LogOpenImageDenoise: OIDN starting up
[2026.09.16-04.46.10:030][  0]LogAndroidPermission: UAndroidPermissionCallbackProxy::GetInstance
[2026.09.16-04.46.10:084][  0]LogAudioCaptureCore: Display: No Audio Capture implementations found. Audio input will be silent.
[2026.09.16-04.46.10:084][  0]LogAudioCaptureCore: Display: No Audio Capture implementations found. Audio input will be silent.
[2026.09.16-04.46.10:567][  0]LogCollectionManager: Loaded 0 collections in 0.001493 seconds
[2026.09.16-04.46.10:663][  0]LogFileCache: Scanning file cache for directory 'D:/inGGIT/SteelEnclo_LD_BO/MyProject/Saved/Collections/' took 0.00s
[2026.09.16-04.46.10:663][  0]LogFileCache: Scanning file cache for directory 'D:/inGGIT/SteelEnclo_LD_BO/MyProject/Content/Developers/jeffr/Collections/' took 0.00s
[2026.09.16-04.46.10:663][  0]LogFileCache: Scanning file cache for directory 'D:/inGGIT/SteelEnclo_LD_BO/MyProject/Content/Collections/' took 0.00s
[2026.09.16-04.46.10:663][  0]LogOcInput: OculusInput pre-init called
[2026.09.16-04.46.11:375][  0]LogEngine: Initializing Engine...
[2026.09.16-04.46.11:451][  0]LogHMD: Failed to enumerate extensions. Please check that you have a valid OpenXR runtime installed.
[2026.09.16-04.46.11:453][  0]LogHMD: Failed to initialize OpenVR with code 110
[2026.09.16-04.46.11:454][  0]LogMagicLeap: Warning: VR disabled because ZI is not enabled.  To enable, in the editor, Edit -> Project Settings -> Plugins -> Magic Leap Plugin -> Enable Zero Iteration
[2026.09.16-04.46.11:474][  0]LogStats: UGameplayTagsManager::InitializeManager -  0.006 s
[2026.09.16-04.46.11:829][  0]LogInit: Initializing FReadOnlyCVARCache
[2026.09.16-04.46.11:993][  0]LogAIModule: Creating AISystem for world Untitled
[2026.09.16-04.46.12:035][  0]LogAudio: Display: Initializing Audio Device Manager...
[2026.09.16-04.46.12:043][  0]LogAudio: Display: Loading Default Audio Settings Objects...
[2026.09.16-04.46.12:052][  0]LogAudio: Display: No default SoundConcurrencyObject specified (or failed to load).
[2026.09.16-04.46.12:058][  0]LogAudio: Display: Audio Device Manager Initialized
[2026.09.16-04.46.12:058][  0]LogAudio: Display: Creating Audio Device:                 Id: 1, Scope: Shared, Realtime: True
[2026.09.16-04.46.12:062][  0]LogAudioMixer: Display: Audio Mixer Platform Settings:
[2026.09.16-04.46.12:062][  0]LogAudioMixer: Display: 	Sample Rate:						  48000
[2026.09.16-04.46.12:062][  0]LogAudioMixer: Display: 	Callback Buffer Frame Size Requested: 1024
[2026.09.16-04.46.12:062][  0]LogAudioMixer: Display: 	Callback Buffer Frame Size To Use:	  1024
[2026.09.16-04.46.12:062][  0]LogAudioMixer: Display: 	Number of buffers to queue:			  2
[2026.09.16-04.46.12:062][  0]LogAudioMixer: Display: 	Max Channels (voices):				  32
[2026.09.16-04.46.12:062][  0]LogAudioMixer: Display: 	Number of Async Source Workers:		  0
[2026.09.16-04.46.12:063][  0]LogAudio: Display: AudioDevice MaxSources: 32
[2026.09.16-04.46.12:075][  0]LogAudio: Display: Audio Spatialization Plugin: None (built-in).
[2026.09.16-04.46.12:075][  0]LogAudio: Display: Audio Reverb Plugin: None (built-in).
[2026.09.16-04.46.12:075][  0]LogAudio: Display: Audio Occlusion Plugin: None (built-in).
[2026.09.16-04.46.12:076][  0]LogAudioMixer: Display: Initializing audio mixer.
[2026.09.16-04.46.12:127][  0]LogAudioMixer: Display: 0: FrontLeft
[2026.09.16-04.46.12:127][  0]LogAudioMixer: Display: 1: FrontRight
[2026.09.16-04.46.12:159][  0]LogAudioMixer: Display: Using Audio Device Headphones (Intel® Smart Sound Technology for Bluetooth® Audio)
[2026.09.16-04.46.12:161][  0]LogAudioMixer: Display: Initializing Sound Submixes...
[2026.09.16-04.46.12:193][  0]LogAudioMixer: Display: Creating Master Submix 'MasterSubmixDefault'
[2026.09.16-04.46.12:194][  0]LogAudioMixer: Display: Creating Master Submix 'MasterReverbSubmixDefault'
[2026.09.16-04.46.12:197][  0]LogAudioMixer: Display: Creating Master Submix 'MasterEQSubmixDefault'
[2026.09.16-04.46.12:198][  0]LogAudioMixer: FMixerPlatformXAudio2::StartAudioStream() called
[2026.09.16-04.46.12:198][  0]LogAudioMixer: Display: Output buffers initialized: Frames=1024, Channels=2, Samples=2048
[2026.09.16-04.46.12:199][  0]LogAudioMixer: Display: Starting AudioMixerPlatformInterface::RunInternal()
[2026.09.16-04.46.12:199][  0]LogAudioMixer: Display: FMixerPlatformXAudio2::SubmitBuffer() called for the first time
[2026.09.16-04.46.12:199][  0]LogInit: FAudioDevice initialized.
[2026.09.16-04.46.12:200][  0]LogAudio: Display: Audio Device (ID: 1) registered with world 'Untitled'.
[2026.09.16-04.46.12:202][  0]LogNetVersion: Set ProjectVersion to 1.0.0.0. Version Checksum will be recalculated on next use.
[2026.09.16-04.46.12:270][  0]LogDerivedDataCache: Saved boot cache 0.07s 94MB C:/Users/jeffr/AppData/Local/UnrealEngine/4.27/DerivedDataCache/Boot.ddc.
[2026.09.16-04.46.12:270][  0]LogInit: Texture streaming: Enabled
[2026.09.16-04.46.12:293][  0]LogAnalytics: Display: [UEEditor.Rocket.Release] APIServer = https://datarouter.ol.epicgames.com/. AppVersion = 4.27.2-18319896+++UE4+Release-4.27
[2026.09.16-04.46.12:299][  0]LogEngineSessionManager: EngineSessionManager initialized
[2026.09.16-04.46.12:300][  0]LogEditorSessionSummary: Verbose: Initializing EditorSessionSummaryWriter for editor session tracking
[2026.09.16-04.46.12:303][  0]LogEditorSessionSummary: EditorSessionSummaryWriter initialized
[2026.09.16-04.46.12:380][  0]LogInit: Transaction tracking system initialized
[2026.09.16-04.46.12:452][  0]BlueprintLog: New page: Editor Load
[2026.09.16-04.46.12:657][  0]LocalizationService: Localization service is disabled
[2026.09.16-04.46.12:740][  0]TimingProfiler: Initialize
[2026.09.16-04.46.12:742][  0]TimingProfiler: OnSessionChanged
[2026.09.16-04.46.12:742][  0]LoadingProfiler: Initialize
[2026.09.16-04.46.12:742][  0]LoadingProfiler: OnSessionChanged
[2026.09.16-04.46.12:742][  0]NetworkingProfiler: Initialize
[2026.09.16-04.46.12:742][  0]NetworkingProfiler: OnSessionChanged
[2026.09.16-04.46.12:742][  0]MemoryProfiler: Initialize
[2026.09.16-04.46.12:743][  0]MemoryProfiler: OnSessionChanged
[2026.09.16-04.46.13:227][  0]LogFileCache: Scanning file cache for directory 'D:/inGGIT/SteelEnclo_LD_BO/MyProject/Content/' took 0.01s
[2026.09.16-04.46.13:227][  0]LogCook: Display: CookSettings for Memory: MemoryMaxUsedVirtual 0MiB, MemoryMaxUsedPhysical 16384MiB, MemoryMinFreeVirtual 0MiB, MemoryMinFreePhysical 1024MiB
[2026.09.16-04.46.13:227][  0]LogCook: Display: Mobile HDR setting 1
[2026.09.16-04.46.13:791][  0]LogInit: Display: Engine is initialized. Leaving FEngineLoop::Init()
[2026.09.16-04.46.13:805][  0]SourceControl: Source control is disabled
[2026.09.16-04.46.13:806][  0]LogUnrealEdMisc: Loading editor; pre map load, took 27.789
[2026.09.16-04.46.13:806][  0]Cmd: MAP LOAD FILE="D:/inGGIT/SteelEnclo_LD_BO/MyProject/Content/FirstPersonBP/Maps/FirstPersonExampleMap.umap" TEMPLATE=0 SHOWPROGRESS=1 FEATURELEVEL=3
[2026.09.16-04.46.13:808][  0]LightingResults: New page: Lighting Build
[2026.09.16-04.46.13:814][  0]LogWorld: UWorld::CleanupWorld for Untitled, bSessionEnded=true, bCleanupResources=true
[2026.09.16-04.46.13:815][  0]LogSlate: InvalidateAllWidgets triggered.  All widgets were invalidated
[2026.09.16-04.46.13:817][  0]MapCheck: New page: Map Check
[2026.09.16-04.46.13:817][  0]LightingResults: New page: Lighting Build
[2026.09.16-04.46.13:829][  0]LogAudio: Display: Audio Device unregistered from world 'None'.
[2026.09.16-04.46.13:842][  0]LogUObjectHash: Compacting FUObjectHashTables data took   0.56ms
[2026.09.16-04.46.14:787][  0]LogAudio: Display: Audio Device (ID: 1) registered with world 'FirstPersonExampleMap'.
[2026.09.16-04.46.14:787][  0]LogAIModule: Creating AISystem for world FirstPersonExampleMap
[2026.09.16-04.46.14:849][  0]LogEditorServer: Finished looking for orphan Actors (0.000 secs)
[2026.09.16-04.46.14:865][  0]LogUObjectHash: Compacting FUObjectHashTables data took   0.49ms
[2026.09.16-04.46.14:869][  0]Cmd: MAP CHECKDEP NOCLEARLOG
[2026.09.16-04.46.14:870][  0]MapCheck: Map check complete: 0 Error(s), 0 Warning(s), took 0.893ms to complete.
[2026.09.16-04.46.14:870][  0]LogFileHelpers: Loading map 'FirstPersonExampleMap' took 1.065
[2026.09.16-04.46.14:903][  0]LogUnrealEdMisc: Total Editor Startup Time, took 28.887
[2026.09.16-04.46.15:072][  0]LogSlate: Updating window title bar state: overlay mode, drag disabled, window buttons hidden, title bar hidden
[2026.09.16-04.46.15:077][  0]LogSlate: Updating window title bar state: overlay mode, drag disabled, window buttons hidden, title bar hidden
[2026.09.16-04.46.15:080][  0]LogSlate: Updating window title bar state: overlay mode, drag disabled, window buttons hidden, title bar hidden
[2026.09.16-04.46.15:083][  0]LogSlate: Updating window title bar state: overlay mode, drag disabled, window buttons hidden, title bar hidden
[2026.09.16-04.46.15:121][  0]LogNativeClassHierarchy: Verbose: Native class hierarchy populated in 0.0061 seconds. Added 3822 classes and 928 folders.
[2026.09.16-04.46.15:134][  0]LogNativeClassHierarchy: Verbose: Native class hierarchy updated for 'WidgetCarousel' in 0.0001 seconds. Added 0 classes and 0 folders.
[2026.09.16-04.46.15:156][  0]LogPakFile: PakFile PrimaryIndexSize=187
[2026.09.16-04.46.15:156][  0]LogPakFile: PakFile PathHashIndexSize=101
[2026.09.16-04.46.15:156][  0]LogPakFile: PakFile FullDirectoryIndexSize=148
[2026.09.16-04.46.15:158][  0]LogShaderLibrary: Display: ShaderCodeLibraryPakFileMountedCallback: PakFile 'C:/Program Files/Epic Games/UE_4.27/FeaturePacks/FP_FirstPerson.upack' (chunk index -1, root 'root:/') mounted
[2026.09.16-04.46.15:158][  0]LogShaderLibrary: Display: ShaderCodeLibraryPakFileMountedCallback: pending pak file info (ChunkID:-1 Root:root:/ File:C:/Program Files/Epic Games/UE_4.27/FeaturePacks/FP_FirstPerson.upack)
[2026.09.16-04.46.15:158][  0]LogPakFile: OnPakFileMounted2Time == 0.002059
[2026.09.16-04.46.15:169][  0]LogPakFile: PakFile PrimaryIndexSize=189
[2026.09.16-04.46.15:169][  0]LogPakFile: PakFile PathHashIndexSize=101
[2026.09.16-04.46.15:170][  0]LogPakFile: PakFile FullDirectoryIndexSize=152
[2026.09.16-04.46.15:170][  0]LogShaderLibrary: Display: ShaderCodeLibraryPakFileMountedCallback: PakFile 'C:/Program Files/Epic Games/UE_4.27/FeaturePacks/FP_FirstPersonBP.upack' (chunk index -1, root 'root:/') mounted
[2026.09.16-04.46.15:170][  0]LogShaderLibrary: Display: ShaderCodeLibraryPakFileMountedCallback: pending pak file info (ChunkID:-1 Root:root:/ File:C:/Program Files/Epic Games/UE_4.27/FeaturePacks/FP_FirstPersonBP.upack)
[2026.09.16-04.46.15:170][  0]LogPakFile: OnPakFileMounted2Time == 0.000032
[2026.09.16-04.46.15:177][  0]LogPakFile: PakFile PrimaryIndexSize=191
[2026.09.16-04.46.15:178][  0]LogPakFile: PakFile PathHashIndexSize=101
[2026.09.16-04.46.15:178][  0]LogPakFile: PakFile FullDirectoryIndexSize=160
[2026.09.16-04.46.15:178][  0]LogShaderLibrary: Display: ShaderCodeLibraryPakFileMountedCallback: PakFile 'C:/Program Files/Epic Games/UE_4.27/FeaturePacks/MobileStarterContent.upack' (chunk index -1, root 'root:/') mounted
[2026.09.16-04.46.15:178][  0]LogShaderLibrary: Display: ShaderCodeLibraryPakFileMountedCallback: pending pak file info (ChunkID:-1 Root:root:/ File:C:/Program Files/Epic Games/UE_4.27/FeaturePacks/MobileStarterContent.upack)
[2026.09.16-04.46.15:178][  0]LogPakFile: OnPakFileMounted2Time == 0.000028
[2026.09.16-04.46.15:185][  0]LogPakFile: PakFile PrimaryIndexSize=185
[2026.09.16-04.46.15:185][  0]LogPakFile: PakFile PathHashIndexSize=101
[2026.09.16-04.46.15:185][  0]LogPakFile: PakFile FullDirectoryIndexSize=148
[2026.09.16-04.46.15:185][  0]LogShaderLibrary: Display: ShaderCodeLibraryPakFileMountedCallback: PakFile 'C:/Program Files/Epic Games/UE_4.27/FeaturePacks/StarterContent.upack' (chunk index -1, root 'root:/') mounted
[2026.09.16-04.46.15:185][  0]LogShaderLibrary: Display: ShaderCodeLibraryPakFileMountedCallback: pending pak file info (ChunkID:-1 Root:root:/ File:C:/Program Files/Epic Games/UE_4.27/FeaturePacks/StarterContent.upack)
[2026.09.16-04.46.15:185][  0]LogPakFile: OnPakFileMounted2Time == 0.000030
[2026.09.16-04.46.15:195][  0]LogPakFile: PakFile PrimaryIndexSize=190
[2026.09.16-04.46.15:195][  0]LogPakFile: PakFile PathHashIndexSize=101
[2026.09.16-04.46.15:195][  0]LogPakFile: PakFile FullDirectoryIndexSize=154
[2026.09.16-04.46.15:195][  0]LogShaderLibrary: Display: ShaderCodeLibraryPakFileMountedCallback: PakFile 'C:/Program Files/Epic Games/UE_4.27/FeaturePacks/TP_2DSideScroller.upack' (chunk index -1, root 'root:/') mounted
[2026.09.16-04.46.15:195][  0]LogShaderLibrary: Display: ShaderCodeLibraryPakFileMountedCallback: pending pak file info (ChunkID:-1 Root:root:/ File:C:/Program Files/Epic Games/UE_4.27/FeaturePacks/TP_2DSideScroller.upack)
[2026.09.16-04.46.15:195][  0]LogPakFile: OnPakFileMounted2Time == 0.000027
[2026.09.16-04.46.15:202][  0]LogPakFile: PakFile PrimaryIndexSize=192
[2026.09.16-04.46.15:202][  0]LogPakFile: PakFile PathHashIndexSize=101
[2026.09.16-04.46.15:202][  0]LogPakFile: PakFile FullDirectoryIndexSize=158
[2026.09.16-04.46.15:202][  0]LogShaderLibrary: Display: ShaderCodeLibraryPakFileMountedCallback: PakFile 'C:/Program Files/Epic Games/UE_4.27/FeaturePacks/TP_2DSideScrollerBP.upack' (chunk index -1, root 'root:/') mounted
[2026.09.16-04.46.15:202][  0]LogShaderLibrary: Display: ShaderCodeLibraryPakFileMountedCallback: pending pak file info (ChunkID:-1 Root:root:/ File:C:/Program Files/Epic Games/UE_4.27/FeaturePacks/TP_2DSideScrollerBP.upack)
[2026.09.16-04.46.15:202][  0]LogPakFile: OnPakFileMounted2Time == 0.000026
[2026.09.16-04.46.15:208][  0]LogPakFile: PakFile PrimaryIndexSize=182
[2026.09.16-04.46.15:208][  0]LogPakFile: PakFile PathHashIndexSize=101
[2026.09.16-04.46.15:208][  0]LogPakFile: PakFile FullDirectoryIndexSize=138
[2026.09.16-04.46.15:208][  0]LogShaderLibrary: Display: ShaderCodeLibraryPakFileMountedCallback: PakFile 'C:/Program Files/Epic Games/UE_4.27/FeaturePacks/TP_Flying.upack' (chunk index -1, root 'root:/') mounted
[2026.09.16-04.46.15:208][  0]LogShaderLibrary: Display: ShaderCodeLibraryPakFileMountedCallback: pending pak file info (ChunkID:-1 Root:root:/ File:C:/Program Files/Epic Games/UE_4.27/FeaturePacks/TP_Flying.upack)
[2026.09.16-04.46.15:208][  0]LogPakFile: OnPakFileMounted2Time == 0.000025
[2026.09.16-04.46.15:215][  0]LogPakFile: PakFile PrimaryIndexSize=184
[2026.09.16-04.46.15:215][  0]LogPakFile: PakFile PathHashIndexSize=101
[2026.09.16-04.46.15:215][  0]LogPakFile: PakFile FullDirectoryIndexSize=142
[2026.09.16-04.46.15:215][  0]LogShaderLibrary: Display: ShaderCodeLibraryPakFileMountedCallback: PakFile 'C:/Program Files/Epic Games/UE_4.27/FeaturePacks/TP_FlyingBP.upack' (chunk index -1, root 'root:/') mounted
[2026.09.16-04.46.15:215][  0]LogShaderLibrary: Display: ShaderCodeLibraryPakFileMountedCallback: pending pak file info (ChunkID:-1 Root:root:/ File:C:/Program Files/Epic Games/UE_4.27/FeaturePacks/TP_FlyingBP.upack)
[2026.09.16-04.46.15:215][  0]LogPakFile: OnPakFileMounted2Time == 0.000026
[2026.09.16-04.46.15:221][  0]LogPakFile: PakFile PrimaryIndexSize=188
[2026.09.16-04.46.15:221][  0]LogPakFile: PakFile PathHashIndexSize=101
[2026.09.16-04.46.15:221][  0]LogPakFile: PakFile FullDirectoryIndexSize=150
[2026.09.16-04.46.15:221][  0]LogShaderLibrary: Display: ShaderCodeLibraryPakFileMountedCallback: PakFile 'C:/Program Files/Epic Games/UE_4.27/FeaturePacks/TP_HandheldARBP.upack' (chunk index -1, root 'root:/') mounted
[2026.09.16-04.46.15:221][  0]LogShaderLibrary: Display: ShaderCodeLibraryPakFileMountedCallback: pending pak file info (ChunkID:-1 Root:root:/ File:C:/Program Files/Epic Games/UE_4.27/FeaturePacks/TP_HandheldARBP.upack)
[2026.09.16-04.46.15:221][  0]LogPakFile: OnPakFileMounted2Time == 0.000029
[2026.09.16-04.46.15:231][  0]LogPakFile: PakFile PrimaryIndexSize=182
[2026.09.16-04.46.15:231][  0]LogPakFile: PakFile PathHashIndexSize=101
[2026.09.16-04.46.15:231][  0]LogPakFile: PakFile FullDirectoryIndexSize=138
[2026.09.16-04.46.15:231][  0]LogShaderLibrary: Display: ShaderCodeLibraryPakFileMountedCallback: PakFile 'C:/Program Files/Epic Games/UE_4.27/FeaturePacks/TP_Puzzle.upack' (chunk index -1, root 'root:/') mounted
[2026.09.16-04.46.15:231][  0]LogShaderLibrary: Display: ShaderCodeLibraryPakFileMountedCallback: pending pak file info (ChunkID:-1 Root:root:/ File:C:/Program Files/Epic Games/UE_4.27/FeaturePacks/TP_Puzzle.upack)
[2026.09.16-04.46.15:231][  0]LogPakFile: OnPakFileMounted2Time == 0.000027
[2026.09.16-04.46.15:237][  0]LogPakFile: PakFile PrimaryIndexSize=184
[2026.09.16-04.46.15:237][  0]LogPakFile: PakFile PathHashIndexSize=101
[2026.09.16-04.46.15:237][  0]LogPakFile: PakFile FullDirectoryIndexSize=142
[2026.09.16-04.46.15:237][  0]LogShaderLibrary: Display: ShaderCodeLibraryPakFileMountedCallback: PakFile 'C:/Program Files/Epic Games/UE_4.27/FeaturePacks/TP_PuzzleBP.upack' (chunk index -1, root 'root:/') mounted
[2026.09.16-04.46.15:237][  0]LogShaderLibrary: Display: ShaderCodeLibraryPakFileMountedCallback: pending pak file info (ChunkID:-1 Root:root:/ File:C:/Program Files/Epic Games/UE_4.27/FeaturePacks/TP_PuzzleBP.upack)
[2026.09.16-04.46.15:237][  0]LogPakFile: OnPakFileMounted2Time == 0.000027
[2026.09.16-04.46.15:245][  0]LogPakFile: PakFile PrimaryIndexSize=183
[2026.09.16-04.46.15:245][  0]LogPakFile: PakFile PathHashIndexSize=101
[2026.09.16-04.46.15:245][  0]LogPakFile: PakFile FullDirectoryIndexSize=140
[2026.09.16-04.46.15:245][  0]LogShaderLibrary: Display: ShaderCodeLibraryPakFileMountedCallback: PakFile 'C:/Program Files/Epic Games/UE_4.27/FeaturePacks/TP_Rolling.upack' (chunk index -1, root 'root:/') mounted
[2026.09.16-04.46.15:245][  0]LogShaderLibrary: Display: ShaderCodeLibraryPakFileMountedCallback: pending pak file info (ChunkID:-1 Root:root:/ File:C:/Program Files/Epic Games/UE_4.27/FeaturePacks/TP_Rolling.upack)
[2026.09.16-04.46.15:245][  0]LogPakFile: OnPakFileMounted2Time == 0.000131
[2026.09.16-04.46.15:252][  0]LogPakFile: PakFile PrimaryIndexSize=185
[2026.09.16-04.46.15:252][  0]LogPakFile: PakFile PathHashIndexSize=101
[2026.09.16-04.46.15:252][  0]LogPakFile: PakFile FullDirectoryIndexSize=144
[2026.09.16-04.46.15:252][  0]LogShaderLibrary: Display: ShaderCodeLibraryPakFileMountedCallback: PakFile 'C:/Program Files/Epic Games/UE_4.27/FeaturePacks/TP_RollingBP.upack' (chunk index -1, root 'root:/') mounted
[2026.09.16-04.46.15:252][  0]LogShaderLibrary: Display: ShaderCodeLibraryPakFileMountedCallback: pending pak file info (ChunkID:-1 Root:root:/ File:C:/Program Files/Epic Games/UE_4.27/FeaturePacks/TP_RollingBP.upack)
[2026.09.16-04.46.15:252][  0]LogPakFile: OnPakFileMounted2Time == 0.000028
[2026.09.16-04.46.15:259][  0]LogPakFile: PakFile PrimaryIndexSize=188
[2026.09.16-04.46.15:259][  0]LogPakFile: PakFile PathHashIndexSize=101
[2026.09.16-04.46.15:259][  0]LogPakFile: PakFile FullDirectoryIndexSize=150
[2026.09.16-04.46.15:259][  0]LogShaderLibrary: Display: ShaderCodeLibraryPakFileMountedCallback: PakFile 'C:/Program Files/Epic Games/UE_4.27/FeaturePacks/TP_SideScroller.upack' (chunk index -1, root 'root:/') mounted
[2026.09.16-04.46.15:259][  0]LogShaderLibrary: Display: ShaderCodeLibraryPakFileMountedCallback: pending pak file info (ChunkID:-1 Root:root:/ File:C:/Program Files/Epic Games/UE_4.27/FeaturePacks/TP_SideScroller.upack)
[2026.09.16-04.46.15:259][  0]LogPakFile: OnPakFileMounted2Time == 0.000026
[2026.09.16-04.46.15:264][  0]LogPakFile: PakFile PrimaryIndexSize=190
[2026.09.16-04.46.15:264][  0]LogPakFile: PakFile PathHashIndexSize=101
[2026.09.16-04.46.15:264][  0]LogPakFile: PakFile FullDirectoryIndexSize=154
[2026.09.16-04.46.15:264][  0]LogShaderLibrary: Display: ShaderCodeLibraryPakFileMountedCallback: PakFile 'C:/Program Files/Epic Games/UE_4.27/FeaturePacks/TP_SideScrollerBP.upack' (chunk index -1, root 'root:/') mounted
[2026.09.16-04.46.15:264][  0]LogShaderLibrary: Display: ShaderCodeLibraryPakFileMountedCallback: pending pak file info (ChunkID:-1 Root:root:/ File:C:/Program Files/Epic Games/UE_4.27/FeaturePacks/TP_SideScrollerBP.upack)
[2026.09.16-04.46.15:264][  0]LogPakFile: OnPakFileMounted2Time == 0.000024
[2026.09.16-04.46.15:270][  0]LogPakFile: PakFile PrimaryIndexSize=187
[2026.09.16-04.46.15:270][  0]LogPakFile: PakFile PathHashIndexSize=101
[2026.09.16-04.46.15:270][  0]LogPakFile: PakFile FullDirectoryIndexSize=148
[2026.09.16-04.46.15:270][  0]LogShaderLibrary: Display: ShaderCodeLibraryPakFileMountedCallback: PakFile 'C:/Program Files/Epic Games/UE_4.27/FeaturePacks/TP_ThirdPerson.upack' (chunk index -1, root 'root:/') mounted
[2026.09.16-04.46.15:270][  0]LogShaderLibrary: Display: ShaderCodeLibraryPakFileMountedCallback: pending pak file info (ChunkID:-1 Root:root:/ File:C:/Program Files/Epic Games/UE_4.27/FeaturePacks/TP_ThirdPerson.upack)
[2026.09.16-04.46.15:270][  0]LogPakFile: OnPakFileMounted2Time == 0.000027
[2026.09.16-04.46.15:278][  0]LogPakFile: PakFile PrimaryIndexSize=189
[2026.09.16-04.46.15:278][  0]LogPakFile: PakFile PathHashIndexSize=101
[2026.09.16-04.46.15:278][  0]LogPakFile: PakFile FullDirectoryIndexSize=152
[2026.09.16-04.46.15:278][  0]LogShaderLibrary: Display: ShaderCodeLibraryPakFileMountedCallback: PakFile 'C:/Program Files/Epic Games/UE_4.27/FeaturePacks/TP_ThirdPersonBP.upack' (chunk index -1, root 'root:/') mounted
[2026.09.16-04.46.15:278][  0]LogShaderLibrary: Display: ShaderCodeLibraryPakFileMountedCallback: pending pak file info (ChunkID:-1 Root:root:/ File:C:/Program Files/Epic Games/UE_4.27/FeaturePacks/TP_ThirdPersonBP.upack)
[2026.09.16-04.46.15:278][  0]LogPakFile: OnPakFileMounted2Time == 0.000027
[2026.09.16-04.46.15:286][  0]LogPakFile: PakFile PrimaryIndexSize=183
[2026.09.16-04.46.15:286][  0]LogPakFile: PakFile PathHashIndexSize=101
[2026.09.16-04.46.15:286][  0]LogPakFile: PakFile FullDirectoryIndexSize=140
[2026.09.16-04.46.15:286][  0]LogShaderLibrary: Display: ShaderCodeLibraryPakFileMountedCallback: PakFile 'C:/Program Files/Epic Games/UE_4.27/FeaturePacks/TP_TopDown.upack' (chunk index -1, root 'root:/') mounted
[2026.09.16-04.46.15:286][  0]LogShaderLibrary: Display: ShaderCodeLibraryPakFileMountedCallback: pending pak file info (ChunkID:-1 Root:root:/ File:C:/Program Files/Epic Games/UE_4.27/FeaturePacks/TP_TopDown.upack)
[2026.09.16-04.46.15:286][  0]LogPakFile: OnPakFileMounted2Time == 0.000033
[2026.09.16-04.46.15:292][  0]LogPakFile: PakFile PrimaryIndexSize=185
[2026.09.16-04.46.15:292][  0]LogPakFile: PakFile PathHashIndexSize=101
[2026.09.16-04.46.15:292][  0]LogPakFile: PakFile FullDirectoryIndexSize=144
[2026.09.16-04.46.15:292][  0]LogShaderLibrary: Display: ShaderCodeLibraryPakFileMountedCallback: PakFile 'C:/Program Files/Epic Games/UE_4.27/FeaturePacks/TP_TopDownBP.upack' (chunk index -1, root 'root:/') mounted
[2026.09.16-04.46.15:292][  0]LogShaderLibrary: Display: ShaderCodeLibraryPakFileMountedCallback: pending pak file info (ChunkID:-1 Root:root:/ File:C:/Program Files/Epic Games/UE_4.27/FeaturePacks/TP_TopDownBP.upack)
[2026.09.16-04.46.15:292][  0]LogPakFile: OnPakFileMounted2Time == 0.000025
[2026.09.16-04.46.15:300][  0]LogPakFile: PakFile PrimaryIndexSize=185
[2026.09.16-04.46.15:300][  0]LogPakFile: PakFile PathHashIndexSize=101
[2026.09.16-04.46.15:300][  0]LogPakFile: PakFile FullDirectoryIndexSize=144
[2026.09.16-04.46.15:300][  0]LogShaderLibrary: Display: ShaderCodeLibraryPakFileMountedCallback: PakFile 'C:/Program Files/Epic Games/UE_4.27/FeaturePacks/TP_TwinStick.upack' (chunk index -1, root 'root:/') mounted
[2026.09.16-04.46.15:300][  0]LogShaderLibrary: Display: ShaderCodeLibraryPakFileMountedCallback: pending pak file info (ChunkID:-1 Root:root:/ File:C:/Program Files/Epic Games/UE_4.27/FeaturePacks/TP_TwinStick.upack)
[2026.09.16-04.46.15:300][  0]LogPakFile: OnPakFileMounted2Time == 0.000028
[2026.09.16-04.46.15:306][  0]LogPakFile: PakFile PrimaryIndexSize=187
[2026.09.16-04.46.15:306][  0]LogPakFile: PakFile PathHashIndexSize=101
[2026.09.16-04.46.15:306][  0]LogPakFile: PakFile FullDirectoryIndexSize=148
[2026.09.16-04.46.15:306][  0]LogShaderLibrary: Display: ShaderCodeLibraryPakFileMountedCallback: PakFile 'C:/Program Files/Epic Games/UE_4.27/FeaturePacks/TP_TwinStickBP.upack' (chunk index -1, root 'root:/') mounted
[2026.09.16-04.46.15:306][  0]LogShaderLibrary: Display: ShaderCodeLibraryPakFileMountedCallback: pending pak file info (ChunkID:-1 Root:root:/ File:C:/Program Files/Epic Games/UE_4.27/FeaturePacks/TP_TwinStickBP.upack)
[2026.09.16-04.46.15:306][  0]LogPakFile: OnPakFileMounted2Time == 0.000023
[2026.09.16-04.46.15:311][  0]LogPakFile: PakFile PrimaryIndexSize=183
[2026.09.16-04.46.15:311][  0]LogPakFile: PakFile PathHashIndexSize=101
[2026.09.16-04.46.15:311][  0]LogPakFile: PakFile FullDirectoryIndexSize=140
[2026.09.16-04.46.15:311][  0]LogShaderLibrary: Display: ShaderCodeLibraryPakFileMountedCallback: PakFile 'C:/Program Files/Epic Games/UE_4.27/FeaturePacks/TP_Vehicle.upack' (chunk index -1, root 'root:/') mounted
[2026.09.16-04.46.15:311][  0]LogShaderLibrary: Display: ShaderCodeLibraryPakFileMountedCallback: pending pak file info (ChunkID:-1 Root:root:/ File:C:/Program Files/Epic Games/UE_4.27/FeaturePacks/TP_Vehicle.upack)
[2026.09.16-04.46.15:311][  0]LogPakFile: OnPakFileMounted2Time == 0.000023
[2026.09.16-04.46.15:317][  0]LogPakFile: PakFile PrimaryIndexSize=186
[2026.09.16-04.46.15:317][  0]LogPakFile: PakFile PathHashIndexSize=101
[2026.09.16-04.46.15:317][  0]LogPakFile: PakFile FullDirectoryIndexSize=146
[2026.09.16-04.46.15:317][  0]LogShaderLibrary: Display: ShaderCodeLibraryPakFileMountedCallback: PakFile 'C:/Program Files/Epic Games/UE_4.27/FeaturePacks/TP_VehicleAdv.upack' (chunk index -1, root 'root:/') mounted
[2026.09.16-04.46.15:317][  0]LogShaderLibrary: Display: ShaderCodeLibraryPakFileMountedCallback: pending pak file info (ChunkID:-1 Root:root:/ File:C:/Program Files/Epic Games/UE_4.27/FeaturePacks/TP_VehicleAdv.upack)
[2026.09.16-04.46.15:317][  0]LogPakFile: OnPakFileMounted2Time == 0.000027
[2026.09.16-04.46.15:324][  0]LogPakFile: PakFile PrimaryIndexSize=188
[2026.09.16-04.46.15:324][  0]LogPakFile: PakFile PathHashIndexSize=101
[2026.09.16-04.46.15:324][  0]LogPakFile: PakFile FullDirectoryIndexSize=150
[2026.09.16-04.46.15:324][  0]LogShaderLibrary: Display: ShaderCodeLibraryPakFileMountedCallback: PakFile 'C:/Program Files/Epic Games/UE_4.27/FeaturePacks/TP_VehicleAdvBP.upack' (chunk index -1, root 'root:/') mounted
[2026.09.16-04.46.15:324][  0]LogShaderLibrary: Display: ShaderCodeLibraryPakFileMountedCallback: pending pak file info (ChunkID:-1 Root:root:/ File:C:/Program Files/Epic Games/UE_4.27/FeaturePacks/TP_VehicleAdvBP.upack)
[2026.09.16-04.46.15:324][  0]LogPakFile: OnPakFileMounted2Time == 0.000025
[2026.09.16-04.46.15:331][  0]LogPakFile: PakFile PrimaryIndexSize=185
[2026.09.16-04.46.15:331][  0]LogPakFile: PakFile PathHashIndexSize=101
[2026.09.16-04.46.15:331][  0]LogPakFile: PakFile FullDirectoryIndexSize=144
[2026.09.16-04.46.15:331][  0]LogShaderLibrary: Display: ShaderCodeLibraryPakFileMountedCallback: PakFile 'C:/Program Files/Epic Games/UE_4.27/FeaturePacks/TP_VehicleBP.upack' (chunk index -1, root 'root:/') mounted
[2026.09.16-04.46.15:331][  0]LogShaderLibrary: Display: ShaderCodeLibraryPakFileMountedCallback: pending pak file info (ChunkID:-1 Root:root:/ File:C:/Program Files/Epic Games/UE_4.27/FeaturePacks/TP_VehicleBP.upack)
[2026.09.16-04.46.15:331][  0]LogPakFile: OnPakFileMounted2Time == 0.000027
[2026.09.16-04.46.15:336][  0]LogPakFile: PakFile PrimaryIndexSize=192
[2026.09.16-04.46.15:336][  0]LogPakFile: PakFile PathHashIndexSize=101
[2026.09.16-04.46.15:336][  0]LogPakFile: PakFile FullDirectoryIndexSize=158
[2026.09.16-04.46.15:336][  0]LogShaderLibrary: Display: ShaderCodeLibraryPakFileMountedCallback: PakFile 'C:/Program Files/Epic Games/UE_4.27/FeaturePacks/TP_VirtualRealityBP.upack' (chunk index -1, root 'root:/') mounted
[2026.09.16-04.46.15:336][  0]LogShaderLibrary: Display: ShaderCodeLibraryPakFileMountedCallback: pending pak file info (ChunkID:-1 Root:root:/ File:C:/Program Files/Epic Games/UE_4.27/FeaturePacks/TP_VirtualRealityBP.upack)
[2026.09.16-04.46.15:336][  0]LogPakFile: OnPakFileMounted2Time == 0.000023
[2026.09.16-04.46.15:883][  0]LogNativeClassHierarchy: Verbose: Native class hierarchy updated for 'AddContentDialog' in 0.0002 seconds. Added 0 classes and 0 folders.
[2026.09.16-04.46.15:888][  0]LogNativeClassHierarchy: Verbose: Native class hierarchy updated for 'SceneOutliner' in 0.0002 seconds. Added 2 classes and 0 folders.
[2026.09.16-04.46.15:962][  0]LogSlate: Took 0.005838 seconds to synchronously load lazily loaded font '../../../Engine/Content/Slate/Fonts/Roboto-Regular.ttf' (155K)
[2026.09.16-04.46.15:973][  0]LogSlate: Took 0.007113 seconds to synchronously load lazily loaded font '../../../Engine/Content/Editor/Slate/Fonts/FontAwesome.ttf' (139K)
[2026.09.16-04.46.15:979][  0]LogSlate: Took 0.004569 seconds to synchronously load lazily loaded font '../../../Engine/Content/Slate/Fonts/Roboto-Bold.ttf' (160K)
[2026.09.16-04.46.16:172][  0]LogRenderer: Reallocating scene render targets to support 1344x672 Format 10 NumSamples 1 (Frame:1).
[2026.09.16-04.46.16:334][  0]LogNativeClassHierarchy: Verbose: Native class hierarchy updated for 'HierarchicalLODOutliner' in 0.0002 seconds. Added 0 classes and 0 folders.
[2026.09.16-04.46.16:334][  0]LogLoad: (Engine Initialization) Total time: 30.32 seconds
[2026.09.16-04.46.16:334][  0]LogLoad: (Engine Initialization) Total Blueprint compile time: 0.00 seconds
[2026.09.16-04.46.16:399][  0]LogAssetRegistry: Asset discovery search completed in 14.5472 seconds
[2026.09.16-04.46.16:434][  0]LogCollectionManager: Fixed up redirectors for 0 collections in 0.000003 seconds (updated 0 objects)
[2026.09.16-04.46.16:436][  0]LogContentStreaming: Texture pool size now 1000 MB
[2026.09.16-04.46.17:056][  2]LogSlate: Took 0.008368 seconds to synchronously load lazily loaded font '../../../Engine/Content/Slate/Fonts/Roboto-Light.ttf' (167K)
[2026.09.16-05.40.40:411][726]LogAudioMixer: Warning: Changing default audio render device to new device: {0.0.0.00000000}.{8eb59ef9-967a-4ede-98c6-d0a594867419}.
[2026.09.16-05.40.40:411][726]LogAudioMixer: Resetting audio stream to device id 
[2026.09.16-05.40.40:428][726]LogAudioMixer: Display: 0: FrontLeft
[2026.09.16-05.40.40:428][726]LogAudioMixer: Display: 1: FrontRight
[2026.09.16-05.48.58:055][210]LogAudioMixer: Warning: Changing default audio render device to new device: {0.0.0.00000000}.{0c5d3142-0e59-47f6-ae8e-24a4519bdc78}.
[2026.09.16-05.48.58:055][210]LogAudioMixer: Resetting audio stream to device id 
[2026.09.16-05.48.58:064][210]LogAudioMixer: Display: 0: FrontLeft
[2026.09.16-05.48.58:064][210]LogAudioMixer: Display: 1: FrontRight
[2026.09.16-05.50.02:798][221]LogTemp: Repeating last play command: Selected Viewport
[2026.09.16-05.50.02:803][221]LogPlayLevel: PlayLevel: No blueprints needed recompiling
[2026.09.16-05.50.02:804][221]PIE: New page: PIE session: FirstPersonExampleMap (Sep 16, 2026, 9:50:02 PM)
[2026.09.16-05.50.02:807][221]LogOnline: OSS: Creating online subsystem instance for: NULL
[2026.09.16-05.50.02:809][221]LogOnline: OSS: TryLoadSubsystemAndSetDefault: Loaded subsystem for module [NULL]
[2026.09.16-05.50.02:809][221]LogPlayLevel: Creating play world package: /Game/FirstPersonBP/Maps/UEDPIE_0_FirstPersonExampleMap
[2026.09.16-05.50.02:827][221]LogPlayLevel: PIE: StaticDuplicateObject took: (0.018267s)
[2026.09.16-05.50.02:829][221]LogAIModule: Creating AISystem for world FirstPersonExampleMap
[2026.09.16-05.50.02:829][221]LogPlayLevel: PIE: World Init took: (0.001477s)
[2026.09.16-05.50.02:829][221]LogPlayLevel: PIE: Created PIE world by copying editor world from /Game/FirstPersonBP/Maps/FirstPersonExampleMap.FirstPersonExampleMap to /Game/FirstPersonBP/Maps/UEDPIE_0_FirstPersonExampleMap.FirstPersonExampleMap (0.020067s)
[2026.09.16-05.50.02:837][221]LogUObjectHash: Compacting FUObjectHashTables data took   0.97ms
[2026.09.16-05.50.02:839][221]LogAudio: Display: Creating Audio Device:                 Id: 2, Scope: Unique, Realtime: True
[2026.09.16-05.50.02:839][221]LogAudioMixer: Display: Audio Mixer Platform Settings:
[2026.09.16-05.50.02:839][221]LogAudioMixer: Display: 	Sample Rate:						  48000
[2026.09.16-05.50.02:839][221]LogAudioMixer: Display: 	Callback Buffer Frame Size Requested: 1024
[2026.09.16-05.50.02:839][221]LogAudioMixer: Display: 	Callback Buffer Frame Size To Use:	  1024
[2026.09.16-05.50.02:839][221]LogAudioMixer: Display: 	Number of buffers to queue:			  2
[2026.09.16-05.50.02:839][221]LogAudioMixer: Display: 	Max Channels (voices):				  32
[2026.09.16-05.50.02:839][221]LogAudioMixer: Display: 	Number of Async Source Workers:		  0
[2026.09.16-05.50.02:839][221]LogAudio: Display: AudioDevice MaxSources: 32
[2026.09.16-05.50.02:839][221]LogAudio: Display: Audio Spatialization Plugin: None (built-in).
[2026.09.16-05.50.02:840][221]LogAudio: Display: Audio Reverb Plugin: None (built-in).
[2026.09.16-05.50.02:840][221]LogAudio: Display: Audio Occlusion Plugin: None (built-in).
[2026.09.16-05.50.02:840][221]LogAudioMixer: Display: Initializing audio mixer.
[2026.09.16-05.50.02:843][221]LogAudioMixer: Display: 0: FrontLeft
[2026.09.16-05.50.02:843][221]LogAudioMixer: Display: 1: FrontRight
[2026.09.16-05.50.02:855][221]LogAudioMixer: Display: Using Audio Device Headphones (Intel® Smart Sound Technology for Bluetooth® Audio)
[2026.09.16-05.50.02:855][221]LogAudioMixer: Display: Initializing Sound Submixes...
[2026.09.16-05.50.02:855][221]LogAudioMixer: Display: Creating Master Submix 'MasterSubmixDefault'
[2026.09.16-05.50.02:855][221]LogAudioMixer: Display: Creating Master Submix 'MasterReverbSubmixDefault'
[2026.09.16-05.50.02:856][221]LogAudioMixer: Display: Creating Master Submix 'MasterEQSubmixDefault'
[2026.09.16-05.50.02:856][221]LogAudioMixer: FMixerPlatformXAudio2::StartAudioStream() called
[2026.09.16-05.50.02:856][221]LogAudioMixer: Display: Output buffers initialized: Frames=1024, Channels=2, Samples=2048
[2026.09.16-05.50.02:856][221]LogAudioMixer: Display: Starting AudioMixerPlatformInterface::RunInternal()
[2026.09.16-05.50.02:856][221]LogAudioMixer: Display: FMixerPlatformXAudio2::SubmitBuffer() called for the first time
[2026.09.16-05.50.02:856][221]LogInit: FAudioDevice initialized.
[2026.09.16-05.50.02:856][221]LogAudio: Display: Audio Device (ID: 2) registered with world 'FirstPersonExampleMap'.
[2026.09.16-05.50.02:865][221]LogLoad: Game class is 'FirstPersonGameMode_C'
[2026.09.16-05.50.02:871][221]LogWorld: Bringing World /Game/FirstPersonBP/Maps/UEDPIE_0_FirstPersonExampleMap.FirstPersonExampleMap up for play (max tick rate 60) at 2026.09.16-13.50.02
[2026.09.16-05.50.02:872][221]LogWorld: Bringing up level for play took: 0.004988
[2026.09.16-05.50.02:872][221]LogOnline: OSS: Creating online subsystem instance for: :Context_1
[2026.09.16-05.50.02:879][221]LogNativeClassHierarchy: Verbose: Native class hierarchy updated for 'MovieSceneCapture' in 0.0003 seconds. Added 20 classes and 0 folders.
[2026.09.16-05.50.02:881][221]PIE: Server logged in
[2026.09.16-05.50.02:883][221]PIE: Play in editor total start time 0.081 seconds.
[2026.09.16-05.50.11:583][739]LogSlate: Updating window title bar state: overlay mode, drag disabled, window buttons hidden, title bar hidden
[2026.09.16-05.50.11:583][739]LogWorld: BeginTearingDown for /Game/FirstPersonBP/Maps/UEDPIE_0_FirstPersonExampleMap
[2026.09.16-05.50.11:583][739]LogWorld: UWorld::CleanupWorld for FirstPersonExampleMap, bSessionEnded=true, bCleanupResources=true
[2026.09.16-05.50.11:584][739]LogSlate: InvalidateAllWidgets triggered.  All widgets were invalidated
[2026.09.16-05.50.11:593][739]LogPlayLevel: Display: Shutting down PIE online subsystems
[2026.09.16-05.50.11:594][739]LogSlate: InvalidateAllWidgets triggered.  All widgets were invalidated
[2026.09.16-05.50.11:597][739]LogSlate: Updating window title bar state: overlay mode, drag disabled, window buttons hidden, title bar hidden
[2026.09.16-05.50.11:597][739]LogAudioMixer: FMixerPlatformXAudio2::StopAudioStream() called
[2026.09.16-05.50.11:599][739]LogAudioMixer: FMixerPlatformXAudio2::StopAudioStream() called
[2026.09.16-05.50.11:602][739]LogUObjectHash: Compacting FUObjectHashTables data took   0.39ms
[2026.09.16-05.50.11:669][743]LogPlayLevel: Display: Destroying online subsystem :Context_1
[2026.09.16-05.50.18:154][125]LogContentBrowser: Deferred new asset file creation: NewWorld
[2026.09.16-05.50.18:159][125]LogContentBrowser: Creating deferred item: NewWorld
[2026.09.16-05.50.22:115][363]LogContentBrowser: Attempting asset rename: NewWorld -> V2
[2026.09.16-05.50.22:117][363]LogContentBrowser: End creating deferred item NewWorld
[2026.09.16-05.50.22:336][376]LogUObjectHash: Compacting FUObjectHashTables data took   0.45ms
[2026.09.16-05.50.24:764][376]LogSlate: Window 'Save Content' being destroyed
[2026.09.16-05.50.24:787][376]LogSlate: Took 0.000223 seconds to synchronously load lazily loaded font '../../../Engine/Content/Slate/Fonts/Roboto-Light.ttf' (167K)
[2026.09.16-05.50.24:803][376]Cmd: OBJ SAVEPACKAGE PACKAGE="/Game/FirstPersonBP/Maps/V2" FILE="D:/inGGIT/SteelEnclo_LD_BO/MyProject/Content/FirstPersonBP/Maps/V2.umap" SILENT=true AUTOSAVING=false KEEPDIRTY=false
[2026.09.16-05.50.24:806][376]LogUObjectHash: Compacting FUObjectHashTables data took   0.21ms
[2026.09.16-05.50.24:811][376]LogSavePackage: Moving 'D:/inGGIT/SteelEnclo_LD_BO/MyProject/Saved/V2A968C2ED4ECF2D9E184D7DAD7C385C9D.tmp' to 'D:/inGGIT/SteelEnclo_LD_BO/MyProject/Content/FirstPersonBP/Maps/V2.umap'
[2026.09.16-05.50.24:812][376]LogFileHelpers: Saving map 'V2' took 0.009
[2026.09.16-05.50.24:841][376]LogAssetEditorSubsystem: Opening Asset editor for World /Game/FirstPersonBP/Maps/V2.V2
[2026.09.16-05.50.24:842][376]Cmd: MAP LOAD FILE="D:/inGGIT/SteelEnclo_LD_BO/MyProject/Content/FirstPersonBP/Maps/V2.umap" TEMPLATE=0 SHOWPROGRESS=1 FEATURELEVEL=3
[2026.09.16-05.50.24:842][376]LightingResults: New page: Lighting Build
[2026.09.16-05.50.24:842][376]LoadErrors: New page: Loading map: V2.umap
[2026.09.16-05.50.24:882][376]LogWorld: UWorld::CleanupWorld for FirstPersonExampleMap, bSessionEnded=true, bCleanupResources=true
[2026.09.16-05.50.24:882][376]LogSlate: InvalidateAllWidgets triggered.  All widgets were invalidated
[2026.09.16-05.50.24:882][376]MapCheck: New page: Map Check
[2026.09.16-05.50.24:882][376]LightingResults: New page: Lighting Build
[2026.09.16-05.50.24:885][376]LogAudio: Display: Audio Device unregistered from world 'None'.
[2026.09.16-05.50.24:890][376]LogUObjectHash: Compacting FUObjectHashTables data took   0.50ms
[2026.09.16-05.50.24:890][376]LogAudio: Display: Audio Device (ID: 1) registered with world 'V2'.
[2026.09.16-05.50.24:891][376]LogEditorServer: Finished looking for orphan Actors (0.000 secs)
[2026.09.16-05.50.24:891][376]LogAIModule: Creating AISystem for world V2
[2026.09.16-05.50.24:895][376]LogUObjectHash: Compacting FUObjectHashTables data took   0.37ms
[2026.09.16-05.50.24:897][376]Cmd: MAP CHECKDEP NOCLEARLOG
[2026.09.16-05.50.24:897][376]MapCheck: Map check complete: 0 Error(s), 0 Warning(s), took 0.055ms to complete.
[2026.09.16-05.50.24:897][376]LogFileHelpers: Loading map 'V2' took 0.056
[2026.09.16-05.50.24:910][376]AssetCheck: New page: Asset Save: V2
[2026.09.16-05.50.24:910][376]LogContentValidation: Display: Validating World /Game/FirstPersonBP/Maps/V2.V2
[2026.09.16-06.18.54:618][535]LogSlate: Took 0.010367 seconds to synchronously load lazily loaded font '../../../Engine/Content/Slate/Fonts/Roboto-Italic.ttf' (157K)
[2026.09.16-06.19.14:758][583]LogEditorViewport: Clicking on Actor (LMB): DirectionalLight (DirectionalLight)
[2026.09.16-06.19.17:211][729]Cmd: TRANSACTION UNDO
[2026.09.16-06.19.17:211][729]LogEditorTransaction: Undo Edit Intensity
[2026.09.16-06.19.20:668][935]LogEditorViewport: Clicking Background
[2026.09.16-06.19.33:383][694]LogObjectTools: Deleting 1 worlds: /Game/FirstPersonBP/Maps/V2.V2
[2026.09.16-06.19.33:383][694]LogObjectTools: Currently 1 active worlds: /Game/FirstPersonBP/Maps/V2.V2
[2026.09.16-06.19.37:383][694]LogSlate: Window 'Unable to delete level' being destroyed
[2026.09.16-06.19.37:391][694]Message dialog closed, result: Ok, title: Unable to delete level, text: Unable to delete level while it is open
[2026.09.16-06.19.38:402][755]LogUObjectHash: Compacting FUObjectHashTables data took   0.94ms
[2026.09.16-06.19.40:906][755]LogSlate: Window 'Save Content' being destroyed
[2026.09.16-06.19.40:961][755]LogAssetEditorSubsystem: Opening Asset editor for World /Game/FirstPersonBP/Maps/FirstPersonExampleMap.FirstPersonExampleMap
[2026.09.16-06.19.40:961][755]Cmd: MAP LOAD FILE="D:/inGGIT/SteelEnclo_LD_BO/MyProject/Content/FirstPersonBP/Maps/FirstPersonExampleMap.umap" TEMPLATE=0 SHOWPROGRESS=1 FEATURELEVEL=3
[2026.09.16-06.19.40:961][755]LightingResults: New page: Lighting Build
[2026.09.16-06.19.40:961][755]LoadErrors: New page: Loading map: FirstPersonExampleMap.umap
[2026.09.16-06.19.40:963][755]LogWorld: UWorld::CleanupWorld for V2, bSessionEnded=true, bCleanupResources=true
[2026.09.16-06.19.40:963][755]LogSlate: InvalidateAllWidgets triggered.  All widgets were invalidated
[2026.09.16-06.19.40:963][755]MapCheck: New page: Map Check
[2026.09.16-06.19.40:963][755]LightingResults: New page: Lighting Build
[2026.09.16-06.19.40:967][755]LogAudio: Display: Audio Device unregistered from world 'None'.
[2026.09.16-06.19.40:971][755]LogUObjectHash: Compacting FUObjectHashTables data took   0.47ms
[2026.09.16-06.19.40:971][755]LogAudio: Display: Audio Device (ID: 1) registered with world 'FirstPersonExampleMap'.
[2026.09.16-06.19.40:979][755]LogEditorServer: Finished looking for orphan Actors (0.000 secs)
[2026.09.16-06.19.40:980][755]LogAIModule: Creating AISystem for world FirstPersonExampleMap
[2026.09.16-06.19.40:987][755]LogUObjectHash: Compacting FUObjectHashTables data took   0.40ms
[2026.09.16-06.19.40:989][755]Cmd: MAP CHECKDEP NOCLEARLOG
[2026.09.16-06.19.40:989][755]MapCheck: Map check complete: 0 Error(s), 0 Warning(s), took 0.068ms to complete.
[2026.09.16-06.19.40:989][755]LogFileHelpers: Loading map 'FirstPersonExampleMap' took 0.027
[2026.09.16-06.19.44:632][967]LogObjectTools: Deleting 1 worlds: /Game/FirstPersonBP/Maps/V2.V2
[2026.09.16-06.19.44:632][967]LogObjectTools: Currently 1 active worlds: /Game/FirstPersonBP/Maps/FirstPersonExampleMap.FirstPersonExampleMap
[2026.09.16-06.19.44:634][967]LogUObjectHash: Compacting FUObjectHashTables data took   0.38ms
[2026.09.16-06.19.46:181][967]LogSlate: Window 'Delete Assets' being destroyed
[2026.09.16-06.19.46:203][967]LogWorld: UWorld::CleanupWorld for V2, bSessionEnded=true, bCleanupResources=true
[2026.09.16-06.19.46:203][967]LogSlate: InvalidateAllWidgets triggered.  All widgets were invalidated
[2026.09.16-06.19.46:272][967]LogUObjectHash: Compacting FUObjectHashTables data took   0.48ms
[2026.09.16-06.19.46:288][967]LogUObjectHash: Compacting FUObjectHashTables data took   0.20ms
[2026.09.16-06.19.46:292][967]LogUObjectHash: Compacting FUObjectHashTables data took   0.20ms
[2026.09.16-06.19.49:069][131]LogUObjectHash: Compacting FUObjectHashTables data took   0.58ms
[2026.09.16-06.19.49:121][131]LogSavePackage: Moving 'D:/inGGIT/SteelEnclo_LD_BO/MyProject/Saved/FirstPersonExampleMap093BDD6D41581B31B7742FBD7A1B9851.tmp' to 'D:/inGGIT/SteelEnclo_LD_BO/MyProject/Content/FirstPersonBP/Maps/FirstPersonExampleMap.umap'
[2026.09.16-06.19.49:125][131]LogFileHelpers: Saving map 'FirstPersonExampleMap' took 0.061
[2026.09.16-06.19.49:135][131]AssetCheck: New page: Asset Save: FirstPersonExampleMap
[2026.09.16-06.19.49:135][131]LogContentValidation: Display: Validating World /Game/FirstPersonBP/Maps/FirstPersonExampleMap.FirstPersonExampleMap
[2026.09.16-06.19.52:347][323]LogContentBrowser: Deferred new asset file creation: FirstPersonExampleMap1
[2026.09.16-06.19.52:353][323]LogContentBrowser: Creating deferred item: FirstPersonExampleMap1
[2026.09.16-06.19.55:757][528]LogContentBrowser: Attempting asset rename: FirstPersonExampleMap1 -> V2
[2026.09.16-06.19.55:780][528]LogUObjectHash: Compacting FUObjectHashTables data took   0.67ms
[2026.09.16-06.19.55:799][528]LogContentBrowser: End creating deferred item FirstPersonExampleMap1
[2026.09.16-06.19.55:879][533]LogUObjectHash: Compacting FUObjectHashTables data took   0.74ms
[2026.09.16-06.19.58:182][533]LogSlate: Window 'Save Content' being destroyed
[2026.09.16-06.19.58:231][533]Cmd: OBJ SAVEPACKAGE PACKAGE="/Game/FirstPersonBP/Maps/V2" FILE="D:/inGGIT/SteelEnclo_LD_BO/MyProject/Content/FirstPersonBP/Maps/V2.umap" SILENT=true AUTOSAVING=false KEEPDIRTY=false
[2026.09.16-06.19.58:281][533]LogUObjectHash: Compacting FUObjectHashTables data took   1.22ms
[2026.09.16-06.19.58:341][533]LogSavePackage: Moving 'D:/inGGIT/SteelEnclo_LD_BO/MyProject/Saved/V2F7263EF44F9FE951312E7B99BF18B34A.tmp' to 'D:/inGGIT/SteelEnclo_LD_BO/MyProject/Content/FirstPersonBP/Maps/V2.umap'
[2026.09.16-06.19.58:348][533]LogFileHelpers: Saving map 'V2' took 0.116
[2026.09.16-06.19.58:369][533]LogAssetEditorSubsystem: Opening Asset editor for World /Game/FirstPersonBP/Maps/V2.V2
[2026.09.16-06.19.58:369][533]Cmd: MAP LOAD FILE="D:/inGGIT/SteelEnclo_LD_BO/MyProject/Content/FirstPersonBP/Maps/V2.umap" TEMPLATE=0 SHOWPROGRESS=1 FEATURELEVEL=3
[2026.09.16-06.19.58:369][533]LightingResults: New page: Lighting Build
[2026.09.16-06.19.58:369][533]LoadErrors: New page: Loading map: V2.umap
[2026.09.16-06.19.58:404][533]LogWorld: UWorld::CleanupWorld for FirstPersonExampleMap, bSessionEnded=true, bCleanupResources=true
[2026.09.16-06.19.58:405][533]LogSlate: InvalidateAllWidgets triggered.  All widgets were invalidated
[2026.09.16-06.19.58:405][533]MapCheck: New page: Map Check
[2026.09.16-06.19.58:405][533]LightingResults: New page: Lighting Build
[2026.09.16-06.19.58:409][533]LogAudio: Display: Audio Device unregistered from world 'None'.
[2026.09.16-06.19.58:411][533]LogUObjectHash: Compacting FUObjectHashTables data took   0.44ms
[2026.09.16-06.19.58:411][533]LogAudio: Display: Audio Device (ID: 1) registered with world 'V2'.
[2026.09.16-06.19.58:419][533]LogEditorServer: Finished looking for orphan Actors (0.000 secs)
[2026.09.16-06.19.58:419][533]LogAIModule: Creating AISystem for world V2
[2026.09.16-06.19.58:425][533]LogUObjectHash: Compacting FUObjectHashTables data took   0.40ms
[2026.09.16-06.19.58:427][533]Cmd: MAP CHECKDEP NOCLEARLOG
[2026.09.16-06.19.58:427][533]MapCheck: Map check complete: 0 Error(s), 0 Warning(s), took 0.074ms to complete.
[2026.09.16-06.19.58:427][533]LogFileHelpers: Loading map 'V2' took 0.058
[2026.09.16-06.19.58:438][533]AssetCheck: New page: Asset Save: V2
[2026.09.16-06.19.58:438][533]LogContentValidation: Display: Validating World /Game/FirstPersonBP/Maps/V2.V2
[2026.09.16-06.20.05:302][941]Cmd: POLY SELECT REVERSE
[2026.09.16-06.20.05:535][955]Cmd: POLY SELECT ALL
[2026.09.16-06.20.08:190][114]LogEditorViewport: Clicking on Actor (LMB): BP_Sky_Sphere_C (SkySphereBlueprint)
[2026.09.16-06.20.09:922][217]LogEditorViewport: Clicking on Actor (LMB): StaticMeshActor (Roof)
[2026.09.16-06.20.11:933][335]Cmd: DELETE
[2026.09.16-06.20.11:933][335]Cmd: ACTOR DELETE
[2026.09.16-06.20.11:938][335]LogEditorActor: Deleted Actor: StaticMeshActor
[2026.09.16-06.20.11:942][335]LogUObjectHash: Compacting FUObjectHashTables data took   0.41ms
[2026.09.16-06.20.11:944][335]LogEditorActor: Deleted 1 Actors (0.009 secs)
[2026.09.16-06.20.13:616][436]LogEditorViewport: Clicking on Actor (LMB): StaticMeshActor (Roof3)
[2026.09.16-06.20.13:799][446]Cmd: DELETE
[2026.09.16-06.20.13:799][446]Cmd: ACTOR DELETE
[2026.09.16-06.20.13:802][446]LogEditorActor: Deleted Actor: StaticMeshActor
[2026.09.16-06.20.13:805][446]LogUObjectHash: Compacting FUObjectHashTables data took   0.20ms
[2026.09.16-06.20.13:806][446]LogEditorActor: Deleted 1 Actors (0.007 secs)
[2026.09.16-06.24.12:822][952]LogTemp: Repeating last play command: Selected Viewport
[2026.09.16-06.24.12:829][952]LogPlayLevel: PlayLevel: No blueprints needed recompiling
[2026.09.16-06.24.12:830][952]PIE: New page: PIE session: V2 (Sep 16, 2026, 10:24:12 PM)
[2026.09.16-06.24.12:830][952]LogPlayLevel: Creating play world package: /Game/FirstPersonBP/Maps/UEDPIE_0_V2
[2026.09.16-06.24.12:851][952]LogPlayLevel: PIE: StaticDuplicateObject took: (0.021107s)
[2026.09.16-06.24.12:852][952]LogAIModule: Creating AISystem for world V2
[2026.09.16-06.24.12:852][952]LogPlayLevel: PIE: World Init took: (0.001084s)
[2026.09.16-06.24.12:852][952]LogPlayLevel: PIE: Created PIE world by copying editor world from /Game/FirstPersonBP/Maps/V2.V2 to /Game/FirstPersonBP/Maps/UEDPIE_0_V2.V2 (0.022382s)
[2026.09.16-06.24.12:858][952]LogUObjectHash: Compacting FUObjectHashTables data took   0.52ms
[2026.09.16-06.24.12:858][952]LogAudio: Display: Creating Audio Device:                 Id: 3, Scope: Unique, Realtime: True
[2026.09.16-06.24.12:860][952]LogAudioMixer: Display: Audio Mixer Platform Settings:
[2026.09.16-06.24.12:860][952]LogAudioMixer: Display: 	Sample Rate:						  48000
[2026.09.16-06.24.12:860][952]LogAudioMixer: Display: 	Callback Buffer Frame Size Requested: 1024
[2026.09.16-06.24.12:860][952]LogAudioMixer: Display: 	Callback Buffer Frame Size To Use:	  1024
[2026.09.16-06.24.12:860][952]LogAudioMixer: Display: 	Number of buffers to queue:			  2
[2026.09.16-06.24.12:860][952]LogAudioMixer: Display: 	Max Channels (voices):				  32
[2026.09.16-06.24.12:860][952]LogAudioMixer: Display: 	Number of Async Source Workers:		  0
[2026.09.16-06.24.12:860][952]LogAudio: Display: AudioDevice MaxSources: 32
[2026.09.16-06.24.12:860][952]LogAudio: Display: Audio Spatialization Plugin: None (built-in).
[2026.09.16-06.24.12:860][952]LogAudio: Display: Audio Reverb Plugin: None (built-in).
[2026.09.16-06.24.12:860][952]LogAudio: Display: Audio Occlusion Plugin: None (built-in).
[2026.09.16-06.24.12:860][952]LogAudioMixer: Display: Initializing audio mixer.
[2026.09.16-06.24.12:865][952]LogAudioMixer: Display: 0: FrontLeft
[2026.09.16-06.24.12:865][952]LogAudioMixer: Display: 1: FrontRight
[2026.09.16-06.24.12:876][952]LogAudioMixer: Display: Using Audio Device Headphones (Intel® Smart Sound Technology for Bluetooth® Audio)
[2026.09.16-06.24.12:876][952]LogAudioMixer: Display: Initializing Sound Submixes...
[2026.09.16-06.24.12:876][952]LogAudioMixer: Display: Creating Master Submix 'MasterSubmixDefault'
[2026.09.16-06.24.12:876][952]LogAudioMixer: Display: Creating Master Submix 'MasterReverbSubmixDefault'
[2026.09.16-06.24.12:876][952]LogAudioMixer: Display: Creating Master Submix 'MasterEQSubmixDefault'
[2026.09.16-06.24.12:876][952]LogAudioMixer: FMixerPlatformXAudio2::StartAudioStream() called
[2026.09.16-06.24.12:876][952]LogAudioMixer: Display: Output buffers initialized: Frames=1024, Channels=2, Samples=2048
[2026.09.16-06.24.12:877][952]LogAudioMixer: Display: Starting AudioMixerPlatformInterface::RunInternal()
[2026.09.16-06.24.12:877][952]LogAudioMixer: Display: FMixerPlatformXAudio2::SubmitBuffer() called for the first time
[2026.09.16-06.24.12:877][952]LogInit: FAudioDevice initialized.
[2026.09.16-06.24.12:877][952]LogAudio: Display: Audio Device (ID: 3) registered with world 'V2'.
[2026.09.16-06.24.12:887][952]LogLoad: Game class is 'FirstPersonGameMode_C'
[2026.09.16-06.24.12:890][952]LogWorld: Bringing World /Game/FirstPersonBP/Maps/UEDPIE_0_V2.V2 up for play (max tick rate 60) at 2026.09.16-14.24.12
[2026.09.16-06.24.12:891][952]LogWorld: Bringing up level for play took: 0.003951
[2026.09.16-06.24.12:891][952]LogOnline: OSS: Creating online subsystem instance for: :Context_4
[2026.09.16-06.24.12:893][952]PIE: Server logged in
[2026.09.16-06.24.12:893][952]PIE: Play in editor total start time 0.065 seconds.
[2026.09.16-06.24.41:163][570]LogSlate: Updating window title bar state: overlay mode, drag disabled, window buttons hidden, title bar hidden
[2026.09.16-06.24.41:164][570]LogWorld: BeginTearingDown for /Game/FirstPersonBP/Maps/UEDPIE_0_V2
[2026.09.16-06.24.41:164][570]LogWorld: UWorld::CleanupWorld for V2, bSessionEnded=true, bCleanupResources=true
[2026.09.16-06.24.41:164][570]LogSlate: InvalidateAllWidgets triggered.  All widgets were invalidated
[2026.09.16-06.24.41:172][570]LogPlayLevel: Display: Shutting down PIE online subsystems
[2026.09.16-06.24.41:173][570]LogSlate: InvalidateAllWidgets triggered.  All widgets were invalidated
[2026.09.16-06.24.41:176][570]LogAudio: Display: Audio Device unregistered from world 'None'.
[2026.09.16-06.24.41:176][570]LogAudioMixer: FMixerPlatformXAudio2::StopAudioStream() called
[2026.09.16-06.24.41:177][570]LogAudioMixer: FMixerPlatformXAudio2::StopAudioStream() called
[2026.09.16-06.24.41:178][570]LogSlate: Updating window title bar state: overlay mode, drag disabled, window buttons hidden, title bar hidden
[2026.09.16-06.24.41:180][570]LogUObjectHash: Compacting FUObjectHashTables data took   0.37ms
[2026.09.16-06.24.41:249][574]LogPlayLevel: Display: Destroying online subsystem :Context_4
[2026.09.16-06.24.44:440][765]LogEditorViewport: Clicking on Actor (LMB): StaticMeshActor (Roof7)
[2026.09.16-06.24.50:714][133]Cmd: TRANSACTION UNDO
[2026.09.16-06.24.50:714][133]LogEditorTransaction: Undo Move Actors
[2026.09.16-06.25.00:644][721]Cmd: ACTOR HIDE SELECTED
[2026.09.16-06.25.06:648][ 81]LogEditorViewport: Clicking on Actor (LMB): StaticMeshActor (Final_Mecha)
[2026.09.16-06.25.13:613][497]Cmd: CAMERA ALIGN ACTIVEVIEWPORTONLY
[2026.09.16-06.25.23:701][100]LogEditorViewport: Clicking on Actor (LMB): StaticMeshActor (Cube10)
[2026.09.16-06.25.26:472][264]Cmd: DELETE
[2026.09.16-06.25.26:473][264]Cmd: ACTOR DELETE
[2026.09.16-06.25.26:477][264]LogEditorActor: Deleted Actor: StaticMeshActor
[2026.09.16-06.25.26:477][264]LogEditorActor: Deleted Actor: StaticMeshActor
[2026.09.16-06.25.26:482][264]LogUObjectHash: Compacting FUObjectHashTables data took   0.52ms
[2026.09.16-06.25.26:483][264]LogEditorActor: Deleted 2 Actors (0.011 secs)
[2026.09.16-06.25.26:989][295]LogEditorViewport: Clicking on Actor (LMB): StaticMeshActor (Sphere)
[2026.09.16-06.25.27:171][305]Cmd: DELETE
[2026.09.16-06.25.27:171][305]Cmd: ACTOR DELETE
[2026.09.16-06.25.27:174][305]LogEditorActor: Deleted Actor: StaticMeshActor
[2026.09.16-06.25.27:176][305]LogUObjectHash: Compacting FUObjectHashTables data took   0.19ms
[2026.09.16-06.25.27:176][305]LogEditorActor: Deleted 1 Actors (0.006 secs)
[2026.09.16-06.25.28:855][406]LogEditorViewport: Clicking on Actor (LMB): StaticMeshActor (Wall4)
[2026.09.16-06.25.30:142][482]Cmd: DELETE
[2026.09.16-06.25.30:142][482]Cmd: ACTOR DELETE
[2026.09.16-06.25.30:146][482]LogEditorActor: Deleted Actor: StaticMeshActor
[2026.09.16-06.25.30:151][482]LogUObjectHash: Compacting FUObjectHashTables data took   0.23ms
[2026.09.16-06.25.30:152][482]LogEditorActor: Deleted 1 Actors (0.009 secs)
[2026.09.16-06.25.31:670][573]Cmd: TRANSACTION UNDO
[2026.09.16-06.25.31:670][573]LogEditorTransaction: Undo Delete Actors
[2026.09.16-06.25.35:952][825]LogEditorViewport: Clicking on Actor (LMB): BP_Sky_Sphere_C (SkySphereBlueprint)
[2026.09.16-06.25.37:592][922]LogEditorViewport: Clicking on Actor (LMB): StaticMeshActor (Floor3)
[2026.09.16-06.26.00:591][298]LogEditorViewport: Clicking on Actor (LMB): BP_Sky_Sphere_C (SkySphereBlueprint)
[2026.09.16-06.26.05:889][615]LogTemp: Repeating last play command: Selected Viewport
[2026.09.16-06.26.05:893][615]LogPlayLevel: PlayLevel: No blueprints needed recompiling
[2026.09.16-06.26.05:893][615]PIE: New page: PIE session: V2 (Sep 16, 2026, 10:26:05 PM)
[2026.09.16-06.26.05:893][615]LogPlayLevel: Creating play world package: /Game/FirstPersonBP/Maps/UEDPIE_0_V2
[2026.09.16-06.26.05:909][615]LogPlayLevel: PIE: StaticDuplicateObject took: (0.015721s)
[2026.09.16-06.26.05:909][615]LogAIModule: Creating AISystem for world V2
[2026.09.16-06.26.05:909][615]LogPlayLevel: PIE: World Init took: (0.000810s)
[2026.09.16-06.26.05:909][615]LogPlayLevel: PIE: Created PIE world by copying editor world from /Game/FirstPersonBP/Maps/V2.V2 to /Game/FirstPersonBP/Maps/UEDPIE_0_V2.V2 (0.016667s)
[2026.09.16-06.26.05:914][615]LogUObjectHash: Compacting FUObjectHashTables data took   0.52ms
[2026.09.16-06.26.05:915][615]LogAudio: Display: Creating Audio Device:                 Id: 4, Scope: Unique, Realtime: True
[2026.09.16-06.26.05:915][615]LogAudioMixer: Display: Audio Mixer Platform Settings:
[2026.09.16-06.26.05:915][615]LogAudioMixer: Display: 	Sample Rate:						  48000
[2026.09.16-06.26.05:915][615]LogAudioMixer: Display: 	Callback Buffer Frame Size Requested: 1024
[2026.09.16-06.26.05:915][615]LogAudioMixer: Display: 	Callback Buffer Frame Size To Use:	  1024
[2026.09.16-06.26.05:915][615]LogAudioMixer: Display: 	Number of buffers to queue:			  2
[2026.09.16-06.26.05:915][615]LogAudioMixer: Display: 	Max Channels (voices):				  32
[2026.09.16-06.26.05:915][615]LogAudioMixer: Display: 	Number of Async Source Workers:		  0
[2026.09.16-06.26.05:915][615]LogAudio: Display: AudioDevice MaxSources: 32
[2026.09.16-06.26.05:915][615]LogAudio: Display: Audio Spatialization Plugin: None (built-in).
[2026.09.16-06.26.05:915][615]LogAudio: Display: Audio Reverb Plugin: None (built-in).
[2026.09.16-06.26.05:915][615]LogAudio: Display: Audio Occlusion Plugin: None (built-in).
[2026.09.16-06.26.05:915][615]LogAudioMixer: Display: Initializing audio mixer.
[2026.09.16-06.26.05:920][615]LogAudioMixer: Display: 0: FrontLeft
[2026.09.16-06.26.05:920][615]LogAudioMixer: Display: 1: FrontRight
[2026.09.16-06.26.05:935][615]LogAudioMixer: Display: Using Audio Device Headphones (Intel® Smart Sound Technology for Bluetooth® Audio)
[2026.09.16-06.26.05:935][615]LogAudioMixer: Display: Initializing Sound Submixes...
[2026.09.16-06.26.05:935][615]LogAudioMixer: Display: Creating Master Submix 'MasterSubmixDefault'
[2026.09.16-06.26.05:935][615]LogAudioMixer: Display: Creating Master Submix 'MasterReverbSubmixDefault'
[2026.09.16-06.26.05:937][615]LogAudioMixer: Display: Creating Master Submix 'MasterEQSubmixDefault'
[2026.09.16-06.26.05:937][615]LogAudioMixer: FMixerPlatformXAudio2::StartAudioStream() called
[2026.09.16-06.26.05:937][615]LogAudioMixer: Display: Output buffers initialized: Frames=1024, Channels=2, Samples=2048
[2026.09.16-06.26.05:937][615]LogAudioMixer: Display: Starting AudioMixerPlatformInterface::RunInternal()
[2026.09.16-06.26.05:937][615]LogAudioMixer: Display: FMixerPlatformXAudio2::SubmitBuffer() called for the first time
[2026.09.16-06.26.05:937][615]LogInit: FAudioDevice initialized.
[2026.09.16-06.26.05:937][615]LogAudio: Display: Audio Device (ID: 4) registered with world 'V2'.
[2026.09.16-06.26.05:944][615]LogLoad: Game class is 'FirstPersonGameMode_C'
[2026.09.16-06.26.05:948][615]LogWorld: Bringing World /Game/FirstPersonBP/Maps/UEDPIE_0_V2.V2 up for play (max tick rate 60) at 2026.09.16-14.26.05
[2026.09.16-06.26.05:949][615]LogWorld: Bringing up level for play took: 0.004186
[2026.09.16-06.26.05:949][615]LogOnline: OSS: Creating online subsystem instance for: :Context_5
[2026.09.16-06.26.05:951][615]PIE: Server logged in
[2026.09.16-06.26.05:951][615]PIE: Play in editor total start time 0.058 seconds.
[2026.09.16-06.26.41:014][716]LogSlate: Updating window title bar state: overlay mode, drag disabled, window buttons hidden, title bar hidden
[2026.09.16-06.26.41:014][716]LogWorld: BeginTearingDown for /Game/FirstPersonBP/Maps/UEDPIE_0_V2
[2026.09.16-06.26.41:014][716]LogWorld: UWorld::CleanupWorld for V2, bSessionEnded=true, bCleanupResources=true
[2026.09.16-06.26.41:015][716]LogSlate: InvalidateAllWidgets triggered.  All widgets were invalidated
[2026.09.16-06.26.41:021][716]LogPlayLevel: Display: Shutting down PIE online subsystems
[2026.09.16-06.26.41:026][716]LogSlate: InvalidateAllWidgets triggered.  All widgets were invalidated
[2026.09.16-06.26.41:031][716]LogSlate: Updating window title bar state: overlay mode, drag disabled, window buttons hidden, title bar hidden
[2026.09.16-06.26.41:031][716]LogAudioMixer: FMixerPlatformXAudio2::StopAudioStream() called
[2026.09.16-06.26.41:032][716]LogAudioMixer: FMixerPlatformXAudio2::StopAudioStream() called
[2026.09.16-06.26.41:035][716]LogUObjectHash: Compacting FUObjectHashTables data took   0.60ms
[2026.09.16-06.26.41:088][719]LogPlayLevel: Display: Destroying online subsystem :Context_5
[2026.09.16-06.26.44:774][938]LogEditorViewport: Clicking on Actor (LMB): BP_Flicker_Green_C (BP_Flicker_Green3)
[2026.09.16-06.26.50:479][278]Cmd: CAMERA ALIGN ACTIVEVIEWPORTONLY
[2026.09.16-06.26.58:451][756]LogEditorViewport: Clicking on Actor (LMB): BP_Sky_Sphere_C (SkySphereBlueprint)
[2026.09.16-06.26.59:712][831]LogEditorViewport: Clicking on Actor (LMB): LightmassImportanceVolume (LightmassImportanceVolume)
[2026.09.16-06.27.09:181][397]LogEditorViewport: Clicking on Actor (LMB): PostProcessVolume (PostProcessVolume)
[2026.09.16-06.27.16:658][843]LogEditorViewport: Clicking on Actor (LMB): BP_Sky_Sphere_C (SkySphereBlueprint)
[2026.09.16-06.27.21:877][155]LogEditorViewport: Clicking on Actor (LMB): StaticMeshActor (Final_Mecha)
[2026.09.16-06.27.26:161][410]Cmd: CAMERA ALIGN ACTIVEVIEWPORTONLY
[2026.09.16-06.27.32:399][783]LogEditorViewport: Clicking on Actor (LMB): BP_Sky_Sphere_C (SkySphereBlueprint)
[2026.09.16-06.27.33:460][846]LogEditorViewport: Clicking on Actor (LMB): PostProcessVolume (PostProcessVolume)
[2026.09.16-06.27.34:735][921]LogEditorViewport: Clicking on Actor (LMB): PostProcessVolume (PostProcessVolume)
[2026.09.16-06.27.35:585][972]LogEditorViewport: Clicking on Actor (LMB): PostProcessVolume (PostProcessVolume)
[2026.09.16-06.27.36:385][ 20]LogEditorViewport: Clicking on Actor (LMB): BP_Sky_Sphere_C (SkySphereBlueprint)
[2026.09.16-06.27.36:924][ 51]LogEditorViewport: Clicking on Actor (LMB): PostProcessVolume (PostProcessVolume)
[2026.09.16-06.27.39:780][221]LogEditorViewport: Clicking on Actor (LMB): BP_Flicker_Green_C (BP_Flicker_Green3)
[2026.09.16-06.27.45:888][586]Cmd: CAMERA ALIGN ACTIVEVIEWPORTONLY
[2026.09.16-06.27.48:471][741]Cmd: CAMERA ALIGN ACTIVEVIEWPORTONLY
[2026.09.16-06.27.54:904][126]Cmd: CAMERA ALIGN ACTIVEVIEWPORTONLY
[2026.09.16-06.27.57:405][276]LogEditorViewport: Clicking on Actor (LMB): BP_Sky_Sphere_C (SkySphereBlueprint)
[2026.09.16-06.30.59:653][513]LogUObjectHash: Compacting FUObjectHashTables data took   0.43ms
[2026.09.16-06.30.59:664][513]Cmd: OBJ SAVEPACKAGE PACKAGE="/Game/FirstPersonBP/Maps/V2" FILE="D:/inGGIT/SteelEnclo_LD_BO/MyProject/Saved/Autosaves/Game/FirstPersonBP/Maps/V2_Auto1.umap" SILENT=true AUTOSAVING=true KEEPDIRTY=false
[2026.09.16-06.30.59:700][513]LogSavePackage: Moving 'D:/inGGIT/SteelEnclo_LD_BO/MyProject/Saved/V2_Auto1151462AB4CB9DDA82507BA9B8E2C60EF.tmp' to 'D:/inGGIT/SteelEnclo_LD_BO/MyProject/Saved/Autosaves/Game/FirstPersonBP/Maps/V2_Auto1.umap'
[2026.09.16-06.30.59:701][513]LogFileHelpers: Editor autosave (incl. external actors) for '/Game/FirstPersonBP/Maps/V2' took 0.055
[2026.09.16-06.30.59:701][513]LogFileHelpers: Editor autosave (incl. sublevels & external actors) for all levels took 0.055
[2026.09.16-06.33.20:037][262]LogEditorViewport: Clicking on Actor (LMB): StaticMeshActor (BigWall5)
[2026.09.16-06.33.25:645][592]Cmd: DELETE
[2026.09.16-06.33.25:645][592]Cmd: ACTOR DELETE
[2026.09.16-06.33.25:648][592]LogEditorActor: Deleted Actor: StaticMeshActor
[2026.09.16-06.33.25:649][592]LogEditorActor: Deleted Actor: StaticMeshActor
[2026.09.16-06.33.25:649][592]LogEditorActor: Deleted Actor: StaticMeshActor
[2026.09.16-06.33.25:649][592]LogEditorActor: Deleted Actor: StaticMeshActor
[2026.09.16-06.33.25:649][592]LogEditorActor: Deleted Actor: StaticMeshActor
[2026.09.16-06.33.25:650][592]LogEditorActor: Deleted Actor: StaticMeshActor
[2026.09.16-06.33.25:653][592]LogUObjectHash: Compacting FUObjectHashTables data took   0.34ms
[2026.09.16-06.33.25:654][592]LogEditorActor: Deleted 6 Actors (0.008 secs)
[2026.09.16-06.33.30:256][868]LogEditorViewport: Clicking on Actor (LMB): StaticMeshActor (Wall5)
[2026.09.16-06.33.30:991][911]Cmd: DELETE
[2026.09.16-06.33.30:991][911]Cmd: ACTOR DELETE
[2026.09.16-06.33.30:993][911]LogEditorActor: Deleted Actor: StaticMeshActor
[2026.09.16-06.33.30:997][911]LogUObjectHash: Compacting FUObjectHashTables data took   0.18ms
[2026.09.16-06.33.30:998][911]LogEditorActor: Deleted 1 Actors (0.006 secs)
[2026.09.16-06.33.42:619][608]LogEditorViewport: Clicking on Actor (LMB): StaticMeshActor (Cylinder2)
[2026.09.16-06.33.43:755][673]Cmd: DELETE
[2026.09.16-06.33.43:755][673]Cmd: ACTOR DELETE
[2026.09.16-06.33.43:757][673]LogEditorActor: Deleted Actor: StaticMeshActor
[2026.09.16-06.33.43:757][673]LogEditorActor: Deleted Actor: StaticMeshActor
[2026.09.16-06.33.43:761][673]LogUObjectHash: Compacting FUObjectHashTables data took   0.22ms
[2026.09.16-06.33.43:762][673]LogEditorActor: Deleted 2 Actors (0.007 secs)
[2026.09.16-06.33.45:839][798]LogEditorViewport: Clicking on Actor (LMB): StaticMeshActor (Cylinder12)
[2026.09.16-06.33.47:557][897]Cmd: DELETE
[2026.09.16-06.33.47:557][897]Cmd: ACTOR DELETE
[2026.09.16-06.33.47:560][897]LogEditorActor: Deleted Actor: StaticMeshActor
[2026.09.16-06.33.47:560][897]LogEditorActor: Deleted Actor: StaticMeshActor
[2026.09.16-06.33.47:560][897]LogEditorActor: Deleted Actor: StaticMeshActor
[2026.09.16-06.33.47:562][897]LogUObjectHash: Compacting FUObjectHashTables data took   0.18ms
[2026.09.16-06.33.47:563][897]LogEditorActor: Deleted 3 Actors (0.007 secs)
[2026.09.16-06.33.47:990][923]LogEditorViewport: Clicking on Actor (LMB): StaticMeshActor (Cube11)
[2026.09.16-06.33.50:083][ 45]Cmd: DELETE
[2026.09.16-06.33.50:083][ 45]Cmd: ACTOR DELETE
[2026.09.16-06.33.50:086][ 45]LogEditorActor: Deleted Actor: StaticMeshActor
[2026.09.16-06.33.50:086][ 45]LogEditorActor: Deleted Actor: StaticMeshActor
[2026.09.16-06.33.50:086][ 45]LogEditorActor: Deleted Actor: StaticMeshActor
[2026.09.16-06.33.50:089][ 45]LogUObjectHash: Compacting FUObjectHashTables data took   0.18ms
[2026.09.16-06.33.50:090][ 45]LogEditorActor: Deleted 3 Actors (0.007 secs)
[2026.09.16-06.33.50:431][ 65]LogEditorViewport: Clicking on Actor (LMB): StaticMeshActor (Cube3)
[2026.09.16-06.33.52:072][161]Cmd: DELETE
[2026.09.16-06.33.52:072][161]Cmd: ACTOR DELETE
[2026.09.16-06.33.52:076][161]LogEditorActor: Deleted Actor: StaticMeshActor
[2026.09.16-06.33.52:076][161]LogEditorActor: Deleted Actor: StaticMeshActor
[2026.09.16-06.33.52:079][161]LogUObjectHash: Compacting FUObjectHashTables data took   0.18ms
[2026.09.16-06.33.52:080][161]LogEditorActor: Deleted 2 Actors (0.007 secs)
[2026.09.16-06.33.52:553][189]LogEditorViewport: Clicking on Actor (LMB): StaticMeshActor (Cube7)
[2026.09.16-06.33.52:640][193]Cmd: DELETE
[2026.09.16-06.33.52:642][193]Cmd: ACTOR DELETE
[2026.09.16-06.33.52:645][193]LogEditorActor: Deleted Actor: StaticMeshActor
[2026.09.16-06.33.52:648][193]LogUObjectHash: Compacting FUObjectHashTables data took   0.21ms
[2026.09.16-06.33.52:649][193]LogEditorActor: Deleted 1 Actors (0.008 secs)
[2026.09.16-06.33.53:343][235]LogEditorViewport: Clicking on Actor (LMB): StaticMeshActor (Cube6)
[2026.09.16-06.33.53:498][243]Cmd: DELETE
[2026.09.16-06.33.53:498][243]Cmd: ACTOR DELETE
[2026.09.16-06.33.53:502][243]LogEditorActor: Deleted Actor: StaticMeshActor
[2026.09.16-06.33.53:505][243]LogUObjectHash: Compacting FUObjectHashTables data took   0.20ms
[2026.09.16-06.33.53:505][243]LogEditorActor: Deleted 1 Actors (0.007 secs)
[2026.09.16-06.33.53:964][270]LogEditorViewport: Clicking on Actor (LMB): StaticMeshActor (wheelbarrow_wheelbarrow)
[2026.09.16-06.33.54:154][280]Cmd: DELETE
[2026.09.16-06.33.54:154][280]Cmd: ACTOR DELETE
[2026.09.16-06.33.54:157][280]LogEditorActor: Deleted Actor: StaticMeshActor
[2026.09.16-06.33.54:162][280]LogUObjectHash: Compacting FUObjectHashTables data took   0.22ms
[2026.09.16-06.33.54:162][280]LogEditorActor: Deleted 1 Actors (0.008 secs)
[2026.09.16-06.33.54:887][323]LogEditorViewport: Clicking on Actor (LMB): StaticMeshActor (Cube4)
[2026.09.16-06.33.55:062][332]Cmd: DELETE
[2026.09.16-06.33.55:062][332]Cmd: ACTOR DELETE
[2026.09.16-06.33.55:065][332]LogEditorActor: Deleted Actor: StaticMeshActor
[2026.09.16-06.33.55:068][332]LogUObjectHash: Compacting FUObjectHashTables data took   0.20ms
[2026.09.16-06.33.55:070][332]LogEditorActor: Deleted 1 Actors (0.008 secs)
[2026.09.16-06.33.55:376][350]LogEditorViewport: Clicking on Actor (LMB): StaticMeshActor (pallet_of_pipes_pallet_of_pipes)
[2026.09.16-06.33.55:496][356]Cmd: DELETE
[2026.09.16-06.33.55:496][356]Cmd: ACTOR DELETE
[2026.09.16-06.33.55:500][356]LogEditorActor: Deleted Actor: StaticMeshActor
[2026.09.16-06.33.55:504][356]LogUObjectHash: Compacting FUObjectHashTables data took   0.26ms
[2026.09.16-06.33.55:505][356]LogEditorActor: Deleted 1 Actors (0.008 secs)
[2026.09.16-06.33.55:846][377]LogEditorViewport: Clicking on Actor (LMB): StaticMeshActor (pallet_of_pipes_pallet_of_pipes7)
[2026.09.16-06.33.55:919][380]Cmd: DELETE
[2026.09.16-06.33.55:919][380]Cmd: ACTOR DELETE
[2026.09.16-06.33.55:922][380]LogEditorActor: Deleted Actor: StaticMeshActor
[2026.09.16-06.33.55:926][380]LogUObjectHash: Compacting FUObjectHashTables data took   0.20ms
[2026.09.16-06.33.55:926][380]LogEditorActor: Deleted 1 Actors (0.007 secs)
[2026.09.16-06.33.57:108][451]LogEditorViewport: Clicking on Actor (double click): StaticMeshActor (pallet_of_pipes_pallet_of_pipes2)
[2026.09.16-06.33.57:340][464]Cmd: DELETE
[2026.09.16-06.33.57:340][464]Cmd: ACTOR DELETE
[2026.09.16-06.33.57:342][464]LogEditorActor: Deleted Actor: StaticMeshActor
[2026.09.16-06.33.57:347][464]LogUObjectHash: Compacting FUObjectHashTables data took   0.19ms
[2026.09.16-06.33.57:347][464]LogEditorActor: Deleted 1 Actors (0.007 secs)
[2026.09.16-06.33.58:758][549]LogEditorViewport: Clicking on Actor (LMB): StaticMeshActor (pallet_of_pipes_pallet_of_pipes3)
[2026.09.16-06.33.58:979][561]Cmd: DELETE
[2026.09.16-06.33.58:979][561]Cmd: ACTOR DELETE
[2026.09.16-06.33.58:981][561]LogEditorActor: Deleted Actor: StaticMeshActor
[2026.09.16-06.33.58:986][561]LogUObjectHash: Compacting FUObjectHashTables data took   0.22ms
[2026.09.16-06.33.58:986][561]LogEditorActor: Deleted 1 Actors (0.007 secs)
[2026.09.16-06.34.02:448][768]LogEditorViewport: Clicking on Actor (double click): StaticMeshActor (Cylinder3)
[2026.09.16-06.34.03:732][844]Cmd: DELETE
[2026.09.16-06.34.03:732][844]Cmd: ACTOR DELETE
[2026.09.16-06.34.03:734][844]LogEditorActor: Deleted Actor: StaticMeshActor
[2026.09.16-06.34.03:738][844]LogUObjectHash: Compacting FUObjectHashTables data took   0.18ms
[2026.09.16-06.34.03:739][844]LogEditorActor: Deleted 1 Actors (0.007 secs)
[2026.09.16-06.34.03:961][857]LogEditorViewport: Clicking on Actor (LMB): StaticMeshActor (Cylinder5)
[2026.09.16-06.34.04:132][866]Cmd: DELETE
[2026.09.16-06.34.04:132][866]Cmd: ACTOR DELETE
[2026.09.16-06.34.04:135][866]LogEditorActor: Deleted Actor: StaticMeshActor
[2026.09.16-06.34.04:139][866]LogUObjectHash: Compacting FUObjectHashTables data took   0.21ms
[2026.09.16-06.34.04:140][866]LogEditorActor: Deleted 1 Actors (0.008 secs)
[2026.09.16-06.34.04:443][884]LogEditorViewport: Clicking on Actor (LMB): StaticMeshActor (Cylinder4)
[2026.09.16-06.34.04:545][889]Cmd: DELETE
[2026.09.16-06.34.04:545][889]Cmd: ACTOR DELETE
[2026.09.16-06.34.04:548][889]LogEditorActor: Deleted Actor: StaticMeshActor
[2026.09.16-06.34.04:551][889]LogUObjectHash: Compacting FUObjectHashTables data took   0.18ms
[2026.09.16-06.34.04:552][889]LogEditorActor: Deleted 1 Actors (0.007 secs)
[2026.09.16-06.34.07:680][ 77]LogEditorViewport: Clicking on Actor (LMB): StaticMeshActor (Floor)
[2026.09.16-06.34.08:088][100]LogEditorViewport: Clicking on Actor (LMB): FirstPersonCharacter_C (FirstPersonCharacter)
[2026.09.16-06.34.08:435][117]Cmd: CAMERA ALIGN ACTIVEVIEWPORTONLY
[2026.09.16-06.34.11:002][270]LogEditorViewport: Clicking on Actor (double click): BP_Sky_Sphere_C (SkySphereBlueprint)
[2026.09.16-06.41.00:435][430]LogUObjectHash: Compacting FUObjectHashTables data took   0.43ms
[2026.09.16-06.41.00:439][430]Cmd: OBJ SAVEPACKAGE PACKAGE="/Game/FirstPersonBP/Maps/V2" FILE="D:/inGGIT/SteelEnclo_LD_BO/MyProject/Saved/Autosaves/Game/FirstPersonBP/Maps/V2_Auto2.umap" SILENT=true AUTOSAVING=true KEEPDIRTY=false
[2026.09.16-06.41.00:501][430]LogSavePackage: Moving 'D:/inGGIT/SteelEnclo_LD_BO/MyProject/Saved/V2_Auto2ECFA54C94DA0A85FF19927A48900AE23.tmp' to 'D:/inGGIT/SteelEnclo_LD_BO/MyProject/Saved/Autosaves/Game/FirstPersonBP/Maps/V2_Auto2.umap'
[2026.09.16-06.41.00:502][430]LogFileHelpers: Editor autosave (incl. external actors) for '/Game/FirstPersonBP/Maps/V2' took 0.083
[2026.09.16-06.41.00:503][430]LogFileHelpers: Editor autosave (incl. sublevels & external actors) for all levels took 0.083
[2026.09.16-06.42.26:258][731]LogTemp: Repeating last play command: Selected Viewport
[2026.09.16-06.42.26:261][731]LogPlayLevel: PlayLevel: No blueprints needed recompiling
[2026.09.16-06.42.26:261][731]PIE: New page: PIE session: V2 (Sep 16, 2026, 10:42:26 PM)
[2026.09.16-06.42.26:261][731]LogPlayLevel: Creating play world package: /Game/FirstPersonBP/Maps/UEDPIE_0_V2
[2026.09.16-06.42.26:276][731]LogPlayLevel: PIE: StaticDuplicateObject took: (0.014175s)
[2026.09.16-06.42.26:277][731]LogAIModule: Creating AISystem for world V2
[2026.09.16-06.42.26:277][731]LogPlayLevel: PIE: World Init took: (0.001028s)
[2026.09.16-06.42.26:277][731]LogPlayLevel: PIE: Created PIE world by copying editor world from /Game/FirstPersonBP/Maps/V2.V2 to /Game/FirstPersonBP/Maps/UEDPIE_0_V2.V2 (0.015351s)
[2026.09.16-06.42.26:281][731]LogUObjectHash: Compacting FUObjectHashTables data took   0.41ms
[2026.09.16-06.42.26:282][731]LogAudio: Display: Creating Audio Device:                 Id: 5, Scope: Unique, Realtime: True
[2026.09.16-06.42.26:282][731]LogAudioMixer: Display: Audio Mixer Platform Settings:
[2026.09.16-06.42.26:282][731]LogAudioMixer: Display: 	Sample Rate:						  48000
[2026.09.16-06.42.26:282][731]LogAudioMixer: Display: 	Callback Buffer Frame Size Requested: 1024
[2026.09.16-06.42.26:282][731]LogAudioMixer: Display: 	Callback Buffer Frame Size To Use:	  1024
[2026.09.16-06.42.26:282][731]LogAudioMixer: Display: 	Number of buffers to queue:			  2
[2026.09.16-06.42.26:282][731]LogAudioMixer: Display: 	Max Channels (voices):				  32
[2026.09.16-06.42.26:282][731]LogAudioMixer: Display: 	Number of Async Source Workers:		  0
[2026.09.16-06.42.26:282][731]LogAudio: Display: AudioDevice MaxSources: 32
[2026.09.16-06.42.26:282][731]LogAudio: Display: Audio Spatialization Plugin: None (built-in).
[2026.09.16-06.42.26:282][731]LogAudio: Display: Audio Reverb Plugin: None (built-in).
[2026.09.16-06.42.26:282][731]LogAudio: Display: Audio Occlusion Plugin: None (built-in).
[2026.09.16-06.42.26:282][731]LogAudioMixer: Display: Initializing audio mixer.
[2026.09.16-06.42.26:287][731]LogAudioMixer: Display: 0: FrontLeft
[2026.09.16-06.42.26:287][731]LogAudioMixer: Display: 1: FrontRight
[2026.09.16-06.42.26:299][731]LogAudioMixer: Display: Using Audio Device Headphones (Intel® Smart Sound Technology for Bluetooth® Audio)
[2026.09.16-06.42.26:299][731]LogAudioMixer: Display: Initializing Sound Submixes...
[2026.09.16-06.42.26:299][731]LogAudioMixer: Display: Creating Master Submix 'MasterSubmixDefault'
[2026.09.16-06.42.26:299][731]LogAudioMixer: Display: Creating Master Submix 'MasterReverbSubmixDefault'
[2026.09.16-06.42.26:300][731]LogAudioMixer: Display: Creating Master Submix 'MasterEQSubmixDefault'
[2026.09.16-06.42.26:300][731]LogAudioMixer: FMixerPlatformXAudio2::StartAudioStream() called
[2026.09.16-06.42.26:300][731]LogAudioMixer: Display: Output buffers initialized: Frames=1024, Channels=2, Samples=2048
[2026.09.16-06.42.26:301][731]LogAudioMixer: Display: Starting AudioMixerPlatformInterface::RunInternal()
[2026.09.16-06.42.26:301][731]LogAudioMixer: Display: FMixerPlatformXAudio2::SubmitBuffer() called for the first time
[2026.09.16-06.42.26:301][731]LogInit: FAudioDevice initialized.
[2026.09.16-06.42.26:301][731]LogAudio: Display: Audio Device (ID: 5) registered with world 'V2'.
[2026.09.16-06.42.26:311][731]LogLoad: Game class is 'FirstPersonGameMode_C'
[2026.09.16-06.42.26:315][731]LogWorld: Bringing World /Game/FirstPersonBP/Maps/UEDPIE_0_V2.V2 up for play (max tick rate 60) at 2026.09.16-14.42.26
[2026.09.16-06.42.26:315][731]LogWorld: Bringing up level for play took: 0.003451
[2026.09.16-06.42.26:315][731]LogOnline: OSS: Creating online subsystem instance for: :Context_6
[2026.09.16-06.42.26:317][731]PIE: Server logged in
[2026.09.16-06.42.26:318][731]PIE: Play in editor total start time 0.057 seconds.
[2026.09.16-06.42.34:029][191]LogSlate: Updating window title bar state: overlay mode, drag disabled, window buttons hidden, title bar hidden
[2026.09.16-06.42.34:029][191]LogWorld: BeginTearingDown for /Game/FirstPersonBP/Maps/UEDPIE_0_V2
[2026.09.16-06.42.34:029][191]LogWorld: UWorld::CleanupWorld for V2, bSessionEnded=true, bCleanupResources=true
[2026.09.16-06.42.34:030][191]LogSlate: InvalidateAllWidgets triggered.  All widgets were invalidated
[2026.09.16-06.42.34:034][191]LogPlayLevel: Display: Shutting down PIE online subsystems
[2026.09.16-06.42.34:039][191]LogSlate: InvalidateAllWidgets triggered.  All widgets were invalidated
[2026.09.16-06.42.34:042][191]LogSlate: Updating window title bar state: overlay mode, drag disabled, window buttons hidden, title bar hidden
[2026.09.16-06.42.34:042][191]LogAudioMixer: FMixerPlatformXAudio2::StopAudioStream() called
[2026.09.16-06.42.34:043][191]LogAudioMixer: FMixerPlatformXAudio2::StopAudioStream() called
[2026.09.16-06.42.34:046][191]LogUObjectHash: Compacting FUObjectHashTables data took   0.40ms
[2026.09.16-06.42.34:109][195]LogPlayLevel: Display: Destroying online subsystem :Context_6
[2026.09.16-06.42.37:772][414]LogEditorViewport: Clicking on Actor (LMB): BP_Flicker_C (BP_Flicker11)
[2026.09.16-06.42.40:379][568]Cmd: DELETE
[2026.09.16-06.42.40:379][568]Cmd: ACTOR DELETE
[2026.09.16-06.42.40:382][568]LogEditorActor: Deleted Actor: BP_Flicker_C
[2026.09.16-06.42.40:382][568]LogEditorActor: Deleted Actor: StaticMeshActor
[2026.09.16-06.42.40:383][568]LogEditorActor: Deleted Actor: StaticMeshActor
[2026.09.16-06.42.40:386][568]LogUObjectHash: Compacting FUObjectHashTables data took   0.42ms
[2026.09.16-06.42.40:387][568]LogEditorActor: Deleted 3 Actors (0.008 secs)
[2026.09.16-06.42.42:771][711]LogEditorViewport: Clicking on Actor (LMB): StaticMeshActor (Cube)
[2026.09.16-06.42.43:508][754]Cmd: DELETE
[2026.09.16-06.42.43:508][754]Cmd: ACTOR DELETE
[2026.09.16-06.42.43:510][754]LogEditorActor: Deleted Actor: StaticMeshActor
[2026.09.16-06.42.43:514][754]LogUObjectHash: Compacting FUObjectHashTables data took   0.19ms
[2026.09.16-06.42.43:515][754]LogEditorActor: Deleted 1 Actors (0.007 secs)
[2026.09.16-06.42.45:952][900]LogEditorViewport: Clicking on Actor (LMB): StaticMeshActor (pallet_of_pipes_pallet_of_pipes12)
[2026.09.16-06.42.49:378][ 98]Cmd: DELETE
[2026.09.16-06.42.49:378][ 98]Cmd: ACTOR DELETE
[2026.09.16-06.42.49:381][ 98]LogEditorActor: Deleted Actor: StaticMeshActor
[2026.09.16-06.42.49:381][ 98]LogEditorActor: Deleted Actor: StaticMeshActor
[2026.09.16-06.42.49:381][ 98]LogEditorActor: Deleted Actor: StaticMeshActor
[2026.09.16-06.42.49:381][ 98]LogEditorActor: Deleted Actor: StaticMeshActor
[2026.09.16-06.42.49:381][ 98]LogEditorActor: Deleted Actor: StaticMeshActor
[2026.09.16-06.42.49:381][ 98]LogEditorActor: Deleted Actor: StaticMeshActor
[2026.09.16-06.42.49:381][ 98]LogEditorActor: Deleted Actor: StaticMeshActor
[2026.09.16-06.42.49:385][ 98]LogUObjectHash: Compacting FUObjectHashTables data took   0.17ms
[2026.09.16-06.42.49:386][ 98]LogEditorActor: Deleted 7 Actors (0.008 secs)
[2026.09.16-06.42.49:727][119]LogEditorViewport: Clicking on Actor (LMB): StaticMeshActor (pallet_of_pipes_pallet_of_pipes13)
[2026.09.16-06.42.50:226][148]Cmd: DELETE
[2026.09.16-06.42.50:226][148]Cmd: ACTOR DELETE
[2026.09.16-06.42.50:229][148]LogEditorActor: Deleted Actor: StaticMeshActor
[2026.09.16-06.42.50:233][148]LogUObjectHash: Compacting FUObjectHashTables data took   0.22ms
[2026.09.16-06.42.50:234][148]LogEditorActor: Deleted 1 Actors (0.008 secs)
[2026.09.16-06.42.50:993][194]LogEditorViewport: Clicking on Actor (LMB): StaticMeshActor (Cube14)
[2026.09.16-06.42.52:677][293]Cmd: DELETE
[2026.09.16-06.42.52:677][293]Cmd: ACTOR DELETE
[2026.09.16-06.42.52:679][293]LogEditorActor: Deleted Actor: StaticMeshActor
[2026.09.16-06.42.52:680][293]LogEditorActor: Deleted Actor: StaticMeshActor
[2026.09.16-06.42.52:682][293]LogUObjectHash: Compacting FUObjectHashTables data took   0.20ms
[2026.09.16-06.42.52:684][293]LogEditorActor: Deleted 2 Actors (0.007 secs)
[2026.09.16-06.51.08:644][ 65]LogUObjectHash: Compacting FUObjectHashTables data took   0.34ms
[2026.09.16-06.51.08:647][ 65]Cmd: OBJ SAVEPACKAGE PACKAGE="/Game/FirstPersonBP/Maps/V2" FILE="D:/inGGIT/SteelEnclo_LD_BO/MyProject/Saved/Autosaves/Game/FirstPersonBP/Maps/V2_Auto3.umap" SILENT=true AUTOSAVING=true KEEPDIRTY=false
[2026.09.16-06.51.08:687][ 65]LogSavePackage: Moving 'D:/inGGIT/SteelEnclo_LD_BO/MyProject/Saved/V2_Auto33D9C0D2741458D239E3CA588FD9D63D5.tmp' to 'D:/inGGIT/SteelEnclo_LD_BO/MyProject/Saved/Autosaves/Game/FirstPersonBP/Maps/V2_Auto3.umap'
[2026.09.16-06.51.08:688][ 65]LogFileHelpers: Editor autosave (incl. external actors) for '/Game/FirstPersonBP/Maps/V2' took 0.048
[2026.09.16-06.51.08:688][ 65]LogFileHelpers: Editor autosave (incl. sublevels & external actors) for all levels took 0.048
[2026.09.16-06.57.14:524][174]LogTemp: Repeating last play command: Selected Viewport
[2026.09.16-06.57.14:527][174]LogPlayLevel: PlayLevel: No blueprints needed recompiling
[2026.09.16-06.57.14:527][174]PIE: New page: PIE session: V2 (Sep 16, 2026, 10:57:14 PM)
[2026.09.16-06.57.14:527][174]LogPlayLevel: Creating play world package: /Game/FirstPersonBP/Maps/UEDPIE_0_V2
[2026.09.16-06.57.14:540][174]LogPlayLevel: PIE: StaticDuplicateObject took: (0.013104s)
[2026.09.16-06.57.14:541][174]LogAIModule: Creating AISystem for world V2
[2026.09.16-06.57.14:541][174]LogPlayLevel: PIE: World Init took: (0.000938s)
[2026.09.16-06.57.14:541][174]LogPlayLevel: PIE: Created PIE world by copying editor world from /Game/FirstPersonBP/Maps/V2.V2 to /Game/FirstPersonBP/Maps/UEDPIE_0_V2.V2 (0.014173s)
[2026.09.16-06.57.14:546][174]LogUObjectHash: Compacting FUObjectHashTables data took   0.56ms
[2026.09.16-06.57.14:547][174]LogAudio: Display: Creating Audio Device:                 Id: 6, Scope: Unique, Realtime: True
[2026.09.16-06.57.14:547][174]LogAudioMixer: Display: Audio Mixer Platform Settings:
[2026.09.16-06.57.14:547][174]LogAudioMixer: Display: 	Sample Rate:						  48000
[2026.09.16-06.57.14:547][174]LogAudioMixer: Display: 	Callback Buffer Frame Size Requested: 1024
[2026.09.16-06.57.14:547][174]LogAudioMixer: Display: 	Callback Buffer Frame Size To Use:	  1024
[2026.09.16-06.57.14:547][174]LogAudioMixer: Display: 	Number of buffers to queue:			  2
[2026.09.16-06.57.14:547][174]LogAudioMixer: Display: 	Max Channels (voices):				  32
[2026.09.16-06.57.14:547][174]LogAudioMixer: Display: 	Number of Async Source Workers:		  0
[2026.09.16-06.57.14:547][174]LogAudio: Display: AudioDevice MaxSources: 32
[2026.09.16-06.57.14:547][174]LogAudio: Display: Audio Spatialization Plugin: None (built-in).
[2026.09.16-06.57.14:547][174]LogAudio: Display: Audio Reverb Plugin: None (built-in).
[2026.09.16-06.57.14:547][174]LogAudio: Display: Audio Occlusion Plugin: None (built-in).
[2026.09.16-06.57.14:547][174]LogAudioMixer: Display: Initializing audio mixer.
[2026.09.16-06.57.14:551][174]LogAudioMixer: Display: 0: FrontLeft
[2026.09.16-06.57.14:551][174]LogAudioMixer: Display: 1: FrontRight
[2026.09.16-06.57.14:563][174]LogAudioMixer: Display: Using Audio Device Headphones (Intel® Smart Sound Technology for Bluetooth® Audio)
[2026.09.16-06.57.14:563][174]LogAudioMixer: Display: Initializing Sound Submixes...
[2026.09.16-06.57.14:563][174]LogAudioMixer: Display: Creating Master Submix 'MasterSubmixDefault'
[2026.09.16-06.57.14:563][174]LogAudioMixer: Display: Creating Master Submix 'MasterReverbSubmixDefault'
[2026.09.16-06.57.14:564][174]LogAudioMixer: Display: Creating Master Submix 'MasterEQSubmixDefault'
[2026.09.16-06.57.14:564][174]LogAudioMixer: FMixerPlatformXAudio2::StartAudioStream() called
[2026.09.16-06.57.14:564][174]LogAudioMixer: Display: Output buffers initialized: Frames=1024, Channels=2, Samples=2048
[2026.09.16-06.57.14:565][174]LogAudioMixer: Display: Starting AudioMixerPlatformInterface::RunInternal()
[2026.09.16-06.57.14:565][174]LogAudioMixer: Display: FMixerPlatformXAudio2::SubmitBuffer() called for the first time
[2026.09.16-06.57.14:565][174]LogInit: FAudioDevice initialized.
[2026.09.16-06.57.14:565][174]LogAudio: Display: Audio Device (ID: 6) registered with world 'V2'.
[2026.09.16-06.57.14:574][174]LogLoad: Game class is 'FirstPersonGameMode_C'
[2026.09.16-06.57.14:578][174]LogWorld: Bringing World /Game/FirstPersonBP/Maps/UEDPIE_0_V2.V2 up for play (max tick rate 60) at 2026.09.16-14.57.14
[2026.09.16-06.57.14:578][174]LogWorld: Bringing up level for play took: 0.003053
[2026.09.16-06.57.14:578][174]LogOnline: OSS: Creating online subsystem instance for: :Context_7
[2026.09.16-06.57.14:580][174]PIE: Server logged in
[2026.09.16-06.57.14:581][174]PIE: Play in editor total start time 0.054 seconds.
[2026.09.16-06.57.16:986][315]LogSlate: Updating window title bar state: overlay mode, drag disabled, window buttons hidden, title bar hidden
[2026.09.16-06.57.16:986][315]LogWorld: BeginTearingDown for /Game/FirstPersonBP/Maps/UEDPIE_0_V2
[2026.09.16-06.57.16:986][315]LogWorld: UWorld::CleanupWorld for V2, bSessionEnded=true, bCleanupResources=true
[2026.09.16-06.57.16:986][315]LogSlate: InvalidateAllWidgets triggered.  All widgets were invalidated
[2026.09.16-06.57.16:993][315]LogPlayLevel: Display: Shutting down PIE online subsystems
[2026.09.16-06.57.16:993][315]LogSlate: InvalidateAllWidgets triggered.  All widgets were invalidated
[2026.09.16-06.57.16:996][315]LogAudio: Display: Audio Device unregistered from world 'None'.
[2026.09.16-06.57.16:997][315]LogAudioMixer: FMixerPlatformXAudio2::StopAudioStream() called
[2026.09.16-06.57.16:998][315]LogAudioMixer: FMixerPlatformXAudio2::StopAudioStream() called
[2026.09.16-06.57.16:999][315]LogSlate: Updating window title bar state: overlay mode, drag disabled, window buttons hidden, title bar hidden
[2026.09.16-06.57.17:001][315]LogUObjectHash: Compacting FUObjectHashTables data took   0.38ms
[2026.09.16-06.57.17:039][317]LogPlayLevel: Display: Destroying online subsystem :Context_7
[2026.09.16-06.57.19:392][458]LogEditorViewport: Clicking on Actor (LMB): StaticMeshActor (BigWall13)
[2026.09.16-06.57.20:581][528]LogEditorViewport: Clicking on Actor (LMB): StaticMeshActor (BigWall11)
[2026.09.16-06.57.21:714][594]LogEditorViewport: Clicking on Actor (LMB): StaticMeshActor (BigWall10)
[2026.09.16-06.57.23:919][725]Cmd: TRANSACTION UNDO
[2026.09.16-06.57.23:919][725]LogEditorTransaction: Undo Move Actors
[2026.09.16-06.57.32:015][205]Cmd: DELETE
[2026.09.16-06.57.32:015][205]Cmd: ACTOR DELETE
[2026.09.16-06.57.32:018][205]LogEditorActor: Deleted Actor: StaticMeshActor
[2026.09.16-06.57.32:018][205]LogEditorActor: Deleted Actor: StaticMeshActor
[2026.09.16-06.57.32:018][205]LogEditorActor: Deleted Actor: StaticMeshActor
[2026.09.16-06.57.32:018][205]LogEditorActor: Deleted Actor: StaticMeshActor
[2026.09.16-06.57.32:023][205]LogUObjectHash: Compacting FUObjectHashTables data took   0.42ms
[2026.09.16-06.57.32:024][205]LogEditorActor: Deleted 4 Actors (0.010 secs)
[2026.09.16-06.57.40:217][695]Cmd: BRUSH ADD SELECTNEWBRUSH
[2026.09.16-06.57.40:874][732]Cmd: CAMERA ALIGN ACTIVEVIEWPORTONLY
[2026.09.16-06.57.49:280][233]Cmd: TRANSACTION UNDO
[2026.09.16-06.57.49:280][233]LogEditorTransaction: Undo Move Actors
[2026.09.16-06.57.54:817][557]Cmd: TRANSACTION UNDO
[2026.09.16-06.57.54:818][557]LogEditorTransaction: Undo Move Actors
[2026.09.16-06.57.56:341][644]Cmd: TRANSACTION UNDO
[2026.09.16-06.57.56:341][644]LogEditorTransaction: Undo Move Actors
[2026.09.16-06.57.58:021][741]Cmd: TRANSACTION UNDO
[2026.09.16-06.57.58:021][741]LogEditorTransaction: Undo Move Actors
[2026.09.16-06.57.59:712][842]Cmd: CAMERA ALIGN ACTIVEVIEWPORTONLY
[2026.09.16-06.59.16:602][539]Cmd: TRANSACTION UNDO
[2026.09.16-06.59.16:602][539]LogEditorTransaction: Undo Move Actors
[2026.09.16-06.59.18:978][676]Cmd: TRANSACTION UNDO
[2026.09.16-06.59.18:978][676]LogEditorTransaction: Undo Move Actors
[2026.09.16-06.59.39:200][872]LogEditorClassViewer: Warning: Class /Engine/Tutorial/InWorldBlueprintEditing/TutorialAssets/IWBE_Blutility.IWBE_Blutility_C has parent /Script/Blutility.PlacedEditorUtilityBase, but this parent is not found. The Class will not be shown in ClassViewer.
[2026.09.16-06.59.54:477][785]Cmd: TRANSACTION UNDO
[2026.09.16-06.59.54:477][785]LogEditorTransaction: Undo Move Actors
[2026.09.16-06.59.56:374][894]Cmd: TRANSACTION UNDO
[2026.09.16-06.59.56:374][894]LogEditorTransaction: Undo Scale Actors
[2026.09.16-07.00.00:018][110]Cmd: TRANSACTION UNDO
[2026.09.16-07.00.00:018][110]LogEditorTransaction: Undo Move Actors
[2026.09.16-07.00.18:900][239]Cmd: TRANSACTION UNDO
[2026.09.16-07.00.18:900][239]LogEditorTransaction: Undo Move Actors
[2026.09.16-07.00.20:069][305]Cmd: TRANSACTION UNDO
[2026.09.16-07.00.20:070][305]LogEditorTransaction: Undo Move Actors
[2026.09.16-07.00.21:041][361]Cmd: CAMERA ALIGN ACTIVEVIEWPORTONLY
[2026.09.16-07.00.26:398][682]Cmd: CAMERA ALIGN ACTIVEVIEWPORTONLY
[2026.09.16-07.00.28:931][833]Cmd: TRANSACTION UNDO
[2026.09.16-07.00.28:931][833]LogEditorTransaction: Undo Scale Actors
[2026.09.16-07.00.39:452][457]Cmd: TRANSACTION UNDO
[2026.09.16-07.00.39:452][457]LogEditorTransaction: Undo Move Actors
[2026.09.16-07.00.44:705][766]LogEditorViewport: Clicking on Actor (LMB): BP_Sky_Sphere_C (SkySphereBlueprint)
[2026.09.16-07.00.44:851][774]LogEditorViewport: Clicking on Component (LMB): StaticMeshComponent (SkySphereMesh)
[2026.09.16-07.00.47:852][951]Cmd: TRANSACTION UNDO
[2026.09.16-07.00.47:852][951]LogEditorTransaction: Undo Scale Actors
[2026.09.16-07.00.50:399][101]Cmd: CAMERA ALIGN ACTIVEVIEWPORTONLY
[2026.09.16-07.00.53:485][286]LogEditorViewport: Clicking on Actor (LMB): BP_Sky_Sphere_C (SkySphereBlueprint)
[2026.09.16-07.01.22:565][ 27]LogUObjectHash: Compacting FUObjectHashTables data took   0.54ms
[2026.09.16-07.01.22:567][ 27]Cmd: OBJ SAVEPACKAGE PACKAGE="/Game/FirstPersonBP/Maps/V2" FILE="D:/inGGIT/SteelEnclo_LD_BO/MyProject/Saved/Autosaves/Game/FirstPersonBP/Maps/V2_Auto4.umap" SILENT=true AUTOSAVING=true KEEPDIRTY=false
[2026.09.16-07.01.22:603][ 27]LogSavePackage: Moving 'D:/inGGIT/SteelEnclo_LD_BO/MyProject/Saved/V2_Auto47DE016224994385B5857D0AE041B2B92.tmp' to 'D:/inGGIT/SteelEnclo_LD_BO/MyProject/Saved/Autosaves/Game/FirstPersonBP/Maps/V2_Auto4.umap'
[2026.09.16-07.01.22:603][ 27]LogFileHelpers: Editor autosave (incl. external actors) for '/Game/FirstPersonBP/Maps/V2' took 0.045
[2026.09.16-07.01.22:603][ 27]LogFileHelpers: Editor autosave (incl. sublevels & external actors) for all levels took 0.045
[2026.09.16-07.05.57:222][470]LogEditorViewport: Clicking on Actor (LMB): StaticMeshActor (Floor)
[2026.09.16-07.05.59:012][576]LogEditorViewport: Clicking on Actor (LMB): StaticMeshActor (Floor7)
[2026.09.16-07.05.59:910][629]Cmd: DELETE
[2026.09.16-07.05.59:910][629]Cmd: ACTOR DELETE
[2026.09.16-07.05.59:914][629]LogEditorActor: Deleted Actor: StaticMeshActor
[2026.09.16-07.05.59:917][629]LogUObjectHash: Compacting FUObjectHashTables data took   0.31ms
[2026.09.16-07.05.59:918][629]LogEditorActor: Deleted 1 Actors (0.007 secs)
[2026.09.16-07.06.02:655][793]LogEditorViewport: Clicking on Actor (LMB): StaticMeshActor (BigWall3)
[2026.09.16-07.06.15:747][564]Cmd: DELETE
[2026.09.16-07.06.15:747][564]Cmd: ACTOR DELETE
[2026.09.16-07.06.15:750][564]LogEditorActor: Deleted Actor: StaticMeshActor
[2026.09.16-07.06.15:750][564]LogEditorActor: Deleted Actor: StaticMeshActor
[2026.09.16-07.06.15:751][564]LogEditorActor: Deleted Actor: StaticMeshActor
[2026.09.16-07.06.15:751][564]LogEditorActor: Deleted Actor: StaticMeshActor
[2026.09.16-07.06.15:751][564]LogEditorActor: Deleted Actor: StaticMeshActor
[2026.09.16-07.06.15:751][564]LogEditorActor: Deleted Actor: StaticMeshActor
[2026.09.16-07.06.15:751][564]LogEditorActor: Deleted Actor: StaticMeshActor
[2026.09.16-07.06.15:751][564]LogEditorActor: Deleted Actor: StaticMeshActor
[2026.09.16-07.06.15:751][564]LogEditorActor: Deleted Actor: StaticMeshActor
[2026.09.16-07.06.15:751][564]LogEditorActor: Deleted Actor: StaticMeshActor
[2026.09.16-07.06.15:751][564]LogEditorActor: Deleted Actor: StaticMeshActor
[2026.09.16-07.06.15:754][564]LogUObjectHash: Compacting FUObjectHashTables data took   0.18ms
[2026.09.16-07.06.15:756][564]LogEditorActor: Deleted 11 Actors (0.009 secs)
[2026.09.16-07.06.17:447][666]LogEditorViewport: Clicking on Actor (LMB): StaticMeshActor (BigWall25)
[2026.09.16-07.06.17:796][686]Cmd: CAMERA ALIGN ACTIVEVIEWPORTONLY
[2026.09.16-07.06.20:014][818]Cmd: DELETE
[2026.09.16-07.06.20:014][818]Cmd: ACTOR DELETE
[2026.09.16-07.06.20:018][818]LogEditorActor: Deleted Actor: StaticMeshActor
[2026.09.16-07.06.20:018][818]LogEditorActor: Deleted Actor: StaticMeshActor
[2026.09.16-07.06.20:022][818]LogUObjectHash: Compacting FUObjectHashTables data took   0.34ms
[2026.09.16-07.06.20:023][818]LogEditorActor: Deleted 2 Actors (0.009 secs)
[2026.09.16-07.06.20:807][865]LogEditorViewport: Clicking on Actor (LMB): StaticMeshActor (BigWall16)
[2026.09.16-07.06.23:852][ 44]Cmd: DELETE
[2026.09.16-07.06.23:852][ 44]Cmd: ACTOR DELETE
[2026.09.16-07.06.23:855][ 44]LogEditorActor: Deleted Actor: StaticMeshActor
[2026.09.16-07.06.23:855][ 44]LogEditorActor: Deleted Actor: StaticMeshActor
[2026.09.16-07.06.23:855][ 44]LogEditorActor: Deleted Actor: StaticMeshActor
[2026.09.16-07.06.23:855][ 44]LogEditorActor: Deleted Actor: StaticMeshActor
[2026.09.16-07.06.23:858][ 44]LogUObjectHash: Compacting FUObjectHashTables data took   0.17ms
[2026.09.16-07.06.23:859][ 44]LogEditorActor: Deleted 4 Actors (0.007 secs)
[2026.09.16-07.06.25:453][140]LogEditorViewport: Clicking on Actor (LMB): StaticMeshActor (BigWall28)
[2026.09.16-07.06.26:298][188]Cmd: CAMERA ALIGN ACTIVEVIEWPORTONLY
[2026.09.16-07.06.28:969][348]Cmd: DELETE
[2026.09.16-07.06.28:969][348]Cmd: ACTOR DELETE
[2026.09.16-07.06.28:973][348]LogEditorActor: Deleted Actor: StaticMeshActor
[2026.09.16-07.06.28:973][348]LogEditorActor: Deleted Actor: StaticMeshActor
[2026.09.16-07.06.28:976][348]LogUObjectHash: Compacting FUObjectHashTables data took   0.17ms
[2026.09.16-07.06.28:977][348]LogEditorActor: Deleted 2 Actors (0.007 secs)
[2026.09.16-07.06.29:269][366]LogEditorViewport: Clicking on Actor (LMB): StaticMeshActor (BigWall17)
[2026.09.16-07.06.29:367][371]Cmd: DELETE
[2026.09.16-07.06.29:367][371]Cmd: ACTOR DELETE
[2026.09.16-07.06.29:370][371]LogEditorActor: Deleted Actor: StaticMeshActor
[2026.09.16-07.06.29:374][371]LogUObjectHash: Compacting FUObjectHashTables data took   0.26ms
[2026.09.16-07.06.29:375][371]LogEditorActor: Deleted 1 Actors (0.007 secs)
[2026.09.16-07.06.29:734][393]LogEditorViewport: Clicking on Actor (LMB): StaticMeshActor (BigWall33)
[2026.09.16-07.06.29:817][397]Cmd: DELETE
[2026.09.16-07.06.29:817][397]Cmd: ACTOR DELETE
[2026.09.16-07.06.29:820][397]LogEditorActor: Deleted Actor: StaticMeshActor
[2026.09.16-07.06.29:824][397]LogUObjectHash: Compacting FUObjectHashTables data took   0.18ms
[2026.09.16-07.06.29:824][397]LogEditorActor: Deleted 1 Actors (0.006 secs)
[2026.09.16-07.06.30:260][423]LogEditorViewport: Clicking on Actor (LMB): BP_Sky_Sphere_C (SkySphereBlueprint)
[2026.09.16-07.06.30:355][428]Cmd: DELETE
[2026.09.16-07.06.30:355][428]Cmd: ACTOR DELETE
[2026.09.16-07.06.30:358][428]LogEditorActor: Deleted Actor: BP_Sky_Sphere_C
[2026.09.16-07.06.30:362][428]LogUObjectHash: Compacting FUObjectHashTables data took   0.38ms
[2026.09.16-07.06.30:363][428]LogEditorActor: Deleted 1 Actors (0.008 secs)
[2026.09.16-07.06.31:362][488]Cmd: TRANSACTION UNDO
[2026.09.16-07.06.31:362][488]LogEditorTransaction: Undo Delete Actors
[2026.09.16-07.06.32:026][526]LogEditorViewport: Clicking on Actor (LMB): StaticMeshActor (perforated_metal_sheet_13)
[2026.09.16-07.06.33:744][628]Cmd: DELETE
[2026.09.16-07.06.33:744][628]Cmd: ACTOR DELETE
[2026.09.16-07.06.33:747][628]LogEditorActor: Deleted Actor: StaticMeshActor
[2026.09.16-07.06.33:747][628]LogEditorActor: Deleted Actor: StaticMeshActor
[2026.09.16-07.06.33:747][628]LogEditorActor: Deleted Actor: StaticMeshActor
[2026.09.16-07.06.33:750][628]LogUObjectHash: Compacting FUObjectHashTables data took   0.28ms
[2026.09.16-07.06.33:750][628]LogEditorActor: Deleted 3 Actors (0.008 secs)
[2026.09.16-07.06.35:138][711]LogEditorViewport: Clicking on Actor (LMB): StaticMeshActor (Sphere18)
[2026.09.16-07.06.38:329][900]Cmd: DELETE
[2026.09.16-07.06.38:329][900]Cmd: ACTOR DELETE
[2026.09.16-07.06.38:333][900]LogEditorActor: Deleted Actor: StaticMeshActor
[2026.09.16-07.06.38:334][900]LogEditorActor: Deleted Actor: StaticMeshActor
[2026.09.16-07.06.38:337][900]LogUObjectHash: Compacting FUObjectHashTables data took   0.19ms
[2026.09.16-07.06.38:338][900]LogEditorActor: Deleted 2 Actors (0.007 secs)
[2026.09.16-07.11.22:968][608]LogUObjectHash: Compacting FUObjectHashTables data took   0.46ms
[2026.09.16-07.11.22:969][608]Cmd: OBJ SAVEPACKAGE PACKAGE="/Game/FirstPersonBP/Maps/V2" FILE="D:/inGGIT/SteelEnclo_LD_BO/MyProject/Saved/Autosaves/Game/FirstPersonBP/Maps/V2_Auto5.umap" SILENT=true AUTOSAVING=true KEEPDIRTY=false
[2026.09.16-07.11.23:005][608]LogSavePackage: Moving 'D:/inGGIT/SteelEnclo_LD_BO/MyProject/Saved/V2_Auto50797F63E44F4A3A176261EB8A7E49DC1.tmp' to 'D:/inGGIT/SteelEnclo_LD_BO/MyProject/Saved/Autosaves/Game/FirstPersonBP/Maps/V2_Auto5.umap'
[2026.09.16-07.11.23:006][608]LogFileHelpers: Editor autosave (incl. external actors) for '/Game/FirstPersonBP/Maps/V2' took 0.042
[2026.09.16-07.11.23:006][608]LogFileHelpers: Editor autosave (incl. sublevels & external actors) for all levels took 0.042
[2026.09.16-07.12.57:937][946]LogTemp: Repeating last play command: Selected Viewport
[2026.09.16-07.12.57:942][946]LogPlayLevel: PlayLevel: No blueprints needed recompiling
[2026.09.16-07.12.57:942][946]PIE: New page: PIE session: V2 (Sep 16, 2026, 11:12:57 PM)
[2026.09.16-07.12.57:942][946]LogPlayLevel: Creating play world package: /Game/FirstPersonBP/Maps/UEDPIE_0_V2
[2026.09.16-07.12.57:956][946]LogPlayLevel: PIE: StaticDuplicateObject took: (0.014340s)
[2026.09.16-07.12.57:957][946]LogAIModule: Creating AISystem for world V2
[2026.09.16-07.12.57:957][946]LogPlayLevel: PIE: World Init took: (0.000845s)
[2026.09.16-07.12.57:957][946]LogPlayLevel: PIE: Created PIE world by copying editor world from /Game/FirstPersonBP/Maps/V2.V2 to /Game/FirstPersonBP/Maps/UEDPIE_0_V2.V2 (0.015308s)
[2026.09.16-07.12.57:961][946]LogUObjectHash: Compacting FUObjectHashTables data took   0.65ms
[2026.09.16-07.12.57:962][946]LogAudio: Display: Creating Audio Device:                 Id: 7, Scope: Unique, Realtime: True
[2026.09.16-07.12.57:962][946]LogAudioMixer: Display: Audio Mixer Platform Settings:
[2026.09.16-07.12.57:962][946]LogAudioMixer: Display: 	Sample Rate:						  48000
[2026.09.16-07.12.57:962][946]LogAudioMixer: Display: 	Callback Buffer Frame Size Requested: 1024
[2026.09.16-07.12.57:962][946]LogAudioMixer: Display: 	Callback Buffer Frame Size To Use:	  1024
[2026.09.16-07.12.57:962][946]LogAudioMixer: Display: 	Number of buffers to queue:			  2
[2026.09.16-07.12.57:962][946]LogAudioMixer: Display: 	Max Channels (voices):				  32
[2026.09.16-07.12.57:962][946]LogAudioMixer: Display: 	Number of Async Source Workers:		  0
[2026.09.16-07.12.57:962][946]LogAudio: Display: AudioDevice MaxSources: 32
[2026.09.16-07.12.57:963][946]LogAudio: Display: Audio Spatialization Plugin: None (built-in).
[2026.09.16-07.12.57:963][946]LogAudio: Display: Audio Reverb Plugin: None (built-in).
[2026.09.16-07.12.57:963][946]LogAudio: Display: Audio Occlusion Plugin: None (built-in).
[2026.09.16-07.12.57:963][946]LogAudioMixer: Display: Initializing audio mixer.
[2026.09.16-07.12.57:969][946]LogAudioMixer: Display: 0: FrontLeft
[2026.09.16-07.12.57:969][946]LogAudioMixer: Display: 1: FrontRight
[2026.09.16-07.12.57:999][946]LogAudioMixer: Display: Using Audio Device Headphones (Intel® Smart Sound Technology for Bluetooth® Audio)
[2026.09.16-07.12.57:999][946]LogAudioMixer: Display: Initializing Sound Submixes...
[2026.09.16-07.12.57:999][946]LogAudioMixer: Display: Creating Master Submix 'MasterSubmixDefault'
[2026.09.16-07.12.57:999][946]LogAudioMixer: Display: Creating Master Submix 'MasterReverbSubmixDefault'
[2026.09.16-07.12.58:000][946]LogAudioMixer: Display: Creating Master Submix 'MasterEQSubmixDefault'
[2026.09.16-07.12.58:000][946]LogAudioMixer: FMixerPlatformXAudio2::StartAudioStream() called
[2026.09.16-07.12.58:000][946]LogAudioMixer: Display: Output buffers initialized: Frames=1024, Channels=2, Samples=2048
[2026.09.16-07.12.58:001][946]LogAudioMixer: Display: Starting AudioMixerPlatformInterface::RunInternal()
[2026.09.16-07.12.58:001][946]LogAudioMixer: Display: FMixerPlatformXAudio2::SubmitBuffer() called for the first time
[2026.09.16-07.12.58:001][946]LogInit: FAudioDevice initialized.
[2026.09.16-07.12.58:001][946]LogAudio: Display: Audio Device (ID: 7) registered with world 'V2'.
[2026.09.16-07.12.58:008][946]LogLoad: Game class is 'FirstPersonGameMode_C'
[2026.09.16-07.12.58:011][946]LogWorld: Bringing World /Game/FirstPersonBP/Maps/UEDPIE_0_V2.V2 up for play (max tick rate 60) at 2026.09.16-15.12.58
[2026.09.16-07.12.58:011][946]LogWorld: Bringing up level for play took: 0.002479
[2026.09.16-07.12.58:012][946]LogOnline: OSS: Creating online subsystem instance for: :Context_8
[2026.09.16-07.12.58:013][946]PIE: Server logged in
[2026.09.16-07.12.58:014][946]PIE: Play in editor total start time 0.072 seconds.
[2026.09.16-07.13.04:432][328]LogSlate: Updating window title bar state: overlay mode, drag disabled, window buttons hidden, title bar hidden
[2026.09.16-07.13.04:432][328]LogWorld: BeginTearingDown for /Game/FirstPersonBP/Maps/UEDPIE_0_V2
[2026.09.16-07.13.04:432][328]LogWorld: UWorld::CleanupWorld for V2, bSessionEnded=true, bCleanupResources=true
[2026.09.16-07.13.04:432][328]LogSlate: InvalidateAllWidgets triggered.  All widgets were invalidated
[2026.09.16-07.13.04:440][328]LogPlayLevel: Display: Shutting down PIE online subsystems
[2026.09.16-07.13.04:441][328]LogSlate: InvalidateAllWidgets triggered.  All widgets were invalidated
[2026.09.16-07.13.04:449][328]LogSlate: Updating window title bar state: overlay mode, drag disabled, window buttons hidden, title bar hidden
[2026.09.16-07.13.04:449][328]LogAudioMixer: FMixerPlatformXAudio2::StopAudioStream() called
[2026.09.16-07.13.04:450][328]LogAudioMixer: FMixerPlatformXAudio2::StopAudioStream() called
[2026.09.16-07.13.04:453][328]LogUObjectHash: Compacting FUObjectHashTables data took   0.38ms
[2026.09.16-07.13.04:488][330]LogPlayLevel: Display: Destroying online subsystem :Context_8
[2026.09.16-07.13.11:621][678]Cmd: CAMERA ALIGN ACTIVEVIEWPORTONLY
[2026.09.16-07.13.28:785][706]Cmd: TRANSACTION UNDO
[2026.09.16-07.13.28:785][706]LogEditorTransaction: Undo Move Actors
[2026.09.16-07.13.30:962][828]Cmd: TRANSACTION UNDO
[2026.09.16-07.13.30:962][828]LogEditorTransaction: Undo Move Actors
[2026.09.16-07.13.33:030][950]Cmd: TRANSACTION UNDO
[2026.09.16-07.13.33:030][950]LogEditorTransaction: Undo Move Actors
[2026.09.16-07.13.35:299][ 85]Cmd: TRANSACTION UNDO
[2026.09.16-07.13.35:299][ 85]LogEditorTransaction: Undo Move Actors
[2026.09.16-07.13.38:792][292]Cmd: TRANSACTION UNDO
[2026.09.16-07.13.38:792][292]LogEditorTransaction: Undo Move Actors
[2026.09.16-07.13.44:799][649]Cmd: TRANSACTION UNDO
[2026.09.16-07.13.44:799][649]LogEditorTransaction: Undo Move Actors
[2026.09.16-07.14.23:440][255]Cmd: CAMERA ALIGN ACTIVEVIEWPORTONLY
[2026.09.16-07.14.25:370][369]LogTemp: Warning: Select a mesh. Switch tools to paint vertex colors, blend between textures, or paint directly onto a texture file.
[2026.09.16-07.14.53:451][ 49]Cmd: CAMERA ALIGN ACTIVEVIEWPORTONLY
[2026.09.16-07.15.00:094][447]LogTemp: Warning: Paint vertex colors on selected meshes.  Use the Color View Mode to preview your applied changes.
[2026.09.16-07.15.40:640][874]LogMaterial: Display: Missing cached shadermap for LandscapeMaterialInstanceConstant_0 in PCD3D_SM5, Default, SM5 (DDC key hash: 54C49F6AB8986CAE3FDE93F5CDCA679F15645CEF), compiling. 
[2026.09.16-07.15.40:681][874]LogShaderCompilers: Display: Submitted 16 shader compile jobs with 'Low' priority
[2026.09.16-07.15.40:702][874]LogShaderCompilers: Display: Worker (1/25): shaders left to compile 16
[2026.09.16-07.15.40:702][874]LogShaderCompilers: Display: Worker (2/25): shaders left to compile 15
[2026.09.16-07.15.40:702][874]LogShaderCompilers: Display: Worker (3/25): shaders left to compile 14
[2026.09.16-07.15.40:702][874]LogShaderCompilers: Display: Worker (4/25): shaders left to compile 13
[2026.09.16-07.15.40:702][874]LogShaderCompilers: Display: Worker (5/25): shaders left to compile 12
[2026.09.16-07.15.40:702][874]LogShaderCompilers: Display: Worker (6/25): shaders left to compile 11
[2026.09.16-07.15.40:702][874]LogShaderCompilers: Display: Worker (7/25): shaders left to compile 10
[2026.09.16-07.15.40:702][874]LogShaderCompilers: Display: Worker (8/25): shaders left to compile 9
[2026.09.16-07.15.40:702][874]LogShaderCompilers: Display: Worker (9/25): shaders left to compile 8
[2026.09.16-07.15.40:702][874]LogShaderCompilers: Display: Worker (10/25): shaders left to compile 7
[2026.09.16-07.15.40:702][874]LogShaderCompilers: Display: Worker (11/25): shaders left to compile 6
[2026.09.16-07.15.40:702][874]LogShaderCompilers: Display: Worker (12/25): shaders left to compile 5
[2026.09.16-07.15.40:702][874]LogShaderCompilers: Display: Worker (13/25): shaders left to compile 4
[2026.09.16-07.15.40:702][874]LogShaderCompilers: Display: Worker (14/25): shaders left to compile 3
[2026.09.16-07.15.40:702][874]LogShaderCompilers: Display: Worker (15/25): shaders left to compile 2
[2026.09.16-07.15.40:702][874]LogShaderCompilers: Display: Worker (16/25): shaders left to compile 1
[2026.09.16-07.15.40:702][874]LogShaderCompilers: Display: Started 16 'Local' shader compile jobs with 'Low' priority
[2026.09.16-07.15.40:703][874]LogMaterial: Display: Missing cached shadermap for LandscapeMaterialInstanceConstant_1 in PCD3D_SM5, Default, SM5 (DDC key hash: 397DA19F1C61E7A44C80DDDD630A4BF63D1C236F), compiling. 
[2026.09.16-07.15.40:724][874]LogShaderCompilers: Display: Submitted 28 shader compile jobs with 'Low' priority
[2026.09.16-07.15.40:733][874]LogMaterial: Display: Missing cached shadermap for LandscapeMaterialInstanceConstant_2 in PCD3D_SM5, Default, SM5 (DDC key hash: 7EDD25116D33F2F475FBC7885D056C639F1B6DD7), compiling. 
[2026.09.16-07.15.40:743][874]LogShaderCompilers: Display: Submitted 28 shader compile jobs with 'Low' priority
[2026.09.16-07.15.40:766][874]LogMaterial: Display: Missing cached shadermap for LandscapeMaterialInstanceConstant_3 in PCD3D_SM5, Default, SM5 (DDC key hash: 11D19227065D1DA1DD89BECDADF41F209ED22EC3), compiling. 
[2026.09.16-07.15.40:779][874]LogShaderCompilers: Display: Submitted 28 shader compile jobs with 'Low' priority
[2026.09.16-07.15.40:795][874]LogMaterial: Display: Missing cached shadermap for LandscapeMaterialInstanceConstant_4 in PCD3D_SM5, Default, SM5 (DDC key hash: D5E76CB9A5FE108D53AD50103CEB1B6AA10A59E9), compiling. 
[2026.09.16-07.15.40:807][874]LogShaderCompilers: Display: Worker (17/25): shaders left to compile 84
[2026.09.16-07.15.40:807][874]LogShaderCompilers: Display: Worker (18/25): shaders left to compile 80
[2026.09.16-07.15.40:807][874]LogShaderCompilers: Display: Worker (19/25): shaders left to compile 76
[2026.09.16-07.15.40:807][874]LogShaderCompilers: Display: Worker (20/25): shaders left to compile 72
[2026.09.16-07.15.40:807][874]LogShaderCompilers: Display: Worker (21/25): shaders left to compile 68
[2026.09.16-07.15.40:807][874]LogShaderCompilers: Display: Worker (22/25): shaders left to compile 64
[2026.09.16-07.15.40:807][874]LogShaderCompilers: Display: Worker (23/25): shaders left to compile 60
[2026.09.16-07.15.40:807][874]LogShaderCompilers: Display: Worker (24/25): shaders left to compile 56
[2026.09.16-07.15.40:807][874]LogShaderCompilers: Display: Started 32 'Local' shader compile jobs with 'Low' priority
[2026.09.16-07.15.40:807][874]LogShaderCompilers: Display: Submitted 28 shader compile jobs with 'Low' priority
[2026.09.16-07.15.40:816][874]LogMaterial: Display: Missing cached shadermap for LandscapeMaterialInstanceConstant_5 in PCD3D_SM5, Default, SM5 (DDC key hash: 7799CE7CE7512E3B375C877731B2093B60E98D5A), compiling. 
[2026.09.16-07.15.40:832][874]LogShaderCompilers: Display: Submitted 28 shader compile jobs with 'Low' priority
[2026.09.16-07.15.40:861][874]LogMaterial: Display: Missing cached shadermap for LandscapeMaterialInstanceConstant_6 in PCD3D_SM5, Default, SM5 (DDC key hash: 364EBDC5F4EB70670AE9B724A432B68386B99F4E), compiling. 
[2026.09.16-07.15.40:873][874]LogShaderCompilers: Display: Submitted 16 shader compile jobs with 'Low' priority
[2026.09.16-07.15.40:943][874]LogMaterial: Display: Missing cached shadermap for LandscapeMaterialInstanceConstant_7 in PCD3D_SM5, Default, SM5 (DDC key hash: ABB8DE0F94200D2EF3D9926928A42DFE65A148A1), compiling. 
[2026.09.16-07.15.40:957][874]LogShaderCompilers: Display: Submitted 28 shader compile jobs with 'Low' priority
[2026.09.16-07.15.40:966][874]LogMaterial: Display: Missing cached shadermap for LandscapeMaterialInstanceConstant_8 in PCD3D_SM5, Default, SM5 (DDC key hash: 127A0B1A4E733BBCC50D32C390F8BA240A5246C0), compiling. 
[2026.09.16-07.15.40:980][874]LogShaderCompilers: Display: Submitted 28 shader compile jobs with 'Low' priority
[2026.09.16-07.15.40:988][874]LogMaterial: Display: Missing cached shadermap for LandscapeMaterialInstanceConstant_9 in PCD3D_SM5, Default, SM5 (DDC key hash: 4015C321CB7CD77CD61FDA871D6BCD17135E2951), compiling. 
[2026.09.16-07.15.41:002][874]LogShaderCompilers: Display: Submitted 28 shader compile jobs with 'Low' priority
[2026.09.16-07.15.41:013][874]LogMaterial: Display: Missing cached shadermap for LandscapeMaterialInstanceConstant_10 in PCD3D_SM5, Default, SM5 (DDC key hash: 6D32BAF37B0C3F124D6BD98AAE7A4BBE37A4F9AD), compiling. 
[2026.09.16-07.15.41:027][874]LogShaderCompilers: Display: Submitted 28 shader compile jobs with 'Low' priority
[2026.09.16-07.15.41:047][874]LogMaterial: Display: Missing cached shadermap for LandscapeMaterialInstanceConstant_11 in PCD3D_SM5, Default, SM5 (DDC key hash: 9233789D418573C9FE0842D26FF83A458ABBFD56), compiling. 
[2026.09.16-07.15.41:062][874]LogShaderCompilers: Display: Submitted 28 shader compile jobs with 'Low' priority
[2026.09.16-07.15.41:072][874]LogMaterial: Display: Missing cached shadermap for LandscapeMaterialInstanceConstant_12 in PCD3D_SM5, Default, SM5 (DDC key hash: 852C9CA525EEF115A2221B2D737444F63D8131DC), compiling. 
[2026.09.16-07.15.41:085][874]LogShaderCompilers: Display: Submitted 28 shader compile jobs with 'Low' priority
[2026.09.16-07.15.41:095][874]LogMaterial: Display: Missing cached shadermap for LandscapeMaterialInstanceConstant_14 in PCD3D_SM5, Default, SM5 (DDC key hash: AA3D483B2B2FD789CE026E73BABD0C50EA06AEF5), compiling. 
[2026.09.16-07.15.41:109][874]LogShaderCompilers: Display: Submitted 28 shader compile jobs with 'Low' priority
[2026.09.16-07.15.41:148][874]LogTexture: Display: Building textures: Texture2D_2 (G8, 128X128)
[2026.09.16-07.15.42:198][926]LogActorComponent: UnregisterComponent: (/Engine/Transient.SphereBrushComponent) Not registered. Aborting.
[2026.09.16-07.15.42:241][928]LogShaderCompilers: Display: === FShaderJobCache stats ===
[2026.09.16-07.15.42:241][928]LogShaderCompilers: Display: Total job queries 368, among them cache hits 0 (0.00%)
[2026.09.16-07.15.42:241][928]LogShaderCompilers: Display: Tracking 1 distinct input hashes that result in 1 distinct outputs (100.00%)
[2026.09.16-07.15.42:241][928]LogShaderCompilers: Display: RAM used: 0.00 MB (0.00 GB) of 1638.40 MB (1.60 GB) budget. Usage: 0.00%
[2026.09.16-07.15.42:241][928]LogShaderCompilers: Display: ================================================
[2026.09.16-07.15.42:257][930]LogShaderCompilers: Display: Worker (8/25): shaders left to compile 320
[2026.09.16-07.15.42:257][930]LogShaderCompilers: Display: Started 10 'Local' shader compile jobs with 'Low' priority
[2026.09.16-07.15.42:276][931]LogShaderCompilers: Display: Worker (1/25): shaders left to compile 310
[2026.09.16-07.15.42:276][931]LogShaderCompilers: Display: Worker (2/25): shaders left to compile 300
[2026.09.16-07.15.42:276][931]LogShaderCompilers: Display: Worker (3/25): shaders left to compile 290
[2026.09.16-07.15.42:276][931]LogShaderCompilers: Display: Worker (13/25): shaders left to compile 280
[2026.09.16-07.15.42:276][931]LogShaderCompilers: Display: Started 40 'Local' shader compile jobs with 'Low' priority
[2026.09.16-07.15.42:290][932]LogShaderCompilers: Display: Worker (7/25): shaders left to compile 270
[2026.09.16-07.15.42:290][932]LogShaderCompilers: Display: Started 10 'Local' shader compile jobs with 'Low' priority
[2026.09.16-07.15.42:307][932]LogShaderCompilers: Display: Worker (4/25): shaders left to compile 260
[2026.09.16-07.15.42:307][932]LogShaderCompilers: Display: Worker (10/25): shaders left to compile 250
[2026.09.16-07.15.42:307][932]LogShaderCompilers: Display: Started 20 'Local' shader compile jobs with 'Low' priority
[2026.09.16-07.15.42:357][933]LogShaderCompilers: Display: Worker (12/25): shaders left to compile 240
[2026.09.16-07.15.42:357][933]LogShaderCompilers: Display: Started 10 'Local' shader compile jobs with 'Low' priority
[2026.09.16-07.15.42:389][935]LogShaderCompilers: Display: Worker (14/25): shaders left to compile 230
[2026.09.16-07.15.42:389][935]LogShaderCompilers: Display: Started 10 'Local' shader compile jobs with 'Low' priority
[2026.09.16-07.15.42:401][935]LogShaderCompilers: Display: Worker (9/25): shaders left to compile 220
[2026.09.16-07.15.42:401][935]LogShaderCompilers: Display: Worker (16/25): shaders left to compile 210
[2026.09.16-07.15.42:401][935]LogShaderCompilers: Display: Started 20 'Local' shader compile jobs with 'Low' priority
[2026.09.16-07.15.42:414][935]LogShaderCompilers: Display: Worker (6/25): shaders left to compile 200
[2026.09.16-07.15.42:414][935]LogShaderCompilers: Display: Started 9 'Local' shader compile jobs with 'Low' priority
[2026.09.16-07.15.42:473][937]LogShaderCompilers: Display: Worker (5/25): shaders left to compile 191
[2026.09.16-07.15.42:473][937]LogShaderCompilers: Display: Started 8 'Local' shader compile jobs with 'Low' priority
[2026.09.16-07.15.42:526][939]LogShaderCompilers: Display: Worker (15/25): shaders left to compile 183
[2026.09.16-07.15.42:526][939]LogShaderCompilers: Display: Started 8 'Local' shader compile jobs with 'Low' priority
[2026.09.16-07.15.42:543][939]LogShaderCompilers: Display: Worker (11/25): shaders left to compile 175
[2026.09.16-07.15.42:543][939]LogShaderCompilers: Display: Started 8 'Local' shader compile jobs with 'Low' priority
[2026.09.16-07.15.43:133][969]LogShaderCompilers: Display: Worker (17/25): shaders left to compile 167
[2026.09.16-07.15.43:133][969]LogShaderCompilers: Display: Started 7 'Local' shader compile jobs with 'Low' priority
[2026.09.16-07.15.43:476][989]LogShaderCompilers: Display: Worker (22/25): shaders left to compile 160
[2026.09.16-07.15.43:476][989]LogShaderCompilers: Display: Started 7 'Local' shader compile jobs with 'Low' priority
[2026.09.16-07.15.43:525][992]LogShaderCompilers: Display: Worker (24/25): shaders left to compile 153
[2026.09.16-07.15.43:525][992]LogShaderCompilers: Display: Started 7 'Local' shader compile jobs with 'Low' priority
[2026.09.16-07.15.43:578][995]LogShaderCompilers: Display: Worker (19/25): shaders left to compile 146
[2026.09.16-07.15.43:578][995]LogShaderCompilers: Display: Started 7 'Local' shader compile jobs with 'Low' priority
[2026.09.16-07.15.43:771][  6]LogShaderCompilers: Display: Worker (23/25): shaders left to compile 139
[2026.09.16-07.15.43:772][  6]LogShaderCompilers: Display: Started 6 'Local' shader compile jobs with 'Low' priority
[2026.09.16-07.15.43:856][ 11]LogShaderCompilers: Display: Worker (21/25): shaders left to compile 133
[2026.09.16-07.15.43:856][ 11]LogShaderCompilers: Display: Started 6 'Local' shader compile jobs with 'Low' priority
[2026.09.16-07.15.43:920][ 15]LogShaderCompilers: Display: Worker (18/25): shaders left to compile 127
[2026.09.16-07.15.43:920][ 15]LogShaderCompilers: Display: Started 6 'Local' shader compile jobs with 'Low' priority
[2026.09.16-07.15.44:681][ 58]LogShaderCompilers: Display: Worker (20/25): shaders left to compile 121
[2026.09.16-07.15.44:681][ 58]LogShaderCompilers: Display: Started 6 'Local' shader compile jobs with 'Low' priority
[2026.09.16-07.15.45:361][ 97]LogShaderCompilers: Display: Worker (8/25): shaders left to compile 115
[2026.09.16-07.15.45:361][ 97]LogShaderCompilers: Display: Started 5 'Local' shader compile jobs with 'Low' priority
[2026.09.16-07.15.45:644][108]LogShaderCompilers: Display: Worker (24/25): shaders left to compile 110
[2026.09.16-07.15.45:644][108]LogShaderCompilers: Display: Started 5 'Local' shader compile jobs with 'Low' priority
[2026.09.16-07.15.46:239][142]LogShaderCompilers: Display: Worker (15/25): shaders left to compile 105
[2026.09.16-07.15.46:240][142]LogShaderCompilers: Display: Started 5 'Local' shader compile jobs with 'Low' priority
[2026.09.16-07.15.46:240][142]LogShaderCompilers: Display: Worker (9/25): shaders left to compile 100
[2026.09.16-07.15.46:240][142]LogShaderCompilers: Display: Worker (11/25): shaders left to compile 95
[2026.09.16-07.15.46:240][142]LogShaderCompilers: Display: Started 10 'Local' shader compile jobs with 'Low' priority
[2026.09.16-07.15.46:339][147]LogShaderCompilers: Display: Worker (1/25): shaders left to compile 90
[2026.09.16-07.15.46:339][147]LogShaderCompilers: Display: Started 4 'Local' shader compile jobs with 'Low' priority
[2026.09.16-07.15.46:346][147]LogShaderCompilers: Display: Worker (21/25): shaders left to compile 86
[2026.09.16-07.15.46:346][147]LogShaderCompilers: Display: Started 4 'Local' shader compile jobs with 'Low' priority
[2026.09.16-07.15.46:361][148]LogShaderCompilers: Display: Worker (5/25): shaders left to compile 82
[2026.09.16-07.15.46:361][148]LogShaderCompilers: Display: Started 4 'Local' shader compile jobs with 'Low' priority
[2026.09.16-07.15.46:408][149]LogShaderCompilers: Display: Worker (20/25): shaders left to compile 78
[2026.09.16-07.15.46:408][149]LogShaderCompilers: Display: Started 4 'Local' shader compile jobs with 'Low' priority
[2026.09.16-07.15.46:417][150]LogShaderCompilers: Display: Worker (4/25): shaders left to compile 74
[2026.09.16-07.15.46:417][150]LogShaderCompilers: Display: Started 4 'Local' shader compile jobs with 'Low' priority
[2026.09.16-07.15.46:473][151]LogShaderCompilers: Display: Worker (18/25): shaders left to compile 70
[2026.09.16-07.15.46:473][151]LogShaderCompilers: Display: Started 3 'Local' shader compile jobs with 'Low' priority
[2026.09.16-07.15.46:611][160]LogShaderCompilers: Display: Worker (19/25): shaders left to compile 67
[2026.09.16-07.15.46:611][160]LogShaderCompilers: Display: Started 3 'Local' shader compile jobs with 'Low' priority
[2026.09.16-07.15.46:813][169]LogShaderCompilers: Display: Worker (10/25): shaders left to compile 64
[2026.09.16-07.15.46:813][169]LogShaderCompilers: Display: Started 3 'Local' shader compile jobs with 'Low' priority
[2026.09.16-07.15.46:936][176]LogShaderCompilers: Display: Worker (12/25): shaders left to compile 61
[2026.09.16-07.15.46:936][176]LogShaderCompilers: Display: Started 3 'Local' shader compile jobs with 'Low' priority
[2026.09.16-07.15.46:949][177]LogShaderCompilers: Display: Worker (3/25): shaders left to compile 58
[2026.09.16-07.15.46:949][177]LogShaderCompilers: Display: Started 3 'Local' shader compile jobs with 'Low' priority
[2026.09.16-07.15.47:030][182]LogShaderCompilers: Display: Worker (1/25): shaders left to compile 55
[2026.09.16-07.15.47:030][182]LogShaderCompilers: Display: Started 3 'Local' shader compile jobs with 'Low' priority
[2026.09.16-07.15.47:086][185]LogShaderCompilers: Display: Worker (6/25): shaders left to compile 52
[2026.09.16-07.15.47:086][185]LogShaderCompilers: Display: Started 3 'Local' shader compile jobs with 'Low' priority
[2026.09.16-07.15.47:416][203]LogShaderCompilers: Display: Worker (20/25): shaders left to compile 49
[2026.09.16-07.15.47:416][203]LogShaderCompilers: Display: Started 3 'Local' shader compile jobs with 'Low' priority
[2026.09.16-07.15.47:416][203]LogShaderCompilers: Display: Worker (2/25): shaders left to compile 46
[2026.09.16-07.15.47:416][203]LogShaderCompilers: Display: Worker (9/25): shaders left to compile 44
[2026.09.16-07.15.47:416][203]LogShaderCompilers: Display: Started 4 'Local' shader compile jobs with 'Low' priority
[2026.09.16-07.15.47:521][209]LogShaderCompilers: Display: Worker (23/25): shaders left to compile 42
[2026.09.16-07.15.47:521][209]LogShaderCompilers: Display: Started 2 'Local' shader compile jobs with 'Low' priority
[2026.09.16-07.15.47:575][210]LogShaderCompilers: Display: Worker (22/25): shaders left to compile 40
[2026.09.16-07.15.47:575][210]LogShaderCompilers: Display: Started 2 'Local' shader compile jobs with 'Low' priority
[2026.09.16-07.15.47:592][210]LogShaderCompilers: Display: Worker (15/25): shaders left to compile 38
[2026.09.16-07.15.47:592][210]LogShaderCompilers: Display: Started 2 'Local' shader compile jobs with 'Low' priority
[2026.09.16-07.15.47:659][212]LogShaderCompilers: Display: Worker (14/25): shaders left to compile 36
[2026.09.16-07.15.47:659][212]LogShaderCompilers: Display: Started 2 'Local' shader compile jobs with 'Low' priority
[2026.09.16-07.15.47:667][213]LogShaderCompilers: Display: Worker (5/25): shaders left to compile 34
[2026.09.16-07.15.47:667][213]LogShaderCompilers: Display: Started 2 'Local' shader compile jobs with 'Low' priority
[2026.09.16-07.15.47:750][217]LogShaderCompilers: Display: Worker (13/25): shaders left to compile 32
[2026.09.16-07.15.47:750][217]LogShaderCompilers: Display: Started 2 'Local' shader compile jobs with 'Low' priority
[2026.09.16-07.15.47:896][226]LogShaderCompilers: Display: Worker (4/25): shaders left to compile 30
[2026.09.16-07.15.47:896][226]LogShaderCompilers: Display: Started 2 'Local' shader compile jobs with 'Low' priority
[2026.09.16-07.15.47:938][228]LogShaderCompilers: Display: Worker (7/25): shaders left to compile 28
[2026.09.16-07.15.47:938][228]LogShaderCompilers: Display: Started 2 'Local' shader compile jobs with 'Low' priority
[2026.09.16-07.15.47:982][231]LogShaderCompilers: Display: Worker (17/25): shaders left to compile 26
[2026.09.16-07.15.47:982][231]LogShaderCompilers: Display: Started 2 'Local' shader compile jobs with 'Low' priority
[2026.09.16-07.15.48:103][238]LogShaderCompilers: Display: Worker (24/25): shaders left to compile 24
[2026.09.16-07.15.48:103][238]LogShaderCompilers: Display: Started 2 'Local' shader compile jobs with 'Low' priority
[2026.09.16-07.15.48:145][240]LogShaderCompilers: Display: Worker (16/25): shaders left to compile 22
[2026.09.16-07.15.48:145][240]LogShaderCompilers: Display: Started 1 'Local' shader compile jobs with 'Low' priority
[2026.09.16-07.15.48:169][242]LogShaderCompilers: Display: Worker (15/25): shaders left to compile 21
[2026.09.16-07.15.48:170][242]LogShaderCompilers: Display: Started 1 'Local' shader compile jobs with 'Low' priority
[2026.09.16-07.15.48:238][246]LogShaderCompilers: Display: Worker (6/25): shaders left to compile 20
[2026.09.16-07.15.48:238][246]LogShaderCompilers: Display: Started 1 'Local' shader compile jobs with 'Low' priority
[2026.09.16-07.15.48:320][249]LogShaderCompilers: Display: Worker (18/25): shaders left to compile 19
[2026.09.16-07.15.48:320][249]LogShaderCompilers: Display: Started 1 'Local' shader compile jobs with 'Low' priority
[2026.09.16-07.15.48:338][249]LogShaderCompilers: Display: Worker (7/25): shaders left to compile 18
[2026.09.16-07.15.48:338][249]LogShaderCompilers: Display: Worker (11/25): shaders left to compile 17
[2026.09.16-07.15.48:338][249]LogShaderCompilers: Display: Started 2 'Local' shader compile jobs with 'Low' priority
[2026.09.16-07.15.48:338][249]LogShaderCompilers: Display: Worker (3/25): shaders left to compile 16
[2026.09.16-07.15.48:338][249]LogShaderCompilers: Display: Started 1 'Local' shader compile jobs with 'Low' priority
[2026.09.16-07.15.48:367][250]LogShaderCompilers: Display: Worker (14/25): shaders left to compile 15
[2026.09.16-07.15.48:367][250]LogShaderCompilers: Display: Started 1 'Local' shader compile jobs with 'Low' priority
[2026.09.16-07.15.48:414][252]LogShaderCompilers: Display: Worker (2/25): shaders left to compile 14
[2026.09.16-07.15.48:414][252]LogShaderCompilers: Display: Worker (21/25): shaders left to compile 13
[2026.09.16-07.15.48:414][252]LogShaderCompilers: Display: Started 2 'Local' shader compile jobs with 'Low' priority
[2026.09.16-07.15.48:419][252]LogShaderCompilers: Display: Worker (6/25): shaders left to compile 12
[2026.09.16-07.15.48:419][252]LogShaderCompilers: Display: Worker (10/25): shaders left to compile 11
[2026.09.16-07.15.48:419][252]LogShaderCompilers: Display: Worker (16/25): shaders left to compile 10
[2026.09.16-07.15.48:419][252]LogShaderCompilers: Display: Worker (20/25): shaders left to compile 9
[2026.09.16-07.15.48:419][252]LogShaderCompilers: Display: Started 4 'Local' shader compile jobs with 'Low' priority
[2026.09.16-07.15.48:446][253]LogShaderCompilers: Display: Worker (5/25): shaders left to compile 8
[2026.09.16-07.15.48:446][253]LogShaderCompilers: Display: Worker (9/25): shaders left to compile 7
[2026.09.16-07.15.48:446][253]LogShaderCompilers: Display: Started 2 'Local' shader compile jobs with 'Low' priority
[2026.09.16-07.15.48:580][260]LogShaderCompilers: Display: Worker (12/25): shaders left to compile 6
[2026.09.16-07.15.48:580][260]LogShaderCompilers: Display: Started 1 'Local' shader compile jobs with 'Low' priority
[2026.09.16-07.15.48:618][260]LogShaderCompilers: Display: Worker (11/25): shaders left to compile 5
[2026.09.16-07.15.48:618][260]LogShaderCompilers: Display: Worker (18/25): shaders left to compile 4
[2026.09.16-07.15.48:618][260]LogShaderCompilers: Display: Started 2 'Local' shader compile jobs with 'Low' priority
[2026.09.16-07.15.48:706][265]LogShaderCompilers: Display: Worker (8/25): shaders left to compile 3
[2026.09.16-07.15.48:706][265]LogShaderCompilers: Display: Started 1 'Local' shader compile jobs with 'Low' priority
[2026.09.16-07.15.48:769][267]LogShaderCompilers: Display: Worker (14/25): shaders left to compile 2
[2026.09.16-07.15.48:769][267]LogShaderCompilers: Display: Worker (21/25): shaders left to compile 1
[2026.09.16-07.15.48:769][267]LogShaderCompilers: Display: Started 2 'Local' shader compile jobs with 'Low' priority
[2026.09.16-07.15.50:151][347]Cmd: TRANSACTION UNDO
[2026.09.16-07.15.50:151][347]LogEditorTransaction: Undo Move Actors
[2026.09.16-07.15.50:155][347]LogGeometryMode: Warning: Unable to find 1 Edge(s) in new BSP
[2026.09.16-07.15.50:155][347]LogGeometryMode: Warning: Unable to resolve BoxBrush Brush in new BSP, see above
[2026.09.16-07.15.50:155][347]LogGeometryMode: Warning: Unable to find all previously selected geometry data, resetting selection
[2026.09.16-07.15.52:588][489]Cmd: TRANSACTION UNDO
[2026.09.16-07.15.52:588][489]LogEditorTransaction: Undo Move Actors
[2026.09.16-07.15.52:593][489]LogGeometryMode: Warning: Unable to find 1 Edge(s) in new BSP
[2026.09.16-07.15.52:593][489]LogGeometryMode: Warning: Unable to resolve BoxBrush Brush in new BSP, see above
[2026.09.16-07.15.52:593][489]LogGeometryMode: Warning: Unable to find all previously selected geometry data, resetting selection
[2026.09.16-07.15.54:102][579]LogEditorViewport: Clicking on Actor (double click): StaticMeshActor (Floor2)
[2026.09.16-07.16.00:987][988]Cmd: TRANSACTION UNDO
[2026.09.16-07.16.00:987][988]LogEditorTransaction: Undo Move Actors
[2026.09.16-07.16.00:990][988]LogGeometryMode: Warning: Unable to find 1 Poly(s) in new BSP
[2026.09.16-07.16.00:990][988]LogGeometryMode: Warning: Unable to resolve BoxBrush Brush in new BSP, see above
[2026.09.16-07.16.00:990][988]LogGeometryMode: Warning: Unable to find all previously selected geometry data, resetting selection
[2026.09.16-07.16.01:346][  3]Cmd: TRANSACTION UNDO
[2026.09.16-07.16.01:346][  3]LogEditorTransaction: Undo Move Actors
[2026.09.16-07.16.01:349][  3]LogGeometryMode: Warning: Unable to find 1 Poly(s) in new BSP
[2026.09.16-07.16.01:349][  3]LogGeometryMode: Warning: Unable to resolve BoxBrush Brush in new BSP, see above
[2026.09.16-07.16.01:349][  3]LogGeometryMode: Warning: Unable to find all previously selected geometry data, resetting selection
[2026.09.16-07.16.01:800][ 26]Cmd: CAMERA ALIGN ACTIVEVIEWPORTONLY
[2026.09.16-07.16.03:185][109]Cmd: CAMERA ALIGN ACTIVEVIEWPORTONLY
[2026.09.16-07.16.06:224][291]LogEditorViewport: Clicking on Actor (LMB): StaticMeshActor (Floor)
[2026.09.16-07.16.11:345][597]LogTemp: Repeating last play command: Selected Viewport
[2026.09.16-07.16.11:351][597]LogPlayLevel: PlayLevel: No blueprints needed recompiling
[2026.09.16-07.16.11:351][597]PIE: New page: PIE session: V2 (Sep 16, 2026, 11:16:11 PM)
[2026.09.16-07.16.11:380][597]LogPlayLevel: Creating play world package: /Game/FirstPersonBP/Maps/UEDPIE_0_V2
[2026.09.16-07.16.11:392][597]LogPlayLevel: PIE: StaticDuplicateObject took: (0.011613s)
[2026.09.16-07.16.11:393][597]LogAIModule: Creating AISystem for world V2
[2026.09.16-07.16.11:393][597]LogPlayLevel: PIE: World Init took: (0.000770s)
[2026.09.16-07.16.11:393][597]LogPlayLevel: PIE: Created PIE world by copying editor world from /Game/FirstPersonBP/Maps/V2.V2 to /Game/FirstPersonBP/Maps/UEDPIE_0_V2.V2 (0.012549s)
[2026.09.16-07.16.11:406][597]LogUObjectHash: Compacting FUObjectHashTables data took   0.68ms
[2026.09.16-07.16.11:409][597]LogAudio: Display: Creating Audio Device:                 Id: 8, Scope: Unique, Realtime: True
[2026.09.16-07.16.11:409][597]LogAudioMixer: Display: Audio Mixer Platform Settings:
[2026.09.16-07.16.11:409][597]LogAudioMixer: Display: 	Sample Rate:						  48000
[2026.09.16-07.16.11:409][597]LogAudioMixer: Display: 	Callback Buffer Frame Size Requested: 1024
[2026.09.16-07.16.11:409][597]LogAudioMixer: Display: 	Callback Buffer Frame Size To Use:	  1024
[2026.09.16-07.16.11:409][597]LogAudioMixer: Display: 	Number of buffers to queue:			  2
[2026.09.16-07.16.11:409][597]LogAudioMixer: Display: 	Max Channels (voices):				  32
[2026.09.16-07.16.11:409][597]LogAudioMixer: Display: 	Number of Async Source Workers:		  0
[2026.09.16-07.16.11:409][597]LogAudio: Display: AudioDevice MaxSources: 32
[2026.09.16-07.16.11:410][597]LogAudio: Display: Audio Spatialization Plugin: None (built-in).
[2026.09.16-07.16.11:410][597]LogAudio: Display: Audio Reverb Plugin: None (built-in).
[2026.09.16-07.16.11:410][597]LogAudio: Display: Audio Occlusion Plugin: None (built-in).
[2026.09.16-07.16.11:410][597]LogAudioMixer: Display: Initializing audio mixer.
[2026.09.16-07.16.11:412][597]LogAudioMixer: Display: 0: FrontLeft
[2026.09.16-07.16.11:412][597]LogAudioMixer: Display: 1: FrontRight
[2026.09.16-07.16.11:425][597]LogAudioMixer: Display: Using Audio Device Headphones (Intel® Smart Sound Technology for Bluetooth® Audio)
[2026.09.16-07.16.11:425][597]LogAudioMixer: Display: Initializing Sound Submixes...
[2026.09.16-07.16.11:425][597]LogAudioMixer: Display: Creating Master Submix 'MasterSubmixDefault'
[2026.09.16-07.16.11:425][597]LogAudioMixer: Display: Creating Master Submix 'MasterReverbSubmixDefault'
[2026.09.16-07.16.11:425][597]LogAudioMixer: Display: Creating Master Submix 'MasterEQSubmixDefault'
[2026.09.16-07.16.11:425][597]LogAudioMixer: FMixerPlatformXAudio2::StartAudioStream() called
[2026.09.16-07.16.11:425][597]LogAudioMixer: Display: Output buffers initialized: Frames=1024, Channels=2, Samples=2048
[2026.09.16-07.16.11:426][597]LogAudioMixer: Display: Starting AudioMixerPlatformInterface::RunInternal()
[2026.09.16-07.16.11:426][597]LogAudioMixer: Display: FMixerPlatformXAudio2::SubmitBuffer() called for the first time
[2026.09.16-07.16.11:426][597]LogInit: FAudioDevice initialized.
[2026.09.16-07.16.11:426][597]LogAudio: Display: Audio Device (ID: 8) registered with world 'V2'.
[2026.09.16-07.16.11:433][597]LogLoad: Game class is 'FirstPersonGameMode_C'
[2026.09.16-07.16.11:436][597]LogWorld: Bringing World /Game/FirstPersonBP/Maps/UEDPIE_0_V2.V2 up for play (max tick rate 60) at 2026.09.16-15.16.11
[2026.09.16-07.16.11:436][597]LogWorld: Bringing up level for play took: 0.002789
[2026.09.16-07.16.11:436][597]LogOnline: OSS: Creating online subsystem instance for: :Context_9
[2026.09.16-07.16.11:438][597]PIE: Server logged in
[2026.09.16-07.16.11:438][597]PIE: Play in editor total start time 0.089 seconds.
[2026.09.16-07.16.19:941][104]LogSlate: Updating window title bar state: overlay mode, drag disabled, window buttons hidden, title bar hidden
[2026.09.16-07.16.19:941][104]LogWorld: BeginTearingDown for /Game/FirstPersonBP/Maps/UEDPIE_0_V2
[2026.09.16-07.16.19:941][104]LogWorld: UWorld::CleanupWorld for V2, bSessionEnded=true, bCleanupResources=true
[2026.09.16-07.16.19:941][104]LogSlate: InvalidateAllWidgets triggered.  All widgets were invalidated
[2026.09.16-07.16.19:961][104]LogPlayLevel: Display: Shutting down PIE online subsystems
[2026.09.16-07.16.19:969][104]LogSlate: InvalidateAllWidgets triggered.  All widgets were invalidated
[2026.09.16-07.16.19:971][104]LogAudio: Display: Audio Device unregistered from world 'None'.
[2026.09.16-07.16.19:972][104]LogAudioMixer: FMixerPlatformXAudio2::StopAudioStream() called
[2026.09.16-07.16.19:973][104]LogAudioMixer: FMixerPlatformXAudio2::StopAudioStream() called
[2026.09.16-07.16.19:974][104]LogSlate: Updating window title bar state: overlay mode, drag disabled, window buttons hidden, title bar hidden
[2026.09.16-07.16.19:976][104]LogUObjectHash: Compacting FUObjectHashTables data took   0.45ms
[2026.09.16-07.16.20:016][106]LogPlayLevel: Display: Destroying online subsystem :Context_9
[2026.09.16-07.21.38:429][204]LogUObjectHash: Compacting FUObjectHashTables data took   0.53ms
[2026.09.16-07.21.38:432][204]Cmd: OBJ SAVEPACKAGE PACKAGE="/Game/FirstPersonBP/Maps/V2" FILE="D:/inGGIT/SteelEnclo_LD_BO/MyProject/Saved/Autosaves/Game/FirstPersonBP/Maps/V2_Auto6.umap" SILENT=true AUTOSAVING=true KEEPDIRTY=false
[2026.09.16-07.21.38:465][204]LogSavePackage: Moving 'D:/inGGIT/SteelEnclo_LD_BO/MyProject/Saved/V2_Auto6BCFAA5BD4F75D6683588F6B75C78873D.tmp' to 'D:/inGGIT/SteelEnclo_LD_BO/MyProject/Saved/Autosaves/Game/FirstPersonBP/Maps/V2_Auto6.umap'
[2026.09.16-07.21.38:466][204]LogFileHelpers: Editor autosave (incl. external actors) for '/Game/FirstPersonBP/Maps/V2' took 0.041
[2026.09.16-07.21.38:466][204]LogFileHelpers: Editor autosave (incl. sublevels & external actors) for all levels took 0.041
[2026.09.16-07.59.17:700][457]LogHttp: Warning: 000001E45CCC4800: invalid HTTP response code received. URL: https://datarouter.ol.epicgames.com/datarouter/api/v1/public/data?SessionID=%7B47E8AD90-409E-809F-FDEC-70B26DD42A16%7D&AppID=UEEditor.Rocket.Release&AppVersion=4.27.2-18319896%2B%2B%2BUE4%2BRelease-4.27&UserID=de22c3ba43decee7743c7b82d2bba046%7C74750d08f8da47ffa3cb3b6fa054bc8a%7C80cb520e-b2d7-4b07-b694-d314960107a6&AppEnvironment=datacollector-binary&UploadType=eteventstream, HTTP code: 0, content length: 0, actual payload size: 0
[2026.09.16-07.59.17:701][457]LogHttp: Warning: 000001E45CCC4800: request failed, libcurl error: 0 (No error)
[2026.09.16-07.59.17:701][457]LogHttp: Warning: 000001E45CCC4800: libcurl info message cache 0 (Found bundle for host datarouter.ol.epicgames.com: 0x1e46863bbe0 [can pipeline])
[2026.09.16-07.59.17:701][457]LogHttp: Warning: 000001E45CCC4800: libcurl info message cache 1 (Re-using existing connection! (#3) with host datarouter.ol.epicgames.com)
[2026.09.16-07.59.17:701][457]LogHttp: Warning: 000001E45CCC4800: libcurl info message cache 2 (Connected to datarouter.ol.epicgames.com (44.217.49.81) port 443 (#3))
[2026.09.16-07.59.17:701][457]LogHttp: Warning: 000001E45CCC4800: libcurl info message cache 3 (TLSv1.3 (OUT), TLS Unknown, Unknown (23):)
[2026.09.16-07.59.17:701][457]LogHttp: Warning: 000001E45CCC4800: libcurl info message cache 4 (TLSv1.3 (OUT), TLS Unknown, Unknown (23):)
[2026.09.16-07.59.17:701][457]LogHttp: Warning: 000001E45CCC4800: libcurl info message cache 5 (We are completely uploaded and fine)
[2026.09.16-07.59.17:701][457]LogHttp: Warning: 000001E45CCC4800: libcurl info message cache 6 (TLSv1.3 (IN), TLS Unknown, Unknown (21):)
[2026.09.16-07.59.17:701][457]LogHttp: Warning: 000001E45CCC4800: libcurl info message cache 7 (TLSv1.3 (IN), TLS alert, Client hello (1):)
[2026.09.16-07.59.17:701][457]LogHttp: Warning: 000001E45CCC4800: libcurl info message cache 8 (Connection died, retrying a fresh connect)
[2026.09.16-07.59.17:701][457]LogHttp: Warning: 000001E45CCC4800: libcurl info message cache 9 (necessary data rewind wasn't possible)
[2026.09.16-07.59.17:701][457]LogHttp: Warning: 000001E45CCC4800: libcurl info message cache 10 (Closing connection 3)
[2026.09.16-07.59.17:701][457]LogHttp: Warning: 000001E45CCC4800: libcurl info message cache 11 (TLSv1.3 (OUT), TLS Unknown, Unknown (21):)
[2026.09.16-07.59.17:701][457]LogHttp: Warning: 000001E45CCC4800: libcurl info message cache 12 (TLSv1.3 (OUT), TLS alert, Client hello (1):)
[2026.09.16-07.59.18:039][458]LogHttp: Warning: Retry exhausted on https://datarouter.ol.epicgames.com/datarouter/api/v1/public/data?SessionID=%7B47E8AD90-409E-809F-FDEC-70B26DD42A16%7D&AppID=UEEditor.Rocket.Release&AppVersion=4.27.2-18319896%2B%2B%2BUE4%2BRelease-4.27&UserID=de22c3ba43decee7743c7b82d2bba046%7C74750d08f8da47ffa3cb3b6fa054bc8a%7C80cb520e-b2d7-4b07-b694-d314960107a6&AppEnvironment=datacollector-binary&UploadType=eteventstream
[2026.09.16-10.09.23:196][147]LogEditorViewport: Clicking on Actor (LMB): BP_Sky_Sphere_C (SkySphereBlueprint)
[2026.09.16-10.09.23:604][152]LogEditorViewport: Clicking on Actor (LMB): BP_Sky_Sphere_C (SkySphereBlueprint)
[2026.09.16-10.35.55:334][571]LogAudioMixer: Warning: Changing default audio render device to new device: {0.0.0.00000000}.{8eb59ef9-967a-4ede-98c6-d0a594867419}.
[2026.09.16-10.35.55:337][571]LogAudioMixer: Resetting audio stream to device id 
[2026.09.16-10.35.55:373][571]LogAudioMixer: Display: 0: FrontLeft
[2026.09.16-10.35.55:373][571]LogAudioMixer: Display: 1: FrontRight
[2026.09.16-10.44.25:790][ 94]LogAudioMixer: Warning: Changing default audio render device to new device: {0.0.0.00000000}.{0c5d3142-0e59-47f6-ae8e-24a4519bdc78}.
[2026.09.16-10.44.25:790][ 94]LogAudioMixer: Resetting audio stream to device id 
[2026.09.16-10.44.25:814][ 94]LogAudioMixer: Display: 0: FrontLeft
[2026.09.16-10.44.25:814][ 94]LogAudioMixer: Display: 1: FrontRight
[2026.09.16-10.59.26:598][778]LogAudioMixer: Warning: Changing default audio render device to new device: {0.0.0.00000000}.{8eb59ef9-967a-4ede-98c6-d0a594867419}.
[2026.09.16-10.59.26:598][778]LogAudioMixer: Resetting audio stream to device id 
[2026.09.16-10.59.26:639][778]LogAudioMixer: Display: 0: FrontLeft
[2026.09.16-10.59.26:639][778]LogAudioMixer: Display: 1: FrontRight
[2026.09.16-11.36.31:663][411]LogAudioMixer: Warning: Changing default audio render device to new device: {0.0.0.00000000}.{0c5d3142-0e59-47f6-ae8e-24a4519bdc78}.
[2026.09.16-11.36.31:663][411]LogAudioMixer: Resetting audio stream to device id 
[2026.09.16-11.36.31:680][411]LogAudioMixer: Display: 0: FrontLeft
[2026.09.16-11.36.31:680][411]LogAudioMixer: Display: 1: FrontRight
[2026.09.16-12.05.40:418][919]LogAudioMixer: Warning: Changing default audio render device to new device: {0.0.0.00000000}.{8eb59ef9-967a-4ede-98c6-d0a594867419}.
[2026.09.16-12.05.40:418][919]LogAudioMixer: Resetting audio stream to device id 
[2026.09.16-12.05.40:426][919]LogAudioMixer: Display: 0: FrontLeft
[2026.09.16-12.05.40:426][919]LogAudioMixer: Display: 1: FrontRight
[2026.09.16-12.05.42:533][924]LogAudioMixer: Warning: Changing default audio render device to new device: {0.0.0.00000000}.{0c5d3142-0e59-47f6-ae8e-24a4519bdc78}.
[2026.09.16-12.05.42:533][924]LogAudioMixer: Resetting audio stream to device id 
[2026.09.16-12.05.42:543][924]LogAudioMixer: Display: 0: FrontLeft
[2026.09.16-12.05.42:544][924]LogAudioMixer: Display: 1: FrontRight
[2026.09.16-12.25.41:844][657]LogTemp: Repeating last play command: Selected Viewport
[2026.09.16-12.25.41:890][657]LogPlayLevel: PlayLevel: No blueprints needed recompiling
[2026.09.16-12.25.41:895][657]PIE: New page: PIE session: V2 (Sep 17, 2026, 4:25:41 AM)
[2026.09.16-12.25.41:901][657]LogPlayLevel: Creating play world package: /Game/FirstPersonBP/Maps/UEDPIE_0_V2
[2026.09.16-12.25.42:053][657]LogPlayLevel: PIE: StaticDuplicateObject took: (0.147867s)
[2026.09.16-12.25.42:087][657]LogAIModule: Creating AISystem for world V2
[2026.09.16-12.25.42:098][657]LogPlayLevel: PIE: World Init took: (0.045286s)
[2026.09.16-12.25.42:099][657]LogPlayLevel: PIE: Created PIE world by copying editor world from /Game/FirstPersonBP/Maps/V2.V2 to /Game/FirstPersonBP/Maps/UEDPIE_0_V2.V2 (0.196355s)
[2026.09.16-12.25.42:159][657]LogUObjectHash: Compacting FUObjectHashTables data took   2.87ms
[2026.09.16-12.25.42:181][657]LogAudio: Display: Creating Audio Device:                 Id: 9, Scope: Unique, Realtime: True
[2026.09.16-12.25.42:182][657]LogAudioMixer: Display: Audio Mixer Platform Settings:
[2026.09.16-12.25.42:182][657]LogAudioMixer: Display: 	Sample Rate:						  48000
[2026.09.16-12.25.42:182][657]LogAudioMixer: Display: 	Callback Buffer Frame Size Requested: 1024
[2026.09.16-12.25.42:182][657]LogAudioMixer: Display: 	Callback Buffer Frame Size To Use:	  1024
[2026.09.16-12.25.42:182][657]LogAudioMixer: Display: 	Number of buffers to queue:			  2
[2026.09.16-12.25.42:182][657]LogAudioMixer: Display: 	Max Channels (voices):				  32
[2026.09.16-12.25.42:182][657]LogAudioMixer: Display: 	Number of Async Source Workers:		  0
[2026.09.16-12.25.42:182][657]LogAudio: Display: AudioDevice MaxSources: 32
[2026.09.16-12.25.42:185][657]LogAudio: Display: Audio Spatialization Plugin: None (built-in).
[2026.09.16-12.25.42:185][657]LogAudio: Display: Audio Reverb Plugin: None (built-in).
[2026.09.16-12.25.42:185][657]LogAudio: Display: Audio Occlusion Plugin: None (built-in).
[2026.09.16-12.25.42:185][657]LogAudioMixer: Display: Initializing audio mixer.
[2026.09.16-12.25.42:192][657]LogAudioMixer: Display: 0: FrontLeft
[2026.09.16-12.25.42:192][657]LogAudioMixer: Display: 1: FrontRight
[2026.09.16-12.25.42:206][657]LogAudioMixer: Display: Using Audio Device Headphones (Intel® Smart Sound Technology for Bluetooth® Audio)
[2026.09.16-12.25.42:213][657]LogAudioMixer: Display: Initializing Sound Submixes...
[2026.09.16-12.25.42:213][657]LogAudioMixer: Display: Creating Master Submix 'MasterSubmixDefault'
[2026.09.16-12.25.42:213][657]LogAudioMixer: Display: Creating Master Submix 'MasterReverbSubmixDefault'
[2026.09.16-12.25.42:218][657]LogAudioMixer: Display: Creating Master Submix 'MasterEQSubmixDefault'
[2026.09.16-12.25.42:218][657]LogAudioMixer: FMixerPlatformXAudio2::StartAudioStream() called
[2026.09.16-12.25.42:218][657]LogAudioMixer: Display: Output buffers initialized: Frames=1024, Channels=2, Samples=2048
[2026.09.16-12.25.42:221][657]LogAudioMixer: Display: Starting AudioMixerPlatformInterface::RunInternal()
[2026.09.16-12.25.42:221][657]LogAudioMixer: Display: FMixerPlatformXAudio2::SubmitBuffer() called for the first time
[2026.09.16-12.25.42:221][657]LogInit: FAudioDevice initialized.
[2026.09.16-12.25.42:221][657]LogAudio: Display: Audio Device (ID: 9) registered with world 'V2'.
[2026.09.16-12.25.42:248][657]LogLoad: Game class is 'FirstPersonGameMode_C'
[2026.09.16-12.25.42:276][657]LogWorld: Bringing World /Game/FirstPersonBP/Maps/UEDPIE_0_V2.V2 up for play (max tick rate 60) at 2026.09.16-20.25.42
[2026.09.16-12.25.42:277][657]LogWorld: Bringing up level for play took: 0.025788
[2026.09.16-12.25.42:281][657]LogOnline: OSS: Creating online subsystem instance for: :Context_10
[2026.09.16-12.25.42:297][657]PIE: Server logged in
[2026.09.16-12.25.42:298][657]PIE: Play in editor total start time 0.414 seconds.
[2026.09.16-12.25.46:341][894]LogSlate: Updating window title bar state: overlay mode, drag disabled, window buttons hidden, title bar hidden
[2026.09.16-12.25.46:341][894]LogWorld: BeginTearingDown for /Game/FirstPersonBP/Maps/UEDPIE_0_V2
[2026.09.16-12.25.46:345][894]LogWorld: UWorld::CleanupWorld for V2, bSessionEnded=true, bCleanupResources=true
[2026.09.16-12.25.46:346][894]LogSlate: InvalidateAllWidgets triggered.  All widgets were invalidated
[2026.09.16-12.25.46:357][894]LogPlayLevel: Display: Shutting down PIE online subsystems
[2026.09.16-12.25.46:365][894]LogSlate: InvalidateAllWidgets triggered.  All widgets were invalidated
[2026.09.16-12.25.46:371][894]LogAudio: Display: Audio Device unregistered from world 'None'.
[2026.09.16-12.25.46:374][894]LogAudioMixer: FMixerPlatformXAudio2::StopAudioStream() called
[2026.09.16-12.25.46:375][894]LogAudioMixer: FMixerPlatformXAudio2::StopAudioStream() called
[2026.09.16-12.25.46:376][894]LogSlate: Updating window title bar state: overlay mode, drag disabled, window buttons hidden, title bar hidden
[2026.09.16-12.25.46:381][894]LogUObjectHash: Compacting FUObjectHashTables data took   0.45ms
[2026.09.16-12.25.46:419][895]LogPlayLevel: Display: Destroying online subsystem :Context_10
[2026.09.16-12.25.49:258][ 64]LogEditorViewport: Clicking on Actor (LMB): StaticMeshActor (Floor2)
[2026.09.16-12.25.50:363][125]LogEditorViewport: Clicking on Actor (LMB): StaticMeshActor (Floor2)
[2026.09.16-12.25.50:890][156]LogEditorViewport: Clicking on Actor (LMB): StaticMeshActor (Floor2)
[2026.09.16-12.25.52:326][242]LogEditorViewport: Clicking on Actor (LMB): BP_Flicker_Red_C (BP_Flicker6)
[2026.09.16-12.25.52:988][280]Cmd: CAMERA ALIGN ACTIVEVIEWPORTONLY
[2026.09.16-12.25.55:826][449]Cmd: DELETE
[2026.09.16-12.25.55:826][449]Cmd: ACTOR DELETE
[2026.09.16-12.25.55:851][449]LogEditorActor: Deleted Actor: BP_Flicker_Red_C
[2026.09.16-12.25.55:854][449]LogEditorActor: Deleted Actor: StaticMeshActor
[2026.09.16-12.25.55:864][449]LogUObjectHash: Compacting FUObjectHashTables data took   1.05ms
[2026.09.16-12.25.55:868][449]LogEditorActor: Deleted 2 Actors (0.034 secs)
[2026.09.16-12.25.57:844][568]LogEditorViewport: Clicking on Actor (LMB): StaticMeshActor (Sphere11)
[2026.09.16-12.26.06:375][ 70]Cmd: DELETE
[2026.09.16-12.26.06:375][ 70]Cmd: ACTOR DELETE
[2026.09.16-12.26.06:380][ 70]LogEditorActor: Deleted Actor: StaticMeshActor
[2026.09.16-12.26.06:381][ 70]LogEditorActor: Deleted Actor: BP_Flicker_C
[2026.09.16-12.26.06:383][ 70]LogEditorActor: Deleted Actor: StaticMeshActor
[2026.09.16-12.26.06:384][ 70]LogEditorActor: Deleted Actor: StaticMeshActor
[2026.09.16-12.26.06:385][ 70]LogEditorActor: Deleted Actor: StaticMeshActor
[2026.09.16-12.26.06:391][ 70]LogUObjectHash: Compacting FUObjectHashTables data took   0.46ms
[2026.09.16-12.26.06:395][ 70]LogEditorActor: Deleted 5 Actors (0.020 secs)
[2026.09.16-12.26.08:338][187]LogEditorViewport: Clicking on Actor (LMB): StaticMeshActor (Sphere10)
[2026.09.16-12.26.11:135][352]Cmd: DELETE
[2026.09.16-12.26.11:136][352]Cmd: ACTOR DELETE
[2026.09.16-12.26.11:138][352]LogEditorActor: Deleted Actor: StaticMeshActor
[2026.09.16-12.26.11:138][352]LogEditorActor: Deleted Actor: StaticMeshActor
[2026.09.16-12.26.11:138][352]LogEditorActor: Deleted Actor: BP_Flicker_C
[2026.09.16-12.26.11:144][352]LogUObjectHash: Compacting FUObjectHashTables data took   0.33ms
[2026.09.16-12.26.11:146][352]LogEditorActor: Deleted 3 Actors (0.010 secs)
[2026.09.16-12.26.13:085][469]LogEditorViewport: Clicking on Actor (LMB): BP_Flicker_Red_C (BP_Flicker12)
[2026.09.16-12.26.13:726][507]Cmd: DELETE
[2026.09.16-12.26.13:726][507]Cmd: ACTOR DELETE
[2026.09.16-12.26.13:728][507]LogEditorActor: Deleted Actor: BP_Flicker_Red_C
[2026.09.16-12.26.13:734][507]LogUObjectHash: Compacting FUObjectHashTables data took   0.45ms
[2026.09.16-12.26.13:735][507]LogEditorActor: Deleted 1 Actors (0.009 secs)
[2026.09.16-12.26.48:808][607]LogUObjectHash: Compacting FUObjectHashTables data took   0.19ms
[2026.09.16-12.26.48:814][607]Cmd: OBJ SAVEPACKAGE PACKAGE="/Game/FirstPersonBP/Maps/V2" FILE="D:/inGGIT/SteelEnclo_LD_BO/MyProject/Saved/Autosaves/Game/FirstPersonBP/Maps/V2_Auto7.umap" SILENT=true AUTOSAVING=true KEEPDIRTY=false
[2026.09.16-12.26.48:845][607]LogSavePackage: Moving 'D:/inGGIT/SteelEnclo_LD_BO/MyProject/Saved/V2_Auto7C512FFBB4E41DB95E78D0DB4BF223F36.tmp' to 'D:/inGGIT/SteelEnclo_LD_BO/MyProject/Saved/Autosaves/Game/FirstPersonBP/Maps/V2_Auto7.umap'
[2026.09.16-12.26.48:848][607]LogFileHelpers: Editor autosave (incl. external actors) for '/Game/FirstPersonBP/Maps/V2' took 0.043
[2026.09.16-12.26.48:848][607]LogFileHelpers: Editor autosave (incl. sublevels & external actors) for all levels took 0.043
[2026.09.16-12.50.39:480][417]Cmd: BRUSH ADD SELECTNEWBRUSH
[2026.09.16-12.50.39:856][438]Cmd: CAMERA ALIGN ACTIVEVIEWPORTONLY
[2026.09.16-12.50.48:988][979]LogActorComponent: UnregisterComponent: (/Engine/Transient.SphereBrushComponent) Not registered. Aborting.
[2026.09.16-12.50.49:710][ 22]Cmd: CAMERA ALIGN ACTIVEVIEWPORTONLY
[2026.09.16-12.50.55:095][345]LogEditorViewport: Clicking on Actor (LMB): StaticMeshActor (Wall4)
[2026.09.16-12.50.55:512][369]Cmd: DELETE
[2026.09.16-12.50.55:512][369]Cmd: ACTOR DELETE
[2026.09.16-12.50.55:515][369]LogEditorActor: Deleted Actor: StaticMeshActor
[2026.09.16-12.50.55:519][369]LogUObjectHash: Compacting FUObjectHashTables data took   0.51ms
[2026.09.16-12.50.55:522][369]LogEditorActor: Deleted 1 Actors (0.009 secs)
[2026.09.16-12.50.57:237][471]Cmd: CAMERA ALIGN ACTIVEVIEWPORTONLY
[2026.09.16-12.50.58:280][533]Cmd: CAMERA ALIGN ACTIVEVIEWPORTONLY
[2026.09.16-12.51.00:597][671]Cmd: EDCALLBACK SURFPROPS
[2026.09.16-12.51.09:834][222]Cmd: CAMERA ALIGN ACTIVEVIEWPORTONLY
[2026.09.16-12.51.10:385][255]Cmd: CAMERA ALIGN ACTIVEVIEWPORTONLY
[2026.09.16-12.51.49:079][270]LogUObjectHash: Compacting FUObjectHashTables data took   0.66ms
[2026.09.16-12.51.49:082][270]Cmd: OBJ SAVEPACKAGE PACKAGE="/Game/FirstPersonBP/Maps/V2" FILE="D:/inGGIT/SteelEnclo_LD_BO/MyProject/Saved/Autosaves/Game/FirstPersonBP/Maps/V2_Auto8.umap" SILENT=true AUTOSAVING=true KEEPDIRTY=false
[2026.09.16-12.51.49:125][270]LogSavePackage: Moving 'D:/inGGIT/SteelEnclo_LD_BO/MyProject/Saved/V2_Auto825C427294086AF48F04806AF94C598BC.tmp' to 'D:/inGGIT/SteelEnclo_LD_BO/MyProject/Saved/Autosaves/Game/FirstPersonBP/Maps/V2_Auto8.umap'
[2026.09.16-12.51.49:127][270]LogFileHelpers: Editor autosave (incl. external actors) for '/Game/FirstPersonBP/Maps/V2' took 0.058
[2026.09.16-12.51.49:127][270]LogFileHelpers: Editor autosave (incl. sublevels & external actors) for all levels took 0.058
[2026.09.16-12.54.28:007][124]Cmd: TRANSACTION UNDO
[2026.09.16-12.54.28:008][124]LogEditorTransaction: Undo Move Actors
[2026.09.16-12.54.28:016][124]LogGeometryMode: Warning: Unable to find 1 Poly(s) in new BSP
[2026.09.16-12.54.28:016][124]LogGeometryMode: Warning: Unable to resolve BoxBrush3 Brush in new BSP, see above
[2026.09.16-12.54.28:016][124]LogGeometryMode: Warning: Unable to find all previously selected geometry data, resetting selection
[2026.09.16-12.54.46:855][245]LogEditorViewport: Clicking on Actor (LMB): BP_Sky_Sphere_C (SkySphereBlueprint)
[2026.09.16-12.54.50:801][479]LogEditorViewport: Clicking on Actor (LMB): BP_Sky_Sphere_C (SkySphereBlueprint)
[2026.09.16-12.54.53:289][626]LogEditorViewport: Clicking on Actor (LMB): BP_Sky_Sphere_C (SkySphereBlueprint)
[2026.09.16-13.01.49:656][504]LogUObjectHash: Compacting FUObjectHashTables data took   0.62ms
[2026.09.16-13.01.49:661][504]Cmd: OBJ SAVEPACKAGE PACKAGE="/Game/FirstPersonBP/Maps/V2" FILE="D:/inGGIT/SteelEnclo_LD_BO/MyProject/Saved/Autosaves/Game/FirstPersonBP/Maps/V2_Auto9.umap" SILENT=true AUTOSAVING=true KEEPDIRTY=false
[2026.09.16-13.01.49:696][504]LogSavePackage: Moving 'D:/inGGIT/SteelEnclo_LD_BO/MyProject/Saved/V2_Auto917B2E4B3414C76AFE52833A77A95E96D.tmp' to 'D:/inGGIT/SteelEnclo_LD_BO/MyProject/Saved/Autosaves/Game/FirstPersonBP/Maps/V2_Auto9.umap'
[2026.09.16-13.01.49:697][504]LogFileHelpers: Editor autosave (incl. external actors) for '/Game/FirstPersonBP/Maps/V2' took 0.057
[2026.09.16-13.01.49:697][504]LogFileHelpers: Editor autosave (incl. sublevels & external actors) for all levels took 0.057
[2026.09.16-13.08.02:601][709]Cmd: CAMERA ALIGN ACTIVEVIEWPORTONLY
[2026.09.16-13.08.04:304][811]Cmd: TRANSACTION UNDO
[2026.09.16-13.08.04:304][811]LogEditorTransaction: Undo Clicking on Actors
[2026.09.16-13.08.04:763][837]Cmd: CAMERA ALIGN ACTIVEVIEWPORTONLY
[2026.09.16-13.08.06:918][966]LogEditorViewport: Clicking on Actor (LMB): StaticMeshActor (Wall2)
[2026.09.16-13.08.07:264][985]Cmd: CAMERA ALIGN ACTIVEVIEWPORTONLY
[2026.09.16-13.08.09:528][121]Cmd: DELETE
[2026.09.16-13.08.09:528][121]Cmd: ACTOR DELETE
[2026.09.16-13.08.09:531][121]LogEditorActor: Deleted Actor: StaticMeshActor
[2026.09.16-13.08.09:538][121]LogUObjectHash: Compacting FUObjectHashTables data took   0.32ms
[2026.09.16-13.08.09:540][121]LogEditorActor: Deleted 1 Actors (0.011 secs)
[2026.09.16-13.11.50:300][675]LogUObjectHash: Compacting FUObjectHashTables data took   0.48ms
[2026.09.16-13.11.50:303][675]Cmd: OBJ SAVEPACKAGE PACKAGE="/Game/FirstPersonBP/Maps/V2" FILE="D:/inGGIT/SteelEnclo_LD_BO/MyProject/Saved/Autosaves/Game/FirstPersonBP/Maps/V2_Auto0.umap" SILENT=true AUTOSAVING=true KEEPDIRTY=false
[2026.09.16-13.11.50:336][675]LogSavePackage: Moving 'D:/inGGIT/SteelEnclo_LD_BO/MyProject/Saved/V2_Auto0F82D59BC41BAD755C9349C9C263451ED.tmp' to 'D:/inGGIT/SteelEnclo_LD_BO/MyProject/Saved/Autosaves/Game/FirstPersonBP/Maps/V2_Auto0.umap'
[2026.09.16-13.11.50:337][675]LogFileHelpers: Editor autosave (incl. external actors) for '/Game/FirstPersonBP/Maps/V2' took 0.040
[2026.09.16-13.11.50:337][675]LogFileHelpers: Editor autosave (incl. sublevels & external actors) for all levels took 0.040
[2026.09.16-13.12.05:087][372]LogTemp: Repeating last play command: Selected Viewport
[2026.09.16-13.12.05:092][372]LogPlayLevel: PlayLevel: No blueprints needed recompiling
[2026.09.16-13.12.05:092][372]PIE: New page: PIE session: V2 (Sep 17, 2026, 5:12:05 AM)
[2026.09.16-13.12.05:092][372]LogPlayLevel: Creating play world package: /Game/FirstPersonBP/Maps/UEDPIE_0_V2
[2026.09.16-13.12.05:107][372]LogPlayLevel: PIE: StaticDuplicateObject took: (0.014994s)
[2026.09.16-13.12.05:108][372]LogAIModule: Creating AISystem for world V2
[2026.09.16-13.12.05:109][372]LogPlayLevel: PIE: World Init took: (0.002137s)
[2026.09.16-13.12.05:109][372]LogPlayLevel: PIE: Created PIE world by copying editor world from /Game/FirstPersonBP/Maps/V2.V2 to /Game/FirstPersonBP/Maps/UEDPIE_0_V2.V2 (0.017275s)
[2026.09.16-13.12.05:115][372]LogUObjectHash: Compacting FUObjectHashTables data took   0.70ms
[2026.09.16-13.12.05:117][372]LogAudio: Display: Creating Audio Device:                 Id: 10, Scope: Unique, Realtime: True
[2026.09.16-13.12.05:117][372]LogAudioMixer: Display: Audio Mixer Platform Settings:
[2026.09.16-13.12.05:117][372]LogAudioMixer: Display: 	Sample Rate:						  48000
[2026.09.16-13.12.05:117][372]LogAudioMixer: Display: 	Callback Buffer Frame Size Requested: 1024
[2026.09.16-13.12.05:117][372]LogAudioMixer: Display: 	Callback Buffer Frame Size To Use:	  1024
[2026.09.16-13.12.05:117][372]LogAudioMixer: Display: 	Number of buffers to queue:			  2
[2026.09.16-13.12.05:117][372]LogAudioMixer: Display: 	Max Channels (voices):				  32
[2026.09.16-13.12.05:117][372]LogAudioMixer: Display: 	Number of Async Source Workers:		  0
[2026.09.16-13.12.05:117][372]LogAudio: Display: AudioDevice MaxSources: 32
[2026.09.16-13.12.05:117][372]LogAudio: Display: Audio Spatialization Plugin: None (built-in).
[2026.09.16-13.12.05:117][372]LogAudio: Display: Audio Reverb Plugin: None (built-in).
[2026.09.16-13.12.05:117][372]LogAudio: Display: Audio Occlusion Plugin: None (built-in).
[2026.09.16-13.12.05:117][372]LogAudioMixer: Display: Initializing audio mixer.
[2026.09.16-13.12.05:120][372]LogAudioMixer: Display: 0: FrontLeft
[2026.09.16-13.12.05:120][372]LogAudioMixer: Display: 1: FrontRight
[2026.09.16-13.12.05:133][372]LogAudioMixer: Display: Using Audio Device Headphones (Intel® Smart Sound Technology for Bluetooth® Audio)
[2026.09.16-13.12.05:133][372]LogAudioMixer: Display: Initializing Sound Submixes...
[2026.09.16-13.12.05:133][372]LogAudioMixer: Display: Creating Master Submix 'MasterSubmixDefault'
[2026.09.16-13.12.05:133][372]LogAudioMixer: Display: Creating Master Submix 'MasterReverbSubmixDefault'
[2026.09.16-13.12.05:134][372]LogAudioMixer: Display: Creating Master Submix 'MasterEQSubmixDefault'
[2026.09.16-13.12.05:134][372]LogAudioMixer: FMixerPlatformXAudio2::StartAudioStream() called
[2026.09.16-13.12.05:134][372]LogAudioMixer: Display: Output buffers initialized: Frames=1024, Channels=2, Samples=2048
[2026.09.16-13.12.05:135][372]LogAudioMixer: Display: Starting AudioMixerPlatformInterface::RunInternal()
[2026.09.16-13.12.05:135][372]LogAudioMixer: Display: FMixerPlatformXAudio2::SubmitBuffer() called for the first time
[2026.09.16-13.12.05:135][372]LogInit: FAudioDevice initialized.
[2026.09.16-13.12.05:135][372]LogAudio: Display: Audio Device (ID: 10) registered with world 'V2'.
[2026.09.16-13.12.05:145][372]LogLoad: Game class is 'FirstPersonGameMode_C'
[2026.09.16-13.12.05:148][372]LogWorld: Bringing World /Game/FirstPersonBP/Maps/UEDPIE_0_V2.V2 up for play (max tick rate 60) at 2026.09.16-21.12.05
[2026.09.16-13.12.05:149][372]LogWorld: Bringing up level for play took: 0.002735
[2026.09.16-13.12.05:149][372]LogOnline: OSS: Creating online subsystem instance for: :Context_11
[2026.09.16-13.12.05:151][372]PIE: Server logged in
[2026.09.16-13.12.05:152][372]PIE: Play in editor total start time 0.06 seconds.
[2026.09.16-13.14.07:668][717]LogSlate: Updating window title bar state: overlay mode, drag disabled, window buttons hidden, title bar hidden
[2026.09.16-13.14.07:668][717]LogWorld: BeginTearingDown for /Game/FirstPersonBP/Maps/UEDPIE_0_V2
[2026.09.16-13.14.07:668][717]LogWorld: UWorld::CleanupWorld for V2, bSessionEnded=true, bCleanupResources=true
[2026.09.16-13.14.07:668][717]LogSlate: InvalidateAllWidgets triggered.  All widgets were invalidated
[2026.09.16-13.14.07:677][717]LogPlayLevel: Display: Shutting down PIE online subsystems
[2026.09.16-13.14.07:678][717]LogSlate: InvalidateAllWidgets triggered.  All widgets were invalidated
[2026.09.16-13.14.07:681][717]LogSlate: Updating window title bar state: overlay mode, drag disabled, window buttons hidden, title bar hidden
[2026.09.16-13.14.07:682][717]LogAudioMixer: FMixerPlatformXAudio2::StopAudioStream() called
[2026.09.16-13.14.07:684][717]LogAudioMixer: FMixerPlatformXAudio2::StopAudioStream() called
[2026.09.16-13.14.07:689][717]LogUObjectHash: Compacting FUObjectHashTables data took   0.43ms
[2026.09.16-13.14.07:757][721]LogPlayLevel: Display: Destroying online subsystem :Context_11
[2026.09.16-13.14.09:361][816]Cmd: CAMERA ALIGN ACTIVEVIEWPORTONLY
[2026.09.16-13.14.13:445][ 61]Cmd: MODE GRID=1
[2026.09.16-13.14.18:837][382]Cmd: TRANSACTION UNDO
[2026.09.16-13.14.18:837][382]LogEditorTransaction: Undo Move Actors
[2026.09.16-13.14.18:847][382]LogActorComponent: RegisterComponentWithWorld: (/Game/FirstPersonBP/Maps/V2.V2:PersistentLevel.BoxBrush_7.BrushComponent0) Trying to register component with IsPendingKill() == true. Aborting.
[2026.09.16-13.14.22:627][604]Cmd: CAMERA ALIGN ACTIVEVIEWPORTONLY
[2026.09.16-13.14.24:417][711]LogEditorViewport: Clicking on Actor (LMB): BP_Sky_Sphere_C (SkySphereBlueprint)
[2026.09.16-13.14.35:080][343]LogEditorViewport: Clicking on Actor (LMB): BP_Sky_Sphere_C (SkySphereBlueprint)
[2026.09.16-13.14.36:276][414]Cmd: CAMERA ALIGN ACTIVEVIEWPORTONLY
[2026.09.16-13.14.37:209][470]Cmd: TRANSACTION UNDO
[2026.09.16-13.14.37:209][470]LogEditorTransaction: Undo Clicking on Actors
[2026.09.16-13.14.37:438][483]Cmd: CAMERA ALIGN ACTIVEVIEWPORTONLY
[2026.09.16-13.14.40:472][661]LogTemp: Repeating last play command: Selected Viewport
[2026.09.16-13.14.40:476][661]LogPlayLevel: PlayLevel: No blueprints needed recompiling
[2026.09.16-13.14.40:476][661]PIE: New page: PIE session: V2 (Sep 17, 2026, 5:14:40 AM)
[2026.09.16-13.14.40:476][661]LogPlayLevel: Creating play world package: /Game/FirstPersonBP/Maps/UEDPIE_0_V2
[2026.09.16-13.14.40:489][661]LogPlayLevel: PIE: StaticDuplicateObject took: (0.012409s)
[2026.09.16-13.14.40:490][661]LogAIModule: Creating AISystem for world V2
[2026.09.16-13.14.40:490][661]LogPlayLevel: PIE: World Init took: (0.001289s)
[2026.09.16-13.14.40:490][661]LogPlayLevel: PIE: Created PIE world by copying editor world from /Game/FirstPersonBP/Maps/V2.V2 to /Game/FirstPersonBP/Maps/UEDPIE_0_V2.V2 (0.013851s)
[2026.09.16-13.14.40:496][661]LogUObjectHash: Compacting FUObjectHashTables data took   0.42ms
[2026.09.16-13.14.40:499][661]LogAudio: Display: Creating Audio Device:                 Id: 11, Scope: Unique, Realtime: True
[2026.09.16-13.14.40:499][661]LogAudioMixer: Display: Audio Mixer Platform Settings:
[2026.09.16-13.14.40:499][661]LogAudioMixer: Display: 	Sample Rate:						  48000
[2026.09.16-13.14.40:499][661]LogAudioMixer: Display: 	Callback Buffer Frame Size Requested: 1024
[2026.09.16-13.14.40:499][661]LogAudioMixer: Display: 	Callback Buffer Frame Size To Use:	  1024
[2026.09.16-13.14.40:499][661]LogAudioMixer: Display: 	Number of buffers to queue:			  2
[2026.09.16-13.14.40:499][661]LogAudioMixer: Display: 	Max Channels (voices):				  32
[2026.09.16-13.14.40:499][661]LogAudioMixer: Display: 	Number of Async Source Workers:		  0
[2026.09.16-13.14.40:499][661]LogAudio: Display: AudioDevice MaxSources: 32
[2026.09.16-13.14.40:499][661]LogAudio: Display: Audio Spatialization Plugin: None (built-in).
[2026.09.16-13.14.40:499][661]LogAudio: Display: Audio Reverb Plugin: None (built-in).
[2026.09.16-13.14.40:499][661]LogAudio: Display: Audio Occlusion Plugin: None (built-in).
[2026.09.16-13.14.40:499][661]LogAudioMixer: Display: Initializing audio mixer.
[2026.09.16-13.14.40:503][661]LogAudioMixer: Display: 0: FrontLeft
[2026.09.16-13.14.40:503][661]LogAudioMixer: Display: 1: FrontRight
[2026.09.16-13.14.40:515][661]LogAudioMixer: Display: Using Audio Device Headphones (Intel® Smart Sound Technology for Bluetooth® Audio)
[2026.09.16-13.14.40:515][661]LogAudioMixer: Display: Initializing Sound Submixes...
[2026.09.16-13.14.40:516][661]LogAudioMixer: Display: Creating Master Submix 'MasterSubmixDefault'
[2026.09.16-13.14.40:516][661]LogAudioMixer: Display: Creating Master Submix 'MasterReverbSubmixDefault'
[2026.09.16-13.14.40:517][661]LogAudioMixer: Display: Creating Master Submix 'MasterEQSubmixDefault'
[2026.09.16-13.14.40:517][661]LogAudioMixer: FMixerPlatformXAudio2::StartAudioStream() called
[2026.09.16-13.14.40:517][661]LogAudioMixer: Display: Output buffers initialized: Frames=1024, Channels=2, Samples=2048
[2026.09.16-13.14.40:518][661]LogAudioMixer: Display: Starting AudioMixerPlatformInterface::RunInternal()
[2026.09.16-13.14.40:518][661]LogAudioMixer: Display: FMixerPlatformXAudio2::SubmitBuffer() called for the first time
[2026.09.16-13.14.40:518][661]LogInit: FAudioDevice initialized.
[2026.09.16-13.14.40:518][661]LogAudio: Display: Audio Device (ID: 11) registered with world 'V2'.
[2026.09.16-13.14.40:523][661]LogLoad: Game class is 'FirstPersonGameMode_C'
[2026.09.16-13.14.40:526][661]LogWorld: Bringing World /Game/FirstPersonBP/Maps/UEDPIE_0_V2.V2 up for play (max tick rate 60) at 2026.09.16-21.14.40
[2026.09.16-13.14.40:526][661]LogWorld: Bringing up level for play took: 0.002520
[2026.09.16-13.14.40:526][661]LogOnline: OSS: Creating online subsystem instance for: :Context_12
[2026.09.16-13.14.40:528][661]PIE: Server logged in
[2026.09.16-13.14.40:528][661]PIE: Play in editor total start time 0.054 seconds.
[2026.09.16-13.14.49:758][212]LogSlate: Updating window title bar state: overlay mode, drag disabled, window buttons hidden, title bar hidden
[2026.09.16-13.14.49:758][212]LogWorld: BeginTearingDown for /Game/FirstPersonBP/Maps/UEDPIE_0_V2
[2026.09.16-13.14.49:758][212]LogWorld: UWorld::CleanupWorld for V2, bSessionEnded=true, bCleanupResources=true
[2026.09.16-13.14.49:758][212]LogSlate: InvalidateAllWidgets triggered.  All widgets were invalidated
[2026.09.16-13.14.49:769][212]LogPlayLevel: Display: Shutting down PIE online subsystems
[2026.09.16-13.14.49:776][212]LogSlate: InvalidateAllWidgets triggered.  All widgets were invalidated
[2026.09.16-13.14.49:780][212]LogSlate: Updating window title bar state: overlay mode, drag disabled, window buttons hidden, title bar hidden
[2026.09.16-13.14.49:780][212]LogAudioMixer: FMixerPlatformXAudio2::StopAudioStream() called
[2026.09.16-13.14.49:780][212]LogAudioMixer: FMixerPlatformXAudio2::StopAudioStream() called
[2026.09.16-13.14.49:783][212]LogUObjectHash: Compacting FUObjectHashTables data took   0.42ms
[2026.09.16-13.14.49:827][214]LogPlayLevel: Display: Destroying online subsystem :Context_12
[2026.09.16-13.14.51:672][324]Cmd: CAMERA ALIGN ACTIVEVIEWPORTONLY
[2026.09.16-13.14.58:389][726]LogTemp: Repeating last play command: Selected Viewport
[2026.09.16-13.14.58:391][726]LogPlayLevel: PlayLevel: No blueprints needed recompiling
[2026.09.16-13.14.58:391][726]PIE: New page: PIE session: V2 (Sep 17, 2026, 5:14:58 AM)
[2026.09.16-13.14.58:391][726]LogPlayLevel: Creating play world package: /Game/FirstPersonBP/Maps/UEDPIE_0_V2
[2026.09.16-13.14.58:403][726]LogPlayLevel: PIE: StaticDuplicateObject took: (0.011872s)
[2026.09.16-13.14.58:404][726]LogAIModule: Creating AISystem for world V2
[2026.09.16-13.14.58:404][726]LogPlayLevel: PIE: World Init took: (0.000723s)
[2026.09.16-13.14.58:404][726]LogPlayLevel: PIE: Created PIE world by copying editor world from /Game/FirstPersonBP/Maps/V2.V2 to /Game/FirstPersonBP/Maps/UEDPIE_0_V2.V2 (0.012718s)
[2026.09.16-13.14.58:409][726]LogUObjectHash: Compacting FUObjectHashTables data took   0.40ms
[2026.09.16-13.14.58:411][726]LogAudio: Display: Creating Audio Device:                 Id: 12, Scope: Unique, Realtime: True
[2026.09.16-13.14.58:411][726]LogAudioMixer: Display: Audio Mixer Platform Settings:
[2026.09.16-13.14.58:411][726]LogAudioMixer: Display: 	Sample Rate:						  48000
[2026.09.16-13.14.58:411][726]LogAudioMixer: Display: 	Callback Buffer Frame Size Requested: 1024
[2026.09.16-13.14.58:411][726]LogAudioMixer: Display: 	Callback Buffer Frame Size To Use:	  1024
[2026.09.16-13.14.58:411][726]LogAudioMixer: Display: 	Number of buffers to queue:			  2
[2026.09.16-13.14.58:411][726]LogAudioMixer: Display: 	Max Channels (voices):				  32
[2026.09.16-13.14.58:411][726]LogAudioMixer: Display: 	Number of Async Source Workers:		  0
[2026.09.16-13.14.58:411][726]LogAudio: Display: AudioDevice MaxSources: 32
[2026.09.16-13.14.58:411][726]LogAudio: Display: Audio Spatialization Plugin: None (built-in).
[2026.09.16-13.14.58:411][726]LogAudio: Display: Audio Reverb Plugin: None (built-in).
[2026.09.16-13.14.58:411][726]LogAudio: Display: Audio Occlusion Plugin: None (built-in).
[2026.09.16-13.14.58:411][726]LogAudioMixer: Display: Initializing audio mixer.
[2026.09.16-13.14.58:415][726]LogAudioMixer: Display: 0: FrontLeft
[2026.09.16-13.14.58:415][726]LogAudioMixer: Display: 1: FrontRight
[2026.09.16-13.14.58:425][726]LogAudioMixer: Display: Using Audio Device Headphones (Intel® Smart Sound Technology for Bluetooth® Audio)
[2026.09.16-13.14.58:425][726]LogAudioMixer: Display: Initializing Sound Submixes...
[2026.09.16-13.14.58:426][726]LogAudioMixer: Display: Creating Master Submix 'MasterSubmixDefault'
[2026.09.16-13.14.58:426][726]LogAudioMixer: Display: Creating Master Submix 'MasterReverbSubmixDefault'
[2026.09.16-13.14.58:426][726]LogAudioMixer: Display: Creating Master Submix 'MasterEQSubmixDefault'
[2026.09.16-13.14.58:426][726]LogAudioMixer: FMixerPlatformXAudio2::StartAudioStream() called
[2026.09.16-13.14.58:426][726]LogAudioMixer: Display: Output buffers initialized: Frames=1024, Channels=2, Samples=2048
[2026.09.16-13.14.58:427][726]LogAudioMixer: Display: Starting AudioMixerPlatformInterface::RunInternal()
[2026.09.16-13.14.58:427][726]LogAudioMixer: Display: FMixerPlatformXAudio2::SubmitBuffer() called for the first time
[2026.09.16-13.14.58:427][726]LogInit: FAudioDevice initialized.
[2026.09.16-13.14.58:427][726]LogAudio: Display: Audio Device (ID: 12) registered with world 'V2'.
[2026.09.16-13.14.58:436][726]LogLoad: Game class is 'FirstPersonGameMode_C'
[2026.09.16-13.14.58:437][726]LogWorld: Bringing World /Game/FirstPersonBP/Maps/UEDPIE_0_V2.V2 up for play (max tick rate 60) at 2026.09.16-21.14.58
[2026.09.16-13.14.58:438][726]LogWorld: Bringing up level for play took: 0.002036
[2026.09.16-13.14.58:438][726]LogOnline: OSS: Creating online subsystem instance for: :Context_13
[2026.09.16-13.14.58:439][726]PIE: Server logged in
[2026.09.16-13.14.58:441][726]PIE: Play in editor total start time 0.05 seconds.
[2026.09.16-13.15.10:907][470]LogSlate: Updating window title bar state: overlay mode, drag disabled, window buttons hidden, title bar hidden
[2026.09.16-13.15.10:907][470]LogWorld: BeginTearingDown for /Game/FirstPersonBP/Maps/UEDPIE_0_V2
[2026.09.16-13.15.10:908][470]LogWorld: UWorld::CleanupWorld for V2, bSessionEnded=true, bCleanupResources=true
[2026.09.16-13.15.10:908][470]LogSlate: InvalidateAllWidgets triggered.  All widgets were invalidated
[2026.09.16-13.15.10:917][470]LogPlayLevel: Display: Shutting down PIE online subsystems
[2026.09.16-13.15.10:926][470]LogSlate: InvalidateAllWidgets triggered.  All widgets were invalidated
[2026.09.16-13.15.10:929][470]LogSlate: Updating window title bar state: overlay mode, drag disabled, window buttons hidden, title bar hidden
[2026.09.16-13.15.10:929][470]LogAudioMixer: FMixerPlatformXAudio2::StopAudioStream() called
[2026.09.16-13.15.10:931][470]LogAudioMixer: FMixerPlatformXAudio2::StopAudioStream() called
[2026.09.16-13.15.10:934][470]LogUObjectHash: Compacting FUObjectHashTables data took   0.39ms
[2026.09.16-13.15.10:970][472]LogPlayLevel: Display: Destroying online subsystem :Context_13
[2026.09.16-13.15.12:426][559]Cmd: CAMERA ALIGN ACTIVEVIEWPORTONLY
[2026.09.16-13.15.19:898][  7]Cmd: CAMERA ALIGN ACTIVEVIEWPORTONLY
[2026.09.16-13.15.24:469][279]Cmd: EDCALLBACK SURFPROPS
[2026.09.16-13.15.31:051][670]Cmd: CAMERA ALIGN ACTIVEVIEWPORTONLY
[2026.09.16-13.15.36:070][967]Cmd: CAMERA ALIGN
[2026.09.16-13.15.37:737][ 67]LogEditorViewport: Clicking on Actor (LMB): BP_Sky_Sphere_C (SkySphereBlueprint)
[2026.09.16-13.15.41:427][287]LogEditorViewport: Clicking on Actor (LMB): StaticMeshActor (display_table_03)
[2026.09.16-13.15.43:074][384]Cmd: DELETE
[2026.09.16-13.15.43:074][384]Cmd: ACTOR DELETE
[2026.09.16-13.15.43:078][384]LogEditorActor: Deleted Actor: StaticMeshActor
[2026.09.16-13.15.43:079][384]LogEditorActor: Deleted Actor: StaticMeshActor
[2026.09.16-13.15.43:084][384]LogUObjectHash: Compacting FUObjectHashTables data took   0.52ms
[2026.09.16-13.15.43:086][384]LogEditorActor: Deleted 2 Actors (0.011 secs)
[2026.09.16-13.24.15:116][ 70]LogUObjectHash: Compacting FUObjectHashTables data took   0.52ms
[2026.09.16-13.24.15:118][ 70]Cmd: OBJ SAVEPACKAGE PACKAGE="/Game/FirstPersonBP/Maps/V2" FILE="D:/inGGIT/SteelEnclo_LD_BO/MyProject/Saved/Autosaves/Game/FirstPersonBP/Maps/V2_Auto1.umap" SILENT=true AUTOSAVING=true KEEPDIRTY=false
[2026.09.16-13.24.15:155][ 70]LogSavePackage: Moving 'D:/inGGIT/SteelEnclo_LD_BO/MyProject/Saved/V2_Auto1D2C3F0F9495AD68D6D2A0199843082B8.tmp' to 'D:/inGGIT/SteelEnclo_LD_BO/MyProject/Saved/Autosaves/Game/FirstPersonBP/Maps/V2_Auto1.umap'
[2026.09.16-13.24.15:168][ 70]LogFileHelpers: Editor autosave (incl. external actors) for '/Game/FirstPersonBP/Maps/V2' took 0.112
[2026.09.16-13.24.15:168][ 70]LogFileHelpers: Editor autosave (incl. sublevels & external actors) for all levels took 0.112
[2026.09.16-13.30.57:447][564]LogEditorViewport: Clicking on Actor (LMB): StaticMeshActor (Floor)
[2026.09.16-13.30.58:103][602]LogEditorViewport: Clicking on Actor (LMB): StaticMeshActor (industrial_column_01_industrial_column_2)
[2026.09.16-13.31.00:275][730]Cmd: DELETE
[2026.09.16-13.31.00:275][730]Cmd: ACTOR DELETE
[2026.09.16-13.31.00:288][730]LogEditorActor: Deleted Actor: StaticMeshActor
[2026.09.16-13.31.00:290][730]LogEditorActor: Deleted Actor: StaticMeshActor
[2026.09.16-13.31.00:296][730]LogUObjectHash: Compacting FUObjectHashTables data took   0.23ms
[2026.09.16-13.31.00:297][730]LogEditorActor: Deleted 2 Actors (0.022 secs)
[2026.09.16-13.31.03:710][933]Cmd: CAMERA ALIGN ACTIVEVIEWPORTONLY
[2026.09.16-13.31.08:051][189]Cmd: CAMERA ALIGN ACTIVEVIEWPORTONLY
[2026.09.16-13.31.09:302][264]Cmd: CAMERA ALIGN ACTIVEVIEWPORTONLY
[2026.09.16-13.31.38:592][235]Cmd: CAMERA ALIGN ACTIVEVIEWPORTONLY
[2026.09.16-13.31.45:905][671]Cmd: CAMERA ALIGN ACTIVEVIEWPORTONLY
[2026.09.16-13.31.51:080][980]LogEditorViewport: Clicking on Actor (LMB): BP_Sky_Sphere_C (SkySphereBlueprint)
[2026.09.16-13.31.57:121][341]LogEditorViewport: Clicking on Actor (LMB): StaticMeshActor (Floor5)
[2026.09.16-13.31.58:170][403]Cmd: DELETE
[2026.09.16-13.31.58:170][403]Cmd: ACTOR DELETE
[2026.09.16-13.31.58:174][403]LogEditorActor: Deleted Actor: StaticMeshActor
[2026.09.16-13.31.58:179][403]LogUObjectHash: Compacting FUObjectHashTables data took   0.41ms
[2026.09.16-13.31.58:182][403]LogEditorActor: Deleted 1 Actors (0.011 secs)
[2026.09.16-13.31.59:270][469]LogEditorViewport: Clicking on Actor (LMB): StaticMeshActor (Floor2)
[2026.09.16-13.31.59:475][480]Cmd: DELETE
[2026.09.16-13.31.59:475][480]Cmd: ACTOR DELETE
[2026.09.16-13.31.59:479][480]LogEditorActor: Deleted Actor: StaticMeshActor
[2026.09.16-13.31.59:482][480]LogUObjectHash: Compacting FUObjectHashTables data took   0.23ms
[2026.09.16-13.31.59:484][480]LogEditorActor: Deleted 1 Actors (0.008 secs)
[2026.09.16-13.31.59:866][503]LogEditorViewport: Clicking on Actor (LMB): StaticMeshActor (Floor6)
[2026.09.16-13.32.00:047][513]Cmd: DELETE
[2026.09.16-13.32.00:047][513]Cmd: ACTOR DELETE
[2026.09.16-13.32.00:050][513]LogEditorActor: Deleted Actor: StaticMeshActor
[2026.09.16-13.32.00:054][513]LogUObjectHash: Compacting FUObjectHashTables data took   0.18ms
[2026.09.16-13.32.00:054][513]LogEditorActor: Deleted 1 Actors (0.007 secs)
[2026.09.16-13.32.00:971][568]LogEditorViewport: Clicking on Actor (LMB): BP_Sky_Sphere_C (SkySphereBlueprint)
[2026.09.16-13.32.01:699][611]LogEditorViewport: Clicking on Actor (LMB): BP_Sky_Sphere_C (SkySphereBlueprint)
[2026.09.16-13.32.02:349][650]LogEditorViewport: Clicking on Actor (LMB): BP_Sky_Sphere_C (SkySphereBlueprint)
[2026.09.16-13.32.02:737][673]LogEditorViewport: Clicking on Actor (LMB): BP_Sky_Sphere_C (SkySphereBlueprint)
[2026.09.16-13.32.05:062][811]Cmd: DELETE
[2026.09.16-13.32.05:062][811]Cmd: ACTOR DELETE
[2026.09.16-13.32.05:068][811]LogEditorActor: Deleted Actor: Brush
[2026.09.16-13.32.05:079][811]LogUObjectHash: Compacting FUObjectHashTables data took   0.52ms
[2026.09.16-13.32.05:097][811]LogEditorActor: Deleted 1 Actors (0.035 secs)
[2026.09.16-13.32.05:536][836]Cmd: DELETE
[2026.09.16-13.32.05:536][836]Cmd: ACTOR DELETE
[2026.09.16-13.32.05:542][836]LogEditorActor: Deleted Actor: Brush
[2026.09.16-13.32.05:550][836]LogUObjectHash: Compacting FUObjectHashTables data took   0.68ms
[2026.09.16-13.32.05:559][836]LogEditorActor: Deleted 1 Actors (0.023 secs)
[2026.09.16-13.32.06:201][873]Cmd: DELETE
[2026.09.16-13.32.06:201][873]Cmd: ACTOR DELETE
[2026.09.16-13.32.06:212][873]LogEditorActor: Deleted Actor: Brush
[2026.09.16-13.32.06:221][873]LogUObjectHash: Compacting FUObjectHashTables data took   0.76ms
[2026.09.16-13.32.06:233][873]LogEditorActor: Deleted 1 Actors (0.031 secs)
[2026.09.16-13.32.07:496][949]Cmd: TRANSACTION UNDO
[2026.09.16-13.32.07:496][949]LogEditorTransaction: Undo Delete Actors
[2026.09.16-13.32.07:687][957]Cmd: TRANSACTION UNDO
[2026.09.16-13.32.07:688][957]LogEditorTransaction: Undo Select Brush Surface
[2026.09.16-13.32.07:855][966]Cmd: TRANSACTION UNDO
[2026.09.16-13.32.07:855][966]LogEditorTransaction: Undo Delete Actors
[2026.09.16-13.32.08:175][982]Cmd: TRANSACTION UNDO
[2026.09.16-13.32.08:175][982]LogEditorTransaction: Undo Select Brush Surface
[2026.09.16-13.32.08:522][  2]Cmd: TRANSACTION UNDO
[2026.09.16-13.32.08:523][  2]LogEditorTransaction: Undo Delete Actors
[2026.09.16-13.32.15:649][423]LogEditorViewport: Clicking on Actor (LMB): BP_Sky_Sphere_C (SkySphereBlueprint)
[2026.09.16-13.32.16:618][480]LogEditorViewport: Clicking on Actor (LMB): BP_Sky_Sphere_C (SkySphereBlueprint)
[2026.09.16-13.32.18:141][570]Cmd: CAMERA ALIGN ACTIVEVIEWPORTONLY
[2026.09.16-13.32.19:008][622]LogEditorViewport: Clicking on Actor (LMB): BP_Sky_Sphere_C (SkySphereBlueprint)
[2026.09.16-13.32.23:135][868]LogEditorViewport: Clicking on Actor (LMB): StaticMeshActor (Cube2)
[2026.09.16-13.32.38:560][792]LogEditorViewport: Clicking on Actor (LMB): BP_Sky_Sphere_C (SkySphereBlueprint)
[2026.09.16-13.32.38:702][800]LogEditorViewport: Clicking on Component (LMB): StaticMeshComponent (SkySphereMesh)
[2026.09.16-13.32.41:363][959]LogEditorViewport: Clicking on Component (LMB): StaticMeshComponent (SkySphereMesh)
[2026.09.16-13.32.41:598][973]LogEditorViewport: Clicking on Actor (double click): BP_Sky_Sphere_C (SkySphereBlueprint)
[2026.09.16-13.32.42:120][  4]LogEditorViewport: Clicking on Actor (LMB): BP_Sky_Sphere_C (SkySphereBlueprint)
[2026.09.16-13.32.42:520][ 28]LogEditorViewport: Clicking on Actor (LMB): BP_Sky_Sphere_C (SkySphereBlueprint)
[2026.09.16-13.32.43:220][ 70]Cmd: SELECT NONE
[2026.09.16-13.32.43:504][ 87]LogEditorViewport: Clicking on Actor (LMB): BP_Sky_Sphere_C (SkySphereBlueprint)
[2026.09.16-13.32.44:344][137]Cmd: SELECT NONE
[2026.09.16-13.32.49:630][454]LogEditorViewport: Clicking on Actor (LMB): StaticMeshActor (Cube3)
[2026.09.16-13.32.55:185][784]LogEditorViewport: Clicking on Actor (LMB): BP_Sky_Sphere_C (SkySphereBlueprint)
[2026.09.16-13.32.56:776][879]Cmd: SELECT NONE
[2026.09.16-13.33.04:707][239]Cmd: CAMERA ALIGN ACTIVEVIEWPORTONLY
[2026.09.16-13.33.07:640][414]LogEditorViewport: Clicking on Actor (LMB): BP_Sky_Sphere_C (SkySphereBlueprint)
[2026.09.16-13.33.08:118][442]LogEditorViewport: Clicking on Actor (LMB): BP_Sky_Sphere_C (SkySphereBlueprint)
[2026.09.16-13.33.08:934][491]Cmd: SELECT NONE
[2026.09.16-13.34.15:644][970]LogUObjectHash: Compacting FUObjectHashTables data took   0.53ms
[2026.09.16-13.34.15:657][970]Cmd: OBJ SAVEPACKAGE PACKAGE="/Game/FirstPersonBP/Maps/V2" FILE="D:/inGGIT/SteelEnclo_LD_BO/MyProject/Saved/Autosaves/Game/FirstPersonBP/Maps/V2_Auto2.umap" SILENT=true AUTOSAVING=true KEEPDIRTY=false
[2026.09.16-13.34.15:693][970]LogSavePackage: Moving 'D:/inGGIT/SteelEnclo_LD_BO/MyProject/Saved/V2_Auto23906426E4E552FDE762B278C72AE5745.tmp' to 'D:/inGGIT/SteelEnclo_LD_BO/MyProject/Saved/Autosaves/Game/FirstPersonBP/Maps/V2_Auto2.umap'
[2026.09.16-13.34.15:694][970]LogFileHelpers: Editor autosave (incl. external actors) for '/Game/FirstPersonBP/Maps/V2' took 0.056
[2026.09.16-13.34.15:694][970]LogFileHelpers: Editor autosave (incl. sublevels & external actors) for all levels took 0.056
[2026.09.16-14.05.07:867][357]LogAudioMixer: Warning: Changing default audio render device to new device: {0.0.0.00000000}.{8eb59ef9-967a-4ede-98c6-d0a594867419}.
[2026.09.16-14.05.07:867][357]LogAudioMixer: Resetting audio stream to device id 
[2026.09.16-14.05.08:608][357]LogAudioMixer: Display: 0: FrontLeft
[2026.09.16-14.05.08:608][357]LogAudioMixer: Display: 1: FrontRight
[2026.09.16-14.06.33:300][610]LogAudioMixer: Warning: Changing default audio render device to new device: {0.0.0.00000000}.{0c5d3142-0e59-47f6-ae8e-24a4519bdc78}.
[2026.09.16-14.06.33:301][610]LogAudioMixer: Resetting audio stream to device id 
[2026.09.16-14.06.33:311][610]LogAudioMixer: Display: 0: FrontLeft
[2026.09.16-14.06.33:311][610]LogAudioMixer: Display: 1: FrontRight
[2026.09.16-14.07.36:726][153]LogEditorViewport: Clicking on Actor (LMB): BP_Sky_Sphere_C (SkySphereBlueprint)
[2026.09.16-14.07.38:763][273]LogTemp: Repeating last play command: Selected Viewport
[2026.09.16-14.07.38:767][273]LogPlayLevel: PlayLevel: No blueprints needed recompiling
[2026.09.16-14.07.38:767][273]PIE: New page: PIE session: V2 (Sep 17, 2026, 6:07:38 AM)
[2026.09.16-14.07.38:767][273]LogPlayLevel: Creating play world package: /Game/FirstPersonBP/Maps/UEDPIE_0_V2
[2026.09.16-14.07.38:786][273]LogPlayLevel: PIE: StaticDuplicateObject took: (0.019248s)
[2026.09.16-14.07.38:787][273]LogAIModule: Creating AISystem for world V2
[2026.09.16-14.07.38:787][273]LogPlayLevel: PIE: World Init took: (0.001025s)
[2026.09.16-14.07.38:787][273]LogPlayLevel: PIE: Created PIE world by copying editor world from /Game/FirstPersonBP/Maps/V2.V2 to /Game/FirstPersonBP/Maps/UEDPIE_0_V2.V2 (0.020410s)
[2026.09.16-14.07.38:792][273]LogUObjectHash: Compacting FUObjectHashTables data took   0.51ms
[2026.09.16-14.07.38:795][273]LogAudio: Display: Creating Audio Device:                 Id: 13, Scope: Unique, Realtime: True
[2026.09.16-14.07.38:795][273]LogAudioMixer: Display: Audio Mixer Platform Settings:
[2026.09.16-14.07.38:795][273]LogAudioMixer: Display: 	Sample Rate:						  48000
[2026.09.16-14.07.38:795][273]LogAudioMixer: Display: 	Callback Buffer Frame Size Requested: 1024
[2026.09.16-14.07.38:795][273]LogAudioMixer: Display: 	Callback Buffer Frame Size To Use:	  1024
[2026.09.16-14.07.38:795][273]LogAudioMixer: Display: 	Number of buffers to queue:			  2
[2026.09.16-14.07.38:795][273]LogAudioMixer: Display: 	Max Channels (voices):				  32
[2026.09.16-14.07.38:795][273]LogAudioMixer: Display: 	Number of Async Source Workers:		  0
[2026.09.16-14.07.38:795][273]LogAudio: Display: AudioDevice MaxSources: 32
[2026.09.16-14.07.38:795][273]LogAudio: Display: Audio Spatialization Plugin: None (built-in).
[2026.09.16-14.07.38:795][273]LogAudio: Display: Audio Reverb Plugin: None (built-in).
[2026.09.16-14.07.38:795][273]LogAudio: Display: Audio Occlusion Plugin: None (built-in).
[2026.09.16-14.07.38:795][273]LogAudioMixer: Display: Initializing audio mixer.
[2026.09.16-14.07.38:800][273]LogAudioMixer: Display: 0: FrontLeft
[2026.09.16-14.07.38:800][273]LogAudioMixer: Display: 1: FrontRight
[2026.09.16-14.07.38:812][273]LogAudioMixer: Display: Using Audio Device Headphones (Intel® Smart Sound Technology for Bluetooth® Audio)
[2026.09.16-14.07.38:812][273]LogAudioMixer: Display: Initializing Sound Submixes...
[2026.09.16-14.07.38:812][273]LogAudioMixer: Display: Creating Master Submix 'MasterSubmixDefault'
[2026.09.16-14.07.38:812][273]LogAudioMixer: Display: Creating Master Submix 'MasterReverbSubmixDefault'
[2026.09.16-14.07.38:815][273]LogAudioMixer: Display: Creating Master Submix 'MasterEQSubmixDefault'
[2026.09.16-14.07.38:815][273]LogAudioMixer: FMixerPlatformXAudio2::StartAudioStream() called
[2026.09.16-14.07.38:815][273]LogAudioMixer: Display: Output buffers initialized: Frames=1024, Channels=2, Samples=2048
[2026.09.16-14.07.38:816][273]LogAudioMixer: Display: Starting AudioMixerPlatformInterface::RunInternal()
[2026.09.16-14.07.38:816][273]LogAudioMixer: Display: FMixerPlatformXAudio2::SubmitBuffer() called for the first time
[2026.09.16-14.07.38:816][273]LogInit: FAudioDevice initialized.
[2026.09.16-14.07.38:816][273]LogAudio: Display: Audio Device (ID: 13) registered with world 'V2'.
[2026.09.16-14.07.38:830][273]LogLoad: Game class is 'FirstPersonGameMode_C'
[2026.09.16-14.07.38:833][273]LogWorld: Bringing World /Game/FirstPersonBP/Maps/UEDPIE_0_V2.V2 up for play (max tick rate 60) at 2026.09.16-22.07.38
[2026.09.16-14.07.38:833][273]LogWorld: Bringing up level for play took: 0.002839
[2026.09.16-14.07.38:833][273]LogOnline: OSS: Creating online subsystem instance for: :Context_14
[2026.09.16-14.07.38:837][273]PIE: Server logged in
[2026.09.16-14.07.38:837][273]PIE: Play in editor total start time 0.071 seconds.
[2026.09.16-14.07.40:143][348]LogSlate: Updating window title bar state: overlay mode, drag disabled, window buttons hidden, title bar hidden
[2026.09.16-14.07.40:144][348]LogWorld: BeginTearingDown for /Game/FirstPersonBP/Maps/UEDPIE_0_V2
[2026.09.16-14.07.40:144][348]LogWorld: UWorld::CleanupWorld for V2, bSessionEnded=true, bCleanupResources=true
[2026.09.16-14.07.40:144][348]LogSlate: InvalidateAllWidgets triggered.  All widgets were invalidated
[2026.09.16-14.07.40:155][348]LogPlayLevel: Display: Shutting down PIE online subsystems
[2026.09.16-14.07.40:158][348]LogSlate: InvalidateAllWidgets triggered.  All widgets were invalidated
[2026.09.16-14.07.40:165][348]LogAudio: Display: Audio Device unregistered from world 'None'.
[2026.09.16-14.07.40:165][348]LogAudioMixer: FMixerPlatformXAudio2::StopAudioStream() called
[2026.09.16-14.07.40:166][348]LogAudioMixer: FMixerPlatformXAudio2::StopAudioStream() called
[2026.09.16-14.07.40:168][348]LogSlate: Updating window title bar state: overlay mode, drag disabled, window buttons hidden, title bar hidden
[2026.09.16-14.07.40:170][348]LogUObjectHash: Compacting FUObjectHashTables data took   0.48ms
[2026.09.16-14.07.40:211][350]LogPlayLevel: Display: Destroying online subsystem :Context_14
[2026.09.16-14.07.40:428][363]LogEditorViewport: Clicking on Actor (LMB): StaticMeshActor (Cube3)
[2026.09.16-14.07.41:178][407]Cmd: DELETE
[2026.09.16-14.07.41:178][407]Cmd: ACTOR DELETE
[2026.09.16-14.07.41:182][407]LogEditorActor: Deleted Actor: StaticMeshActor
[2026.09.16-14.07.41:188][407]LogUObjectHash: Compacting FUObjectHashTables data took   0.40ms
[2026.09.16-14.07.41:190][407]LogEditorActor: Deleted 1 Actors (0.011 secs)
[2026.09.16-14.07.42:372][478]LogTemp: Repeating last play command: Selected Viewport
[2026.09.16-14.07.42:375][478]LogPlayLevel: PlayLevel: No blueprints needed recompiling
[2026.09.16-14.07.42:376][478]PIE: New page: PIE session: V2 (Sep 17, 2026, 6:07:42 AM)
[2026.09.16-14.07.42:376][478]LogPlayLevel: Creating play world package: /Game/FirstPersonBP/Maps/UEDPIE_0_V2
[2026.09.16-14.07.42:387][478]LogPlayLevel: PIE: StaticDuplicateObject took: (0.011546s)
[2026.09.16-14.07.42:388][478]LogAIModule: Creating AISystem for world V2
[2026.09.16-14.07.42:388][478]LogPlayLevel: PIE: World Init took: (0.000898s)
[2026.09.16-14.07.42:388][478]LogPlayLevel: PIE: Created PIE world by copying editor world from /Game/FirstPersonBP/Maps/V2.V2 to /Game/FirstPersonBP/Maps/UEDPIE_0_V2.V2 (0.012574s)
[2026.09.16-14.07.42:392][478]LogUObjectHash: Compacting FUObjectHashTables data took   0.39ms
[2026.09.16-14.07.42:393][478]LogAudio: Display: Creating Audio Device:                 Id: 14, Scope: Unique, Realtime: True
[2026.09.16-14.07.42:393][478]LogAudioMixer: Display: Audio Mixer Platform Settings:
[2026.09.16-14.07.42:393][478]LogAudioMixer: Display: 	Sample Rate:						  48000
[2026.09.16-14.07.42:393][478]LogAudioMixer: Display: 	Callback Buffer Frame Size Requested: 1024
[2026.09.16-14.07.42:393][478]LogAudioMixer: Display: 	Callback Buffer Frame Size To Use:	  1024
[2026.09.16-14.07.42:393][478]LogAudioMixer: Display: 	Number of buffers to queue:			  2
[2026.09.16-14.07.42:393][478]LogAudioMixer: Display: 	Max Channels (voices):				  32
[2026.09.16-14.07.42:393][478]LogAudioMixer: Display: 	Number of Async Source Workers:		  0
[2026.09.16-14.07.42:393][478]LogAudio: Display: AudioDevice MaxSources: 32
[2026.09.16-14.07.42:393][478]LogAudio: Display: Audio Spatialization Plugin: None (built-in).
[2026.09.16-14.07.42:393][478]LogAudio: Display: Audio Reverb Plugin: None (built-in).
[2026.09.16-14.07.42:393][478]LogAudio: Display: Audio Occlusion Plugin: None (built-in).
[2026.09.16-14.07.42:393][478]LogAudioMixer: Display: Initializing audio mixer.
[2026.09.16-14.07.42:397][478]LogAudioMixer: Display: 0: FrontLeft
[2026.09.16-14.07.42:397][478]LogAudioMixer: Display: 1: FrontRight
[2026.09.16-14.07.42:409][478]LogAudioMixer: Display: Using Audio Device Headphones (Intel® Smart Sound Technology for Bluetooth® Audio)
[2026.09.16-14.07.42:410][478]LogAudioMixer: Display: Initializing Sound Submixes...
[2026.09.16-14.07.42:410][478]LogAudioMixer: Display: Creating Master Submix 'MasterSubmixDefault'
[2026.09.16-14.07.42:410][478]LogAudioMixer: Display: Creating Master Submix 'MasterReverbSubmixDefault'
[2026.09.16-14.07.42:410][478]LogAudioMixer: Display: Creating Master Submix 'MasterEQSubmixDefault'
[2026.09.16-14.07.42:410][478]LogAudioMixer: FMixerPlatformXAudio2::StartAudioStream() called
[2026.09.16-14.07.42:410][478]LogAudioMixer: Display: Output buffers initialized: Frames=1024, Channels=2, Samples=2048
[2026.09.16-14.07.42:411][478]LogAudioMixer: Display: Starting AudioMixerPlatformInterface::RunInternal()
[2026.09.16-14.07.42:411][478]LogAudioMixer: Display: FMixerPlatformXAudio2::SubmitBuffer() called for the first time
[2026.09.16-14.07.42:411][478]LogInit: FAudioDevice initialized.
[2026.09.16-14.07.42:411][478]LogAudio: Display: Audio Device (ID: 14) registered with world 'V2'.
[2026.09.16-14.07.42:417][478]LogLoad: Game class is 'FirstPersonGameMode_C'
[2026.09.16-14.07.42:419][478]LogWorld: Bringing World /Game/FirstPersonBP/Maps/UEDPIE_0_V2.V2 up for play (max tick rate 60) at 2026.09.16-22.07.42
[2026.09.16-14.07.42:419][478]LogWorld: Bringing up level for play took: 0.002108
[2026.09.16-14.07.42:420][478]LogOnline: OSS: Creating online subsystem instance for: :Context_15
[2026.09.16-14.07.42:421][478]PIE: Server logged in
[2026.09.16-14.07.42:422][478]PIE: Play in editor total start time 0.047 seconds.
[2026.09.16-14.09.12:203][861]LogSlate: Updating window title bar state: overlay mode, drag disabled, window buttons hidden, title bar hidden
[2026.09.16-14.09.12:203][861]LogWorld: BeginTearingDown for /Game/FirstPersonBP/Maps/UEDPIE_0_V2
[2026.09.16-14.09.12:203][861]LogWorld: UWorld::CleanupWorld for V2, bSessionEnded=true, bCleanupResources=true
[2026.09.16-14.09.12:205][861]LogSlate: InvalidateAllWidgets triggered.  All widgets were invalidated
[2026.09.16-14.09.12:213][861]LogPlayLevel: Display: Shutting down PIE online subsystems
[2026.09.16-14.09.12:214][861]LogSlate: InvalidateAllWidgets triggered.  All widgets were invalidated
[2026.09.16-14.09.12:218][861]LogAudio: Display: Audio Device unregistered from world 'None'.
[2026.09.16-14.09.12:218][861]LogAudioMixer: FMixerPlatformXAudio2::StopAudioStream() called
[2026.09.16-14.09.12:219][861]LogAudioMixer: FMixerPlatformXAudio2::StopAudioStream() called
[2026.09.16-14.09.12:220][861]LogSlate: Updating window title bar state: overlay mode, drag disabled, window buttons hidden, title bar hidden
[2026.09.16-14.09.12:222][861]LogUObjectHash: Compacting FUObjectHashTables data took   0.54ms
[2026.09.16-14.09.12:272][864]LogPlayLevel: Display: Destroying online subsystem :Context_15
[2026.09.16-14.09.19:827][316]Cmd: CAMERA ALIGN ACTIVEVIEWPORTONLY
[2026.09.16-14.09.24:243][580]Cmd: TRANSACTION UNDO
[2026.09.16-14.09.24:243][580]LogEditorTransaction: Undo Move Actors
[2026.09.16-14.09.33:150][108]LogEditorViewport: Clicking on Actor (LMB): StaticMeshActor (Floor)
[2026.09.16-14.09.35:371][240]Cmd: DELETE
[2026.09.16-14.09.35:371][240]Cmd: ACTOR DELETE
[2026.09.16-14.09.35:375][240]LogEditorActor: Deleted Actor: StaticMeshActor
[2026.09.16-14.09.35:379][240]LogUObjectHash: Compacting FUObjectHashTables data took   0.42ms
[2026.09.16-14.09.35:380][240]LogEditorActor: Deleted 1 Actors (0.010 secs)
[2026.09.16-14.09.36:654][316]Cmd: CAMERA ALIGN ACTIVEVIEWPORTONLY
[2026.09.16-14.09.39:851][506]Cmd: CAMERA ALIGN ACTIVEVIEWPORTONLY
[2026.09.16-14.09.44:979][812]Cmd: TRANSACTION UNDO
[2026.09.16-14.09.44:979][812]LogEditorTransaction: Undo Move Actors
[2026.09.16-14.09.46:603][906]Cmd: TRANSACTION UNDO
[2026.09.16-14.09.46:604][906]LogEditorTransaction: Undo Move Actors
[2026.09.16-14.09.52:516][258]Cmd: CAMERA ALIGN ACTIVEVIEWPORTONLY
[2026.09.16-14.09.55:546][439]Cmd: TRANSACTION UNDO
[2026.09.16-14.09.55:546][439]LogEditorTransaction: Undo Move Actors
[2026.09.16-14.12.37:960][849]LogUObjectHash: Compacting FUObjectHashTables data took   0.69ms
[2026.09.16-14.12.37:964][849]Cmd: OBJ SAVEPACKAGE PACKAGE="/Game/FirstPersonBP/Maps/V2" FILE="D:/inGGIT/SteelEnclo_LD_BO/MyProject/Saved/Autosaves/Game/FirstPersonBP/Maps/V2_Auto3.umap" SILENT=true AUTOSAVING=true KEEPDIRTY=false
[2026.09.16-14.12.37:995][849]LogSavePackage: Moving 'D:/inGGIT/SteelEnclo_LD_BO/MyProject/Saved/V2_Auto3E587CECA4DF0FEA39608DDBDF66CA131.tmp' to 'D:/inGGIT/SteelEnclo_LD_BO/MyProject/Saved/Autosaves/Game/FirstPersonBP/Maps/V2_Auto3.umap'
[2026.09.16-14.12.38:003][849]LogFileHelpers: Editor autosave (incl. external actors) for '/Game/FirstPersonBP/Maps/V2' took 0.049
[2026.09.16-14.12.38:003][849]LogFileHelpers: Editor autosave (incl. sublevels & external actors) for all levels took 0.049
[2026.09.16-14.14.11:381][616]Cmd: TRANSACTION UNDO
[2026.09.16-14.14.11:381][616]LogEditorTransaction: Undo Move Actors
[2026.09.16-14.14.11:385][616]LogPhysics: Warning: UBodySetup::GetCookInfo: Triangle data from '/Game/FirstPersonBP/Maps/V2.V2:PersistentLevel.ModelComponent_685' invalid (1539 verts, 0 indices).
[2026.09.16-14.14.11:387][616]LogPhysics: Warning: Attempt to build physics data for /Game/FirstPersonBP/Maps/V2.V2:PersistentLevel.ModelComponent_685.BodySetup_0 when we are unable to.
[2026.09.16-14.14.11:387][616]LogPhysics: Warning: UBodySetup::GetCookInfo: Triangle data from '/Game/FirstPersonBP/Maps/V2.V2:PersistentLevel.ModelComponent_686' invalid (1539 verts, 0 indices).
[2026.09.16-14.14.11:387][616]LogPhysics: Warning: Attempt to build physics data for /Game/FirstPersonBP/Maps/V2.V2:PersistentLevel.ModelComponent_686.BodySetup_0 when we are unable to.
[2026.09.16-14.14.11:387][616]LogPhysics: Warning: UBodySetup::GetCookInfo: Triangle data from '/Game/FirstPersonBP/Maps/V2.V2:PersistentLevel.ModelComponent_687' invalid (1539 verts, 0 indices).
[2026.09.16-14.14.11:387][616]LogPhysics: Warning: Attempt to build physics data for /Game/FirstPersonBP/Maps/V2.V2:PersistentLevel.ModelComponent_687.BodySetup_0 when we are unable to.
[2026.09.16-14.14.11:387][616]LogPhysics: Warning: UBodySetup::GetCookInfo: Triangle data from '/Game/FirstPersonBP/Maps/V2.V2:PersistentLevel.ModelComponent_688' invalid (1539 verts, 0 indices).
[2026.09.16-14.14.11:387][616]LogPhysics: Warning: Attempt to build physics data for /Game/FirstPersonBP/Maps/V2.V2:PersistentLevel.ModelComponent_688.BodySetup_0 when we are unable to.
[2026.09.16-14.14.11:387][616]LogPhysics: Warning: UBodySetup::GetCookInfo: Triangle data from '/Game/FirstPersonBP/Maps/V2.V2:PersistentLevel.ModelComponent_689' invalid (1539 verts, 0 indices).
[2026.09.16-14.14.11:387][616]LogPhysics: Warning: Attempt to build physics data for /Game/FirstPersonBP/Maps/V2.V2:PersistentLevel.ModelComponent_689.BodySetup_0 when we are unable to.
[2026.09.16-14.14.11:387][616]LogPhysics: Warning: UBodySetup::GetCookInfo: Triangle data from '/Game/FirstPersonBP/Maps/V2.V2:PersistentLevel.ModelComponent_690' invalid (1539 verts, 0 indices).
[2026.09.16-14.14.11:387][616]LogPhysics: Warning: Attempt to build physics data for /Game/FirstPersonBP/Maps/V2.V2:PersistentLevel.ModelComponent_690.BodySetup_0 when we are unable to.
[2026.09.16-14.14.11:388][616]LogPhysics: Warning: UBodySetup::GetCookInfo: Triangle data from '/Game/FirstPersonBP/Maps/V2.V2:PersistentLevel.ModelComponent_691' invalid (1539 verts, 0 indices).
[2026.09.16-14.14.11:388][616]LogPhysics: Warning: Attempt to build physics data for /Game/FirstPersonBP/Maps/V2.V2:PersistentLevel.ModelComponent_691.BodySetup_0 when we are unable to.
[2026.09.16-14.14.11:388][616]LogPhysics: Warning: UBodySetup::GetCookInfo: Triangle data from '/Game/FirstPersonBP/Maps/V2.V2:PersistentLevel.ModelComponent_692' invalid (1539 verts, 0 indices).
[2026.09.16-14.14.11:388][616]LogPhysics: Warning: Attempt to build physics data for /Game/FirstPersonBP/Maps/V2.V2:PersistentLevel.ModelComponent_692.BodySetup_0 when we are unable to.
[2026.09.16-14.14.11:388][616]LogPhysics: Warning: UBodySetup::GetCookInfo: Triangle data from '/Game/FirstPersonBP/Maps/V2.V2:PersistentLevel.ModelComponent_693' invalid (1539 verts, 0 indices).
[2026.09.16-14.14.11:388][616]LogPhysics: Warning: Attempt to build physics data for /Game/FirstPersonBP/Maps/V2.V2:PersistentLevel.ModelComponent_693.BodySetup_0 when we are unable to.
[2026.09.16-14.14.11:388][616]LogPhysics: Warning: UBodySetup::GetCookInfo: Triangle data from '/Game/FirstPersonBP/Maps/V2.V2:PersistentLevel.ModelComponent_694' invalid (1539 verts, 0 indices).
[2026.09.16-14.14.11:389][616]LogPhysics: Warning: Attempt to build physics data for /Game/FirstPersonBP/Maps/V2.V2:PersistentLevel.ModelComponent_694.BodySetup_0 when we are unable to.
[2026.09.16-14.14.11:389][616]LogPhysics: Warning: UBodySetup::GetCookInfo: Triangle data from '/Game/FirstPersonBP/Maps/V2.V2:PersistentLevel.ModelComponent_695' invalid (1539 verts, 0 indices).
[2026.09.16-14.14.11:389][616]LogPhysics: Warning: Attempt to build physics data for /Game/FirstPersonBP/Maps/V2.V2:PersistentLevel.ModelComponent_695.BodySetup_0 when we are unable to.
[2026.09.16-14.14.11:389][616]LogPhysics: Warning: UBodySetup::GetCookInfo: Triangle data from '/Game/FirstPersonBP/Maps/V2.V2:PersistentLevel.ModelComponent_696' invalid (1539 verts, 0 indices).
[2026.09.16-14.14.11:389][616]LogPhysics: Warning: Attempt to build physics data for /Game/FirstPersonBP/Maps/V2.V2:PersistentLevel.ModelComponent_696.BodySetup_0 when we are unable to.
[2026.09.16-14.14.11:389][616]LogPhysics: Warning: UBodySetup::GetCookInfo: Triangle data from '/Game/FirstPersonBP/Maps/V2.V2:PersistentLevel.ModelComponent_697' invalid (1539 verts, 0 indices).
[2026.09.16-14.14.11:389][616]LogPhysics: Warning: Attempt to build physics data for /Game/FirstPersonBP/Maps/V2.V2:PersistentLevel.ModelComponent_697.BodySetup_0 when we are unable to.
[2026.09.16-14.14.36:336][ 97]Cmd: DELETE
[2026.09.16-14.14.36:336][ 97]Cmd: ACTOR DELETE
[2026.09.16-14.14.36:341][ 97]LogEditorActor: Deleted Actor: Brush
[2026.09.16-14.14.36:345][ 97]LogUObjectHash: Compacting FUObjectHashTables data took   0.54ms
[2026.09.16-14.14.36:357][ 97]LogEditorActor: Deleted 1 Actors (0.022 secs)
[2026.09.16-14.14.36:941][131]Cmd: DELETE
[2026.09.16-14.14.36:941][131]Cmd: ACTOR DELETE
[2026.09.16-14.14.36:946][131]LogEditorActor: Deleted Actor: Brush
[2026.09.16-14.14.36:949][131]LogUObjectHash: Compacting FUObjectHashTables data took   0.39ms
[2026.09.16-14.14.36:959][131]LogEditorActor: Deleted 1 Actors (0.018 secs)
[2026.09.16-14.14.37:382][156]Cmd: DELETE
[2026.09.16-14.14.37:382][156]Cmd: ACTOR DELETE
[2026.09.16-14.14.37:387][156]LogEditorActor: Deleted Actor: Brush
[2026.09.16-14.14.37:391][156]LogUObjectHash: Compacting FUObjectHashTables data took   0.39ms
[2026.09.16-14.14.37:398][156]LogEditorActor: Deleted 1 Actors (0.016 secs)
[2026.09.16-14.14.37:873][184]Cmd: DELETE
[2026.09.16-14.14.37:873][184]Cmd: ACTOR DELETE
[2026.09.16-14.14.37:879][184]LogEditorActor: Deleted Actor: Brush
[2026.09.16-14.14.37:883][184]LogUObjectHash: Compacting FUObjectHashTables data took   0.40ms
[2026.09.16-14.14.37:889][184]LogEditorActor: Deleted 1 Actors (0.016 secs)
[2026.09.16-14.14.38:409][215]Cmd: DELETE
[2026.09.16-14.14.38:409][215]Cmd: ACTOR DELETE
[2026.09.16-14.14.38:415][215]LogEditorActor: Deleted Actor: Brush
[2026.09.16-14.14.38:420][215]LogUObjectHash: Compacting FUObjectHashTables data took   0.40ms
[2026.09.16-14.14.38:429][215]LogEditorActor: Deleted 1 Actors (0.019 secs)
[2026.09.16-14.17.30:917][322]LogEditorViewport: Clicking on Actor (LMB): BP_Sky_Sphere_C (SkySphereBlueprint)
[2026.09.16-14.22.38:583][497]LogUObjectHash: Compacting FUObjectHashTables data took   1.81ms
[2026.09.16-14.22.38:591][497]Cmd: OBJ SAVEPACKAGE PACKAGE="/Game/FirstPersonBP/Maps/V2" FILE="D:/inGGIT/SteelEnclo_LD_BO/MyProject/Saved/Autosaves/Game/FirstPersonBP/Maps/V2_Auto4.umap" SILENT=true AUTOSAVING=true KEEPDIRTY=false
[2026.09.16-14.22.38:628][497]LogSavePackage: Moving 'D:/inGGIT/SteelEnclo_LD_BO/MyProject/Saved/V2_Auto4E60D4367426D38AC031D2B9FDD4006CF.tmp' to 'D:/inGGIT/SteelEnclo_LD_BO/MyProject/Saved/Autosaves/Game/FirstPersonBP/Maps/V2_Auto4.umap'
[2026.09.16-14.22.38:630][497]LogFileHelpers: Editor autosave (incl. external actors) for '/Game/FirstPersonBP/Maps/V2' took 0.060
[2026.09.16-14.22.38:630][497]LogFileHelpers: Editor autosave (incl. sublevels & external actors) for all levels took 0.060
[2026.09.16-15.00.26:248][654]Cmd: CAMERA ALIGN ACTIVEVIEWPORTONLY
[2026.09.16-15.00.34:353][130]Cmd: EDIT CUT
[2026.09.16-15.00.34:374][130]LogEditorActor: Deleted Actor: Brush
[2026.09.16-15.00.34:384][130]LogUObjectHash: Compacting FUObjectHashTables data took   0.81ms
[2026.09.16-15.00.34:397][130]LogEditorActor: Deleted 1 Actors (0.036 secs)
[2026.09.16-15.00.34:401][130]Cmd: TRANSACTION UNDO
[2026.09.16-15.00.34:401][130]LogEditorTransaction: Undo Cut
[2026.09.16-15.00.35:102][169]Cmd: TRANSACTION UNDO
[2026.09.16-15.00.35:102][169]LogEditorTransaction: Undo Move Actors
[2026.09.16-15.00.43:174][643]Cmd: CAMERA ALIGN ACTIVEVIEWPORTONLY
[2026.09.16-15.01.09:806][206]Cmd: TRANSACTION UNDO
[2026.09.16-15.01.09:807][206]LogEditorTransaction: Undo Move Actors
[2026.09.16-15.01.11:922][326]LogTemp: Repeating last play command: Selected Viewport
[2026.09.16-15.01.11:937][326]LogPlayLevel: PlayLevel: No blueprints needed recompiling
[2026.09.16-15.01.11:942][326]PIE: New page: PIE session: V2 (Sep 17, 2026, 7:01:11 AM)
[2026.09.16-15.01.11:945][326]LogPlayLevel: Creating play world package: /Game/FirstPersonBP/Maps/UEDPIE_0_V2
[2026.09.16-15.01.11:991][326]LogPlayLevel: PIE: StaticDuplicateObject took: (0.045865s)
[2026.09.16-15.01.12:009][326]LogAIModule: Creating AISystem for world V2
[2026.09.16-15.01.12:012][326]LogPlayLevel: PIE: World Init took: (0.021201s)
[2026.09.16-15.01.12:012][326]LogPlayLevel: PIE: Created PIE world by copying editor world from /Game/FirstPersonBP/Maps/V2.V2 to /Game/FirstPersonBP/Maps/UEDPIE_0_V2.V2 (0.068201s)
[2026.09.16-15.01.12:022][326]LogUObjectHash: Compacting FUObjectHashTables data took   0.56ms
[2026.09.16-15.01.12:030][326]LogAudio: Display: Creating Audio Device:                 Id: 15, Scope: Unique, Realtime: True
[2026.09.16-15.01.12:030][326]LogAudioMixer: Display: Audio Mixer Platform Settings:
[2026.09.16-15.01.12:030][326]LogAudioMixer: Display: 	Sample Rate:						  48000
[2026.09.16-15.01.12:030][326]LogAudioMixer: Display: 	Callback Buffer Frame Size Requested: 1024
[2026.09.16-15.01.12:030][326]LogAudioMixer: Display: 	Callback Buffer Frame Size To Use:	  1024
[2026.09.16-15.01.12:030][326]LogAudioMixer: Display: 	Number of buffers to queue:			  2
[2026.09.16-15.01.12:030][326]LogAudioMixer: Display: 	Max Channels (voices):				  32
[2026.09.16-15.01.12:030][326]LogAudioMixer: Display: 	Number of Async Source Workers:		  0
[2026.09.16-15.01.12:030][326]LogAudio: Display: AudioDevice MaxSources: 32
[2026.09.16-15.01.12:032][326]LogAudio: Display: Audio Spatialization Plugin: None (built-in).
[2026.09.16-15.01.12:032][326]LogAudio: Display: Audio Reverb Plugin: None (built-in).
[2026.09.16-15.01.12:032][326]LogAudio: Display: Audio Occlusion Plugin: None (built-in).
[2026.09.16-15.01.12:032][326]LogAudioMixer: Display: Initializing audio mixer.
[2026.09.16-15.01.12:038][326]LogAudioMixer: Display: 0: FrontLeft
[2026.09.16-15.01.12:038][326]LogAudioMixer: Display: 1: FrontRight
[2026.09.16-15.01.12:051][326]LogAudioMixer: Display: Using Audio Device Headphones (Intel® Smart Sound Technology for Bluetooth® Audio)
[2026.09.16-15.01.12:052][326]LogAudioMixer: Display: Initializing Sound Submixes...
[2026.09.16-15.01.12:052][326]LogAudioMixer: Display: Creating Master Submix 'MasterSubmixDefault'
[2026.09.16-15.01.12:052][326]LogAudioMixer: Display: Creating Master Submix 'MasterReverbSubmixDefault'
[2026.09.16-15.01.12:054][326]LogAudioMixer: Display: Creating Master Submix 'MasterEQSubmixDefault'
[2026.09.16-15.01.12:055][326]LogAudioMixer: FMixerPlatformXAudio2::StartAudioStream() called
[2026.09.16-15.01.12:055][326]LogAudioMixer: Display: Output buffers initialized: Frames=1024, Channels=2, Samples=2048
[2026.09.16-15.01.12:057][326]LogAudioMixer: Display: Starting AudioMixerPlatformInterface::RunInternal()
[2026.09.16-15.01.12:057][326]LogAudioMixer: Display: FMixerPlatformXAudio2::SubmitBuffer() called for the first time
[2026.09.16-15.01.12:057][326]LogInit: FAudioDevice initialized.
[2026.09.16-15.01.12:057][326]LogAudio: Display: Audio Device (ID: 15) registered with world 'V2'.
[2026.09.16-15.01.12:079][326]LogLoad: Game class is 'FirstPersonGameMode_C'
[2026.09.16-15.01.12:090][326]LogWorld: Bringing World /Game/FirstPersonBP/Maps/UEDPIE_0_V2.V2 up for play (max tick rate 60) at 2026.09.16-23.01.12
[2026.09.16-15.01.12:092][326]LogWorld: Bringing up level for play took: 0.010177
[2026.09.16-15.01.12:095][326]LogOnline: OSS: Creating online subsystem instance for: :Context_16
[2026.09.16-15.01.12:109][326]PIE: Server logged in
[2026.09.16-15.01.12:110][326]PIE: Play in editor total start time 0.176 seconds.
[2026.09.16-15.01.17:204][627]LogSlate: Updating window title bar state: overlay mode, drag disabled, window buttons hidden, title bar hidden
[2026.09.16-15.01.17:204][627]LogWorld: BeginTearingDown for /Game/FirstPersonBP/Maps/UEDPIE_0_V2
[2026.09.16-15.01.17:206][627]LogWorld: UWorld::CleanupWorld for V2, bSessionEnded=true, bCleanupResources=true
[2026.09.16-15.01.17:208][627]LogSlate: InvalidateAllWidgets triggered.  All widgets were invalidated
[2026.09.16-15.01.17:226][627]LogPlayLevel: Display: Shutting down PIE online subsystems
[2026.09.16-15.01.17:234][627]LogSlate: InvalidateAllWidgets triggered.  All widgets were invalidated
[2026.09.16-15.01.17:244][627]LogAudio: Display: Audio Device unregistered from world 'None'.
[2026.09.16-15.01.17:245][627]LogAudioMixer: FMixerPlatformXAudio2::StopAudioStream() called
[2026.09.16-15.01.17:247][627]LogAudioMixer: FMixerPlatformXAudio2::StopAudioStream() called
[2026.09.16-15.01.17:250][627]LogSlate: Updating window title bar state: overlay mode, drag disabled, window buttons hidden, title bar hidden
[2026.09.16-15.01.17:255][627]LogUObjectHash: Compacting FUObjectHashTables data took   0.54ms
[2026.09.16-15.01.17:275][628]LogPlayLevel: Display: Destroying online subsystem :Context_16
[2026.09.16-15.01.43:351][190]LogUObjectHash: Compacting FUObjectHashTables data took   0.52ms
[2026.09.16-15.01.43:360][190]Cmd: OBJ SAVEPACKAGE PACKAGE="/Game/FirstPersonBP/Maps/V2" FILE="D:/inGGIT/SteelEnclo_LD_BO/MyProject/Saved/Autosaves/Game/FirstPersonBP/Maps/V2_Auto5.umap" SILENT=true AUTOSAVING=true KEEPDIRTY=false
[2026.09.16-15.01.43:399][190]LogSavePackage: Moving 'D:/inGGIT/SteelEnclo_LD_BO/MyProject/Saved/V2_Auto5C5C96B2F47DAB04918AB4C857B72059D.tmp' to 'D:/inGGIT/SteelEnclo_LD_BO/MyProject/Saved/Autosaves/Game/FirstPersonBP/Maps/V2_Auto5.umap'
[2026.09.16-15.01.43:401][190]LogFileHelpers: Editor autosave (incl. external actors) for '/Game/FirstPersonBP/Maps/V2' took 0.058
[2026.09.16-15.01.43:401][190]LogFileHelpers: Editor autosave (incl. sublevels & external actors) for all levels took 0.058
[2026.09.16-17.04.05:010][804]LogTemp: Repeating last play command: Selected Viewport
[2026.09.16-17.04.05:018][804]LogPlayLevel: PlayLevel: No blueprints needed recompiling
[2026.09.16-17.04.05:018][804]PIE: New page: PIE session: V2 (Sep 17, 2026, 9:04:05 AM)
[2026.09.16-17.04.05:019][804]LogPlayLevel: Creating play world package: /Game/FirstPersonBP/Maps/UEDPIE_0_V2
[2026.09.16-17.04.05:125][804]LogPlayLevel: PIE: StaticDuplicateObject took: (0.106635s)
[2026.09.16-17.04.05:129][804]LogAIModule: Creating AISystem for world V2
[2026.09.16-17.04.05:129][804]LogPlayLevel: PIE: World Init took: (0.003561s)
[2026.09.16-17.04.05:129][804]LogPlayLevel: PIE: Created PIE world by copying editor world from /Game/FirstPersonBP/Maps/V2.V2 to /Game/FirstPersonBP/Maps/UEDPIE_0_V2.V2 (0.110549s)
[2026.09.16-17.04.05:194][804]LogUObjectHash: Compacting FUObjectHashTables data took   2.54ms
[2026.09.16-17.04.05:196][804]LogAudio: Display: Creating Audio Device:                 Id: 16, Scope: Unique, Realtime: True
[2026.09.16-17.04.05:197][804]LogAudioMixer: Display: Audio Mixer Platform Settings:
[2026.09.16-17.04.05:197][804]LogAudioMixer: Display: 	Sample Rate:						  48000
[2026.09.16-17.04.05:197][804]LogAudioMixer: Display: 	Callback Buffer Frame Size Requested: 1024
[2026.09.16-17.04.05:197][804]LogAudioMixer: Display: 	Callback Buffer Frame Size To Use:	  1024
[2026.09.16-17.04.05:197][804]LogAudioMixer: Display: 	Number of buffers to queue:			  2
[2026.09.16-17.04.05:197][804]LogAudioMixer: Display: 	Max Channels (voices):				  32
[2026.09.16-17.04.05:197][804]LogAudioMixer: Display: 	Number of Async Source Workers:		  0
[2026.09.16-17.04.05:197][804]LogAudio: Display: AudioDevice MaxSources: 32
[2026.09.16-17.04.05:197][804]LogAudio: Display: Audio Spatialization Plugin: None (built-in).
[2026.09.16-17.04.05:197][804]LogAudio: Display: Audio Reverb Plugin: None (built-in).
[2026.09.16-17.04.05:197][804]LogAudio: Display: Audio Occlusion Plugin: None (built-in).
[2026.09.16-17.04.05:197][804]LogAudioMixer: Display: Initializing audio mixer.
[2026.09.16-17.04.05:203][804]LogAudioMixer: Display: 0: FrontLeft
[2026.09.16-17.04.05:203][804]LogAudioMixer: Display: 1: FrontRight
[2026.09.16-17.04.05:240][804]LogAudioMixer: Display: Using Audio Device Headphones (Intel® Smart Sound Technology for Bluetooth® Audio)
[2026.09.16-17.04.05:243][804]LogAudioMixer: Display: Initializing Sound Submixes...
[2026.09.16-17.04.05:243][804]LogAudioMixer: Display: Creating Master Submix 'MasterSubmixDefault'
[2026.09.16-17.04.05:243][804]LogAudioMixer: Display: Creating Master Submix 'MasterReverbSubmixDefault'
[2026.09.16-17.04.05:246][804]LogAudioMixer: Display: Creating Master Submix 'MasterEQSubmixDefault'
[2026.09.16-17.04.05:246][804]LogAudioMixer: FMixerPlatformXAudio2::StartAudioStream() called
[2026.09.16-17.04.05:246][804]LogAudioMixer: Display: Output buffers initialized: Frames=1024, Channels=2, Samples=2048
[2026.09.16-17.04.05:247][804]LogAudioMixer: Display: Starting AudioMixerPlatformInterface::RunInternal()
[2026.09.16-17.04.05:247][804]LogAudioMixer: Display: FMixerPlatformXAudio2::SubmitBuffer() called for the first time
[2026.09.16-17.04.05:247][804]LogInit: FAudioDevice initialized.
[2026.09.16-17.04.05:247][804]LogAudio: Display: Audio Device (ID: 16) registered with world 'V2'.
[2026.09.16-17.04.05:265][804]LogLoad: Game class is 'FirstPersonGameMode_C'
[2026.09.16-17.04.05:270][804]LogWorld: Bringing World /Game/FirstPersonBP/Maps/UEDPIE_0_V2.V2 up for play (max tick rate 60) at 2026.09.17-01.04.05
[2026.09.16-17.04.05:270][804]LogWorld: Bringing up level for play took: 0.004560
[2026.09.16-17.04.05:270][804]LogOnline: OSS: Creating online subsystem instance for: :Context_17
[2026.09.16-17.04.05:275][804]PIE: Server logged in
[2026.09.16-17.04.05:275][804]PIE: Play in editor total start time 0.258 seconds.
[2026.09.16-17.04.55:636][822]LogSlate: Updating window title bar state: overlay mode, drag disabled, window buttons hidden, title bar hidden
[2026.09.16-17.04.55:636][822]LogWorld: BeginTearingDown for /Game/FirstPersonBP/Maps/UEDPIE_0_V2
[2026.09.16-17.04.55:636][822]LogWorld: UWorld::CleanupWorld for V2, bSessionEnded=true, bCleanupResources=true
[2026.09.16-17.04.55:637][822]LogSlate: InvalidateAllWidgets triggered.  All widgets were invalidated
[2026.09.16-17.04.55:653][822]LogPlayLevel: Display: Shutting down PIE online subsystems
[2026.09.16-17.04.55:663][822]LogSlate: InvalidateAllWidgets triggered.  All widgets were invalidated
[2026.09.16-17.04.55:670][822]LogSlate: Updating window title bar state: overlay mode, drag disabled, window buttons hidden, title bar hidden
[2026.09.16-17.04.55:671][822]LogAudioMixer: FMixerPlatformXAudio2::StopAudioStream() called
[2026.09.16-17.04.55:673][822]LogAudioMixer: FMixerPlatformXAudio2::StopAudioStream() called
[2026.09.16-17.04.55:677][822]LogUObjectHash: Compacting FUObjectHashTables data took   0.50ms
[2026.09.16-17.04.55:705][823]LogPlayLevel: Display: Destroying online subsystem :Context_17
[2026.09.16-17.05.00:633][114]Cmd: CAMERA ALIGN ACTIVEVIEWPORTONLY
[2026.09.16-17.05.10:727][706]Cmd: CAMERA ALIGN ACTIVEVIEWPORTONLY
[2026.09.16-17.05.27:587][709]Cmd: CAMERA ALIGN ACTIVEVIEWPORTONLY
[2026.09.16-17.05.41:391][527]Cmd: CAMERA ALIGN ACTIVEVIEWPORTONLY
[2026.09.16-17.05.47:686][901]LogTemp: Repeating last play command: Selected Viewport
[2026.09.16-17.05.47:691][901]LogPlayLevel: PlayLevel: No blueprints needed recompiling
[2026.09.16-17.05.47:691][901]PIE: New page: PIE session: V2 (Sep 17, 2026, 9:05:47 AM)
[2026.09.16-17.05.47:691][901]LogPlayLevel: Creating play world package: /Game/FirstPersonBP/Maps/UEDPIE_0_V2
[2026.09.16-17.05.47:707][901]LogPlayLevel: PIE: StaticDuplicateObject took: (0.016732s)
[2026.09.16-17.05.47:707][901]LogAIModule: Creating AISystem for world V2
[2026.09.16-17.05.47:709][901]LogPlayLevel: PIE: World Init took: (0.000918s)
[2026.09.16-17.05.47:709][901]LogPlayLevel: PIE: Created PIE world by copying editor world from /Game/FirstPersonBP/Maps/V2.V2 to /Game/FirstPersonBP/Maps/UEDPIE_0_V2.V2 (0.017782s)
[2026.09.16-17.05.47:725][901]LogUObjectHash: Compacting FUObjectHashTables data took   1.13ms
[2026.09.16-17.05.47:733][901]LogAudio: Display: Creating Audio Device:                 Id: 17, Scope: Unique, Realtime: True
[2026.09.16-17.05.47:733][901]LogAudioMixer: Display: Audio Mixer Platform Settings:
[2026.09.16-17.05.47:733][901]LogAudioMixer: Display: 	Sample Rate:						  48000
[2026.09.16-17.05.47:733][901]LogAudioMixer: Display: 	Callback Buffer Frame Size Requested: 1024
[2026.09.16-17.05.47:733][901]LogAudioMixer: Display: 	Callback Buffer Frame Size To Use:	  1024
[2026.09.16-17.05.47:733][901]LogAudioMixer: Display: 	Number of buffers to queue:			  2
[2026.09.16-17.05.47:733][901]LogAudioMixer: Display: 	Max Channels (voices):				  32
[2026.09.16-17.05.47:733][901]LogAudioMixer: Display: 	Number of Async Source Workers:		  0
[2026.09.16-17.05.47:733][901]LogAudio: Display: AudioDevice MaxSources: 32
[2026.09.16-17.05.47:734][901]LogAudio: Display: Audio Spatialization Plugin: None (built-in).
[2026.09.16-17.05.47:734][901]LogAudio: Display: Audio Reverb Plugin: None (built-in).
[2026.09.16-17.05.47:734][901]LogAudio: Display: Audio Occlusion Plugin: None (built-in).
[2026.09.16-17.05.47:734][901]LogAudioMixer: Display: Initializing audio mixer.
[2026.09.16-17.05.47:737][901]LogAudioMixer: Display: 0: FrontLeft
[2026.09.16-17.05.47:737][901]LogAudioMixer: Display: 1: FrontRight
[2026.09.16-17.05.47:749][901]LogAudioMixer: Display: Using Audio Device Headphones (Intel® Smart Sound Technology for Bluetooth® Audio)
[2026.09.16-17.05.47:749][901]LogAudioMixer: Display: Initializing Sound Submixes...
[2026.09.16-17.05.47:749][901]LogAudioMixer: Display: Creating Master Submix 'MasterSubmixDefault'
[2026.09.16-17.05.47:749][901]LogAudioMixer: Display: Creating Master Submix 'MasterReverbSubmixDefault'
[2026.09.16-17.05.47:751][901]LogAudioMixer: Display: Creating Master Submix 'MasterEQSubmixDefault'
[2026.09.16-17.05.47:751][901]LogAudioMixer: FMixerPlatformXAudio2::StartAudioStream() called
[2026.09.16-17.05.47:751][901]LogAudioMixer: Display: Output buffers initialized: Frames=1024, Channels=2, Samples=2048
[2026.09.16-17.05.47:752][901]LogAudioMixer: Display: Starting AudioMixerPlatformInterface::RunInternal()
[2026.09.16-17.05.47:752][901]LogAudioMixer: Display: FMixerPlatformXAudio2::SubmitBuffer() called for the first time
[2026.09.16-17.05.47:752][901]LogInit: FAudioDevice initialized.
[2026.09.16-17.05.47:752][901]LogAudio: Display: Audio Device (ID: 17) registered with world 'V2'.
[2026.09.16-17.05.47:770][901]LogLoad: Game class is 'FirstPersonGameMode_C'
[2026.09.16-17.05.47:773][901]LogWorld: Bringing World /Game/FirstPersonBP/Maps/UEDPIE_0_V2.V2 up for play (max tick rate 60) at 2026.09.17-01.05.47
[2026.09.16-17.05.47:773][901]LogWorld: Bringing up level for play took: 0.002365
[2026.09.16-17.05.47:773][901]LogOnline: OSS: Creating online subsystem instance for: :Context_18
[2026.09.16-17.05.47:775][901]PIE: Server logged in
[2026.09.16-17.05.47:775][901]PIE: Play in editor total start time 0.086 seconds.
[2026.09.16-17.05.56:286][408]LogSlate: Updating window title bar state: overlay mode, drag disabled, window buttons hidden, title bar hidden
[2026.09.16-17.05.56:286][408]LogWorld: BeginTearingDown for /Game/FirstPersonBP/Maps/UEDPIE_0_V2
[2026.09.16-17.05.56:286][408]LogWorld: UWorld::CleanupWorld for V2, bSessionEnded=true, bCleanupResources=true
[2026.09.16-17.05.56:286][408]LogSlate: InvalidateAllWidgets triggered.  All widgets were invalidated
[2026.09.16-17.05.56:296][408]LogPlayLevel: Display: Shutting down PIE online subsystems
[2026.09.16-17.05.56:303][408]LogSlate: InvalidateAllWidgets triggered.  All widgets were invalidated
[2026.09.16-17.05.56:310][408]LogAudio: Display: Audio Device unregistered from world 'None'.
[2026.09.16-17.05.56:310][408]LogAudioMixer: FMixerPlatformXAudio2::StopAudioStream() called
[2026.09.16-17.05.56:311][408]LogAudioMixer: FMixerPlatformXAudio2::StopAudioStream() called
[2026.09.16-17.05.56:314][408]LogSlate: Updating window title bar state: overlay mode, drag disabled, window buttons hidden, title bar hidden
[2026.09.16-17.05.56:317][408]LogUObjectHash: Compacting FUObjectHashTables data took   0.84ms
[2026.09.16-17.05.56:360][410]LogPlayLevel: Display: Destroying online subsystem :Context_18
[2026.09.16-17.06.03:039][804]LogTemp: Repeating last play command: Selected Viewport
[2026.09.16-17.06.03:043][804]LogPlayLevel: PlayLevel: No blueprints needed recompiling
[2026.09.16-17.06.03:043][804]PIE: New page: PIE session: V2 (Sep 17, 2026, 9:06:03 AM)
[2026.09.16-17.06.03:065][804]LogPlayLevel: Creating play world package: /Game/FirstPersonBP/Maps/UEDPIE_0_V2
[2026.09.16-17.06.03:081][804]LogPlayLevel: PIE: StaticDuplicateObject took: (0.016332s)
[2026.09.16-17.06.03:082][804]LogAIModule: Creating AISystem for world V2
[2026.09.16-17.06.03:082][804]LogPlayLevel: PIE: World Init took: (0.001076s)
[2026.09.16-17.06.03:082][804]LogPlayLevel: PIE: Created PIE world by copying editor world from /Game/FirstPersonBP/Maps/V2.V2 to /Game/FirstPersonBP/Maps/UEDPIE_0_V2.V2 (0.017595s)
[2026.09.16-17.06.03:089][804]LogUObjectHash: Compacting FUObjectHashTables data took   0.63ms
[2026.09.16-17.06.03:092][804]LogAudio: Display: Creating Audio Device:                 Id: 18, Scope: Unique, Realtime: True
[2026.09.16-17.06.03:092][804]LogAudioMixer: Display: Audio Mixer Platform Settings:
[2026.09.16-17.06.03:092][804]LogAudioMixer: Display: 	Sample Rate:						  48000
[2026.09.16-17.06.03:092][804]LogAudioMixer: Display: 	Callback Buffer Frame Size Requested: 1024
[2026.09.16-17.06.03:092][804]LogAudioMixer: Display: 	Callback Buffer Frame Size To Use:	  1024
[2026.09.16-17.06.03:092][804]LogAudioMixer: Display: 	Number of buffers to queue:			  2
[2026.09.16-17.06.03:092][804]LogAudioMixer: Display: 	Max Channels (voices):				  32
[2026.09.16-17.06.03:092][804]LogAudioMixer: Display: 	Number of Async Source Workers:		  0
[2026.09.16-17.06.03:092][804]LogAudio: Display: AudioDevice MaxSources: 32
[2026.09.16-17.06.03:092][804]LogAudio: Display: Audio Spatialization Plugin: None (built-in).
[2026.09.16-17.06.03:092][804]LogAudio: Display: Audio Reverb Plugin: None (built-in).
[2026.09.16-17.06.03:092][804]LogAudio: Display: Audio Occlusion Plugin: None (built-in).
[2026.09.16-17.06.03:092][804]LogAudioMixer: Display: Initializing audio mixer.
[2026.09.16-17.06.03:097][804]LogAudioMixer: Display: 0: FrontLeft
[2026.09.16-17.06.03:097][804]LogAudioMixer: Display: 1: FrontRight
[2026.09.16-17.06.03:109][804]LogAudioMixer: Display: Using Audio Device Headphones (Intel® Smart Sound Technology for Bluetooth® Audio)
[2026.09.16-17.06.03:110][804]LogAudioMixer: Display: Initializing Sound Submixes...
[2026.09.16-17.06.03:110][804]LogAudioMixer: Display: Creating Master Submix 'MasterSubmixDefault'
[2026.09.16-17.06.03:110][804]LogAudioMixer: Display: Creating Master Submix 'MasterReverbSubmixDefault'
[2026.09.16-17.06.03:110][804]LogAudioMixer: Display: Creating Master Submix 'MasterEQSubmixDefault'
[2026.09.16-17.06.03:110][804]LogAudioMixer: FMixerPlatformXAudio2::StartAudioStream() called
[2026.09.16-17.06.03:110][804]LogAudioMixer: Display: Output buffers initialized: Frames=1024, Channels=2, Samples=2048
[2026.09.16-17.06.03:111][804]LogAudioMixer: Display: Starting AudioMixerPlatformInterface::RunInternal()
[2026.09.16-17.06.03:111][804]LogAudioMixer: Display: FMixerPlatformXAudio2::SubmitBuffer() called for the first time
[2026.09.16-17.06.03:111][804]LogInit: FAudioDevice initialized.
[2026.09.16-17.06.03:111][804]LogAudio: Display: Audio Device (ID: 18) registered with world 'V2'.
[2026.09.16-17.06.03:123][804]LogLoad: Game class is 'FirstPersonGameMode_C'
[2026.09.16-17.06.03:125][804]LogWorld: Bringing World /Game/FirstPersonBP/Maps/UEDPIE_0_V2.V2 up for play (max tick rate 60) at 2026.09.17-01.06.03
[2026.09.16-17.06.03:125][804]LogWorld: Bringing up level for play took: 0.002105
[2026.09.16-17.06.03:125][804]LogOnline: OSS: Creating online subsystem instance for: :Context_19
[2026.09.16-17.06.03:127][804]PIE: Server logged in
[2026.09.16-17.06.03:127][804]PIE: Play in editor total start time 0.085 seconds.
[2026.09.16-17.06.10:105][220]LogSlate: Updating window title bar state: overlay mode, drag disabled, window buttons hidden, title bar hidden
[2026.09.16-17.06.10:105][220]LogWorld: BeginTearingDown for /Game/FirstPersonBP/Maps/UEDPIE_0_V2
[2026.09.16-17.06.10:105][220]LogWorld: UWorld::CleanupWorld for V2, bSessionEnded=true, bCleanupResources=true
[2026.09.16-17.06.10:106][220]LogSlate: InvalidateAllWidgets triggered.  All widgets were invalidated
[2026.09.16-17.06.10:113][220]LogPlayLevel: Display: Shutting down PIE online subsystems
[2026.09.16-17.06.10:120][220]LogSlate: InvalidateAllWidgets triggered.  All widgets were invalidated
[2026.09.16-17.06.10:127][220]LogAudio: Display: Audio Device unregistered from world 'None'.
[2026.09.16-17.06.10:127][220]LogAudioMixer: FMixerPlatformXAudio2::StopAudioStream() called
[2026.09.16-17.06.10:128][220]LogAudioMixer: FMixerPlatformXAudio2::StopAudioStream() called
[2026.09.16-17.06.10:129][220]LogSlate: Updating window title bar state: overlay mode, drag disabled, window buttons hidden, title bar hidden
[2026.09.16-17.06.10:131][220]LogUObjectHash: Compacting FUObjectHashTables data took   0.58ms
[2026.09.16-17.06.10:171][222]LogPlayLevel: Display: Destroying online subsystem :Context_19
[2026.09.16-17.06.47:748][332]LogUObjectHash: Compacting FUObjectHashTables data took   0.62ms
[2026.09.16-17.06.47:761][332]Cmd: OBJ SAVEPACKAGE PACKAGE="/Game/FirstPersonBP/Maps/V2" FILE="D:/inGGIT/SteelEnclo_LD_BO/MyProject/Saved/Autosaves/Game/FirstPersonBP/Maps/V2_Auto6.umap" SILENT=true AUTOSAVING=true KEEPDIRTY=false
[2026.09.16-17.06.47:804][332]LogSavePackage: Moving 'D:/inGGIT/SteelEnclo_LD_BO/MyProject/Saved/V2_Auto6CD9F0A3C416FA5BDC86544B7B70DAE66.tmp' to 'D:/inGGIT/SteelEnclo_LD_BO/MyProject/Saved/Autosaves/Game/FirstPersonBP/Maps/V2_Auto6.umap'
[2026.09.16-17.06.47:805][332]LogFileHelpers: Editor autosave (incl. external actors) for '/Game/FirstPersonBP/Maps/V2' took 0.066
[2026.09.16-17.06.47:805][332]LogFileHelpers: Editor autosave (incl. sublevels & external actors) for all levels took 0.066
[2026.09.16-17.06.58:117][934]LogTemp: Repeating last play command: Selected Viewport
[2026.09.16-17.06.58:120][934]LogPlayLevel: PlayLevel: No blueprints needed recompiling
[2026.09.16-17.06.58:121][934]PIE: New page: PIE session: V2 (Sep 17, 2026, 9:06:58 AM)
[2026.09.16-17.06.58:121][934]LogPlayLevel: Creating play world package: /Game/FirstPersonBP/Maps/UEDPIE_0_V2
[2026.09.16-17.06.58:141][934]LogPlayLevel: PIE: StaticDuplicateObject took: (0.019855s)
[2026.09.16-17.06.58:141][934]LogAIModule: Creating AISystem for world V2
[2026.09.16-17.06.58:141][934]LogPlayLevel: PIE: World Init took: (0.000746s)
[2026.09.16-17.06.58:141][934]LogPlayLevel: PIE: Created PIE world by copying editor world from /Game/FirstPersonBP/Maps/V2.V2 to /Game/FirstPersonBP/Maps/UEDPIE_0_V2.V2 (0.020725s)
[2026.09.16-17.06.58:152][934]LogUObjectHash: Compacting FUObjectHashTables data took   0.77ms
[2026.09.16-17.06.58:155][934]LogAudio: Display: Creating Audio Device:                 Id: 19, Scope: Unique, Realtime: True
[2026.09.16-17.06.58:155][934]LogAudioMixer: Display: Audio Mixer Platform Settings:
[2026.09.16-17.06.58:155][934]LogAudioMixer: Display: 	Sample Rate:						  48000
[2026.09.16-17.06.58:155][934]LogAudioMixer: Display: 	Callback Buffer Frame Size Requested: 1024
[2026.09.16-17.06.58:155][934]LogAudioMixer: Display: 	Callback Buffer Frame Size To Use:	  1024
[2026.09.16-17.06.58:155][934]LogAudioMixer: Display: 	Number of buffers to queue:			  2
[2026.09.16-17.06.58:155][934]LogAudioMixer: Display: 	Max Channels (voices):				  32
[2026.09.16-17.06.58:155][934]LogAudioMixer: Display: 	Number of Async Source Workers:		  0
[2026.09.16-17.06.58:155][934]LogAudio: Display: AudioDevice MaxSources: 32
[2026.09.16-17.06.58:155][934]LogAudio: Display: Audio Spatialization Plugin: None (built-in).
[2026.09.16-17.06.58:155][934]LogAudio: Display: Audio Reverb Plugin: None (built-in).
[2026.09.16-17.06.58:155][934]LogAudio: Display: Audio Occlusion Plugin: None (built-in).
[2026.09.16-17.06.58:155][934]LogAudioMixer: Display: Initializing audio mixer.
[2026.09.16-17.06.58:159][934]LogAudioMixer: Display: 0: FrontLeft
[2026.09.16-17.06.58:159][934]LogAudioMixer: Display: 1: FrontRight
[2026.09.16-17.06.58:170][934]LogAudioMixer: Display: Using Audio Device Headphones (Intel® Smart Sound Technology for Bluetooth® Audio)
[2026.09.16-17.06.58:171][934]LogAudioMixer: Display: Initializing Sound Submixes...
[2026.09.16-17.06.58:171][934]LogAudioMixer: Display: Creating Master Submix 'MasterSubmixDefault'
[2026.09.16-17.06.58:171][934]LogAudioMixer: Display: Creating Master Submix 'MasterReverbSubmixDefault'
[2026.09.16-17.06.58:172][934]LogAudioMixer: Display: Creating Master Submix 'MasterEQSubmixDefault'
[2026.09.16-17.06.58:172][934]LogAudioMixer: FMixerPlatformXAudio2::StartAudioStream() called
[2026.09.16-17.06.58:172][934]LogAudioMixer: Display: Output buffers initialized: Frames=1024, Channels=2, Samples=2048
[2026.09.16-17.06.58:173][934]LogAudioMixer: Display: Starting AudioMixerPlatformInterface::RunInternal()
[2026.09.16-17.06.58:173][934]LogAudioMixer: Display: FMixerPlatformXAudio2::SubmitBuffer() called for the first time
[2026.09.16-17.06.58:173][934]LogInit: FAudioDevice initialized.
[2026.09.16-17.06.58:173][934]LogAudio: Display: Audio Device (ID: 19) registered with world 'V2'.
[2026.09.16-17.06.58:181][934]LogLoad: Game class is 'FirstPersonGameMode_C'
[2026.09.16-17.06.58:183][934]LogWorld: Bringing World /Game/FirstPersonBP/Maps/UEDPIE_0_V2.V2 up for play (max tick rate 60) at 2026.09.17-01.06.58
[2026.09.16-17.06.58:183][934]LogWorld: Bringing up level for play took: 0.002446
[2026.09.16-17.06.58:184][934]LogOnline: OSS: Creating online subsystem instance for: :Context_20
[2026.09.16-17.06.58:186][934]PIE: Server logged in
[2026.09.16-17.06.58:186][934]PIE: Play in editor total start time 0.066 seconds.
[2026.09.16-17.06.59:706][ 22]LogSlate: Updating window title bar state: overlay mode, drag disabled, window buttons hidden, title bar hidden
[2026.09.16-17.06.59:706][ 22]LogWorld: BeginTearingDown for /Game/FirstPersonBP/Maps/UEDPIE_0_V2
[2026.09.16-17.06.59:706][ 22]LogWorld: UWorld::CleanupWorld for V2, bSessionEnded=true, bCleanupResources=true
[2026.09.16-17.06.59:706][ 22]LogSlate: InvalidateAllWidgets triggered.  All widgets were invalidated
[2026.09.16-17.06.59:716][ 22]LogPlayLevel: Display: Shutting down PIE online subsystems
[2026.09.16-17.06.59:724][ 22]LogSlate: InvalidateAllWidgets triggered.  All widgets were invalidated
[2026.09.16-17.06.59:735][ 22]LogSlate: Updating window title bar state: overlay mode, drag disabled, window buttons hidden, title bar hidden
[2026.09.16-17.06.59:735][ 22]LogAudioMixer: FMixerPlatformXAudio2::StopAudioStream() called
[2026.09.16-17.06.59:736][ 22]LogAudioMixer: FMixerPlatformXAudio2::StopAudioStream() called
[2026.09.16-17.06.59:740][ 22]LogUObjectHash: Compacting FUObjectHashTables data took   0.75ms
[2026.09.16-17.06.59:780][ 24]LogPlayLevel: Display: Destroying online subsystem :Context_20
[2026.09.16-17.07.02:179][167]Cmd: CAMERA ALIGN ACTIVEVIEWPORTONLY
[2026.09.16-17.07.04:875][326]Cmd: EDCALLBACK SURFPROPS
[2026.09.16-17.07.07:478][482]LogActorComponent: UnregisterComponent: (/Engine/Transient.SphereBrushComponent) Not registered. Aborting.
[2026.09.16-17.07.12:461][779]LogGeometryMode: Warning: Unable to find BoxBrush53 Brush(s) in new BSP
[2026.09.16-17.07.12:462][779]LogGeometryMode: Warning: Unable to find all previously selected geometry data, resetting selection
[2026.09.16-17.07.16:526][ 20]LogTemp: Repeating last play command: Selected Viewport
[2026.09.16-17.07.16:529][ 20]LogPlayLevel: PlayLevel: No blueprints needed recompiling
[2026.09.16-17.07.16:529][ 20]PIE: New page: PIE session: V2 (Sep 17, 2026, 9:07:16 AM)
[2026.09.16-17.07.16:530][ 20]LogPlayLevel: Creating play world package: /Game/FirstPersonBP/Maps/UEDPIE_0_V2
[2026.09.16-17.07.16:548][ 20]LogPlayLevel: PIE: StaticDuplicateObject took: (0.018688s)
[2026.09.16-17.07.16:549][ 20]LogAIModule: Creating AISystem for world V2
[2026.09.16-17.07.16:549][ 20]LogPlayLevel: PIE: World Init took: (0.000741s)
[2026.09.16-17.07.16:549][ 20]LogPlayLevel: PIE: Created PIE world by copying editor world from /Game/FirstPersonBP/Maps/V2.V2 to /Game/FirstPersonBP/Maps/UEDPIE_0_V2.V2 (0.019554s)
[2026.09.16-17.07.16:557][ 20]LogUObjectHash: Compacting FUObjectHashTables data took   0.65ms
[2026.09.16-17.07.16:558][ 20]LogAudio: Display: Creating Audio Device:                 Id: 20, Scope: Unique, Realtime: True
[2026.09.16-17.07.16:558][ 20]LogAudioMixer: Display: Audio Mixer Platform Settings:
[2026.09.16-17.07.16:558][ 20]LogAudioMixer: Display: 	Sample Rate:						  48000
[2026.09.16-17.07.16:558][ 20]LogAudioMixer: Display: 	Callback Buffer Frame Size Requested: 1024
[2026.09.16-17.07.16:558][ 20]LogAudioMixer: Display: 	Callback Buffer Frame Size To Use:	  1024
[2026.09.16-17.07.16:558][ 20]LogAudioMixer: Display: 	Number of buffers to queue:			  2
[2026.09.16-17.07.16:558][ 20]LogAudioMixer: Display: 	Max Channels (voices):				  32
[2026.09.16-17.07.16:558][ 20]LogAudioMixer: Display: 	Number of Async Source Workers:		  0
[2026.09.16-17.07.16:558][ 20]LogAudio: Display: AudioDevice MaxSources: 32
[2026.09.16-17.07.16:558][ 20]LogAudio: Display: Audio Spatialization Plugin: None (built-in).
[2026.09.16-17.07.16:558][ 20]LogAudio: Display: Audio Reverb Plugin: None (built-in).
[2026.09.16-17.07.16:560][ 20]LogAudio: Display: Audio Occlusion Plugin: None (built-in).
[2026.09.16-17.07.16:560][ 20]LogAudioMixer: Display: Initializing audio mixer.
[2026.09.16-17.07.16:563][ 20]LogAudioMixer: Display: 0: FrontLeft
[2026.09.16-17.07.16:563][ 20]LogAudioMixer: Display: 1: FrontRight
[2026.09.16-17.07.16:574][ 20]LogAudioMixer: Display: Using Audio Device Headphones (Intel® Smart Sound Technology for Bluetooth® Audio)
[2026.09.16-17.07.16:575][ 20]LogAudioMixer: Display: Initializing Sound Submixes...
[2026.09.16-17.07.16:575][ 20]LogAudioMixer: Display: Creating Master Submix 'MasterSubmixDefault'
[2026.09.16-17.07.16:575][ 20]LogAudioMixer: Display: Creating Master Submix 'MasterReverbSubmixDefault'
[2026.09.16-17.07.16:576][ 20]LogAudioMixer: Display: Creating Master Submix 'MasterEQSubmixDefault'
[2026.09.16-17.07.16:576][ 20]LogAudioMixer: FMixerPlatformXAudio2::StartAudioStream() called
[2026.09.16-17.07.16:576][ 20]LogAudioMixer: Display: Output buffers initialized: Frames=1024, Channels=2, Samples=2048
[2026.09.16-17.07.16:577][ 20]LogAudioMixer: Display: Starting AudioMixerPlatformInterface::RunInternal()
[2026.09.16-17.07.16:577][ 20]LogAudioMixer: Display: FMixerPlatformXAudio2::SubmitBuffer() called for the first time
[2026.09.16-17.07.16:577][ 20]LogInit: FAudioDevice initialized.
[2026.09.16-17.07.16:577][ 20]LogAudio: Display: Audio Device (ID: 20) registered with world 'V2'.
[2026.09.16-17.07.16:587][ 20]LogLoad: Game class is 'FirstPersonGameMode_C'
[2026.09.16-17.07.16:590][ 20]LogWorld: Bringing World /Game/FirstPersonBP/Maps/UEDPIE_0_V2.V2 up for play (max tick rate 60) at 2026.09.17-01.07.16
[2026.09.16-17.07.16:590][ 20]LogWorld: Bringing up level for play took: 0.002577
[2026.09.16-17.07.16:590][ 20]LogOnline: OSS: Creating online subsystem instance for: :Context_21
[2026.09.16-17.07.16:592][ 20]PIE: Server logged in
[2026.09.16-17.07.16:593][ 20]PIE: Play in editor total start time 0.064 seconds.
[2026.09.16-17.07.19:485][191]LogSlate: Updating window title bar state: overlay mode, drag disabled, window buttons hidden, title bar hidden
[2026.09.16-17.07.19:485][191]LogWorld: BeginTearingDown for /Game/FirstPersonBP/Maps/UEDPIE_0_V2
[2026.09.16-17.07.19:485][191]LogWorld: UWorld::CleanupWorld for V2, bSessionEnded=true, bCleanupResources=true
[2026.09.16-17.07.19:485][191]LogSlate: InvalidateAllWidgets triggered.  All widgets were invalidated
[2026.09.16-17.07.19:495][191]LogPlayLevel: Display: Shutting down PIE online subsystems
[2026.09.16-17.07.19:502][191]LogSlate: InvalidateAllWidgets triggered.  All widgets were invalidated
[2026.09.16-17.07.19:511][191]LogAudio: Display: Audio Device unregistered from world 'None'.
[2026.09.16-17.07.19:511][191]LogAudioMixer: FMixerPlatformXAudio2::StopAudioStream() called
[2026.09.16-17.07.19:513][191]LogAudioMixer: FMixerPlatformXAudio2::StopAudioStream() called
[2026.09.16-17.07.19:514][191]LogSlate: Updating window title bar state: overlay mode, drag disabled, window buttons hidden, title bar hidden
[2026.09.16-17.07.19:516][191]LogUObjectHash: Compacting FUObjectHashTables data took   0.63ms
[2026.09.16-17.07.19:565][193]LogPlayLevel: Display: Destroying online subsystem :Context_21
[2026.09.16-17.07.24:069][462]Cmd: CAMERA ALIGN ACTIVEVIEWPORTONLY
[2026.09.16-17.07.25:265][531]Cmd: TRANSACTION UNDO
[2026.09.16-17.07.25:265][531]LogEditorTransaction: Undo Move Actors
[2026.09.16-17.07.25:289][531]LogActorComponent: RegisterComponentWithWorld: (/Game/FirstPersonBP/Maps/V2.V2:PersistentLevel.BoxBrush51_68.BrushComponent0) Trying to register component with IsPendingKill() == true. Aborting.
[2026.09.16-17.07.30:204][821]LogGeometryMode: Warning: Unable to find BoxBrush50 Brush(s) in new BSP
[2026.09.16-17.07.30:204][821]LogGeometryMode: Warning: Unable to find all previously selected geometry data, resetting selection
[2026.09.16-17.07.30:408][832]LogEditorViewport: Clicking on Actor (double click): Brush (Box Brush50)
[2026.09.16-17.07.31:212][879]Cmd: EDCALLBACK SURFPROPS
[2026.09.16-17.07.32:545][956]Cmd: EDCALLBACK SURFPROPS
[2026.09.16-17.07.38:276][297]LogGeometryMode: Warning: Unable to find BoxBrush52 Brush(s) in new BSP
[2026.09.16-17.07.38:276][297]LogGeometryMode: Warning: Unable to find all previously selected geometry data, resetting selection
[2026.09.16-17.07.41:314][476]LogGeometryMode: Warning: Unable to find BoxBrush53 Brush(s) in new BSP
[2026.09.16-17.07.41:314][476]LogGeometryMode: Warning: Unable to find all previously selected geometry data, resetting selection
[2026.09.16-17.07.44:912][689]LogGeometryMode: Warning: Unable to find BoxBrush49 Brush(s) in new BSP
[2026.09.16-17.07.44:912][689]LogGeometryMode: Warning: Unable to find all previously selected geometry data, resetting selection
[2026.09.16-17.07.45:198][705]LogEditorViewport: Clicking on Actor (double click): Brush (Box Brush49)
[2026.09.16-17.07.48:059][875]LogGeometryMode: Warning: Unable to find BoxBrush43 Brush(s) in new BSP
[2026.09.16-17.07.48:059][875]LogGeometryMode: Warning: Unable to find all previously selected geometry data, resetting selection
[2026.09.16-17.07.52:230][121]LogGeometryMode: Warning: Unable to find BoxBrush44 Brush(s) in new BSP
[2026.09.16-17.07.52:230][121]LogGeometryMode: Warning: Unable to find all previously selected geometry data, resetting selection
[2026.09.16-17.07.53:165][176]Cmd: CAMERA ALIGN ACTIVEVIEWPORTONLY
[2026.09.16-17.07.58:508][493]LogGeometryMode: Warning: Unable to find BoxBrush48 Brush(s) in new BSP
[2026.09.16-17.07.58:509][493]LogGeometryMode: Warning: Unable to find all previously selected geometry data, resetting selection
[2026.09.16-17.08.00:769][626]LogGeometryMode: Warning: Unable to find BoxBrush47 Brush(s) in new BSP
[2026.09.16-17.08.00:769][626]LogGeometryMode: Warning: Unable to find all previously selected geometry data, resetting selection
[2026.09.16-17.08.01:052][642]LogEditorViewport: Clicking on Actor (double click): Brush (Box Brush47)
[2026.09.16-17.08.04:984][876]LogGeometryMode: Warning: Unable to find BoxBrush46 Brush(s) in new BSP
[2026.09.16-17.08.04:984][876]LogGeometryMode: Warning: Unable to find all previously selected geometry data, resetting selection
[2026.09.16-17.08.07:211][  7]LogGeometryMode: Warning: Unable to find BoxBrush45 Brush(s) in new BSP
[2026.09.16-17.08.07:212][  7]LogGeometryMode: Warning: Unable to find all previously selected geometry data, resetting selection
[2026.09.16-17.08.09:307][130]LogGeometryMode: Warning: Unable to find BoxBrush6_56 Brush(s) in new BSP
[2026.09.16-17.08.09:307][130]LogGeometryMode: Warning: Unable to find all previously selected geometry data, resetting selection
[2026.09.16-17.08.12:017][288]Cmd: CAMERA ALIGN ACTIVEVIEWPORTONLY
[2026.09.16-17.08.14:271][423]LogEditorViewport: Clicking on Actor (LMB): BP_Sky_Sphere_C (SkySphereBlueprint)
[2026.09.16-17.10.59:849][968]Cmd: CAMERA ALIGN ACTIVEVIEWPORTONLY
[2026.09.16-17.11.00:279][993]LogEditorViewport: Clicking on Actor (LMB): StaticMeshActor (Floor3)
[2026.09.16-17.11.01:490][ 60]Cmd: CAMERA ALIGN ACTIVEVIEWPORTONLY
[2026.09.16-17.11.23:637][354]Cmd: CAMERA ALIGN ACTIVEVIEWPORTONLY
[2026.09.16-17.11.34:171][979]Cmd: TRANSACTION UNDO
[2026.09.16-17.11.34:171][979]LogEditorTransaction: Undo Move Actors
[2026.09.16-17.11.34:195][979]LogActorComponent: RegisterComponentWithWorld: (/Game/FirstPersonBP/Maps/V2.V2:PersistentLevel.BoxBrush64_80.BrushComponent0) Trying to register component with IsPendingKill() == true. Aborting.
[2026.09.16-17.12.02:057][614]Cmd: CAMERA ALIGN ACTIVEVIEWPORTONLY
[2026.09.16-17.12.07:884][962]Cmd: CAMERA ALIGN ACTIVEVIEWPORTONLY
[2026.09.16-17.12.19:634][656]LogTemp: Repeating last play command: Selected Viewport
[2026.09.16-17.12.19:638][656]LogPlayLevel: PlayLevel: No blueprints needed recompiling
[2026.09.16-17.12.19:638][656]PIE: New page: PIE session: V2 (Sep 17, 2026, 9:12:19 AM)
[2026.09.16-17.12.19:638][656]LogPlayLevel: Creating play world package: /Game/FirstPersonBP/Maps/UEDPIE_0_V2
[2026.09.16-17.12.19:655][656]LogPlayLevel: PIE: StaticDuplicateObject took: (0.018162s)
[2026.09.16-17.12.19:657][656]LogAIModule: Creating AISystem for world V2
[2026.09.16-17.12.19:657][656]LogPlayLevel: PIE: World Init took: (0.001079s)
[2026.09.16-17.12.19:657][656]LogPlayLevel: PIE: Created PIE world by copying editor world from /Game/FirstPersonBP/Maps/V2.V2 to /Game/FirstPersonBP/Maps/UEDPIE_0_V2.V2 (0.019373s)
[2026.09.16-17.12.19:679][656]LogUObjectHash: Compacting FUObjectHashTables data took   0.96ms
[2026.09.16-17.12.19:685][656]LogAudio: Display: Creating Audio Device:                 Id: 21, Scope: Unique, Realtime: True
[2026.09.16-17.12.19:685][656]LogAudioMixer: Display: Audio Mixer Platform Settings:
[2026.09.16-17.12.19:685][656]LogAudioMixer: Display: 	Sample Rate:						  48000
[2026.09.16-17.12.19:685][656]LogAudioMixer: Display: 	Callback Buffer Frame Size Requested: 1024
[2026.09.16-17.12.19:685][656]LogAudioMixer: Display: 	Callback Buffer Frame Size To Use:	  1024
[2026.09.16-17.12.19:685][656]LogAudioMixer: Display: 	Number of buffers to queue:			  2
[2026.09.16-17.12.19:685][656]LogAudioMixer: Display: 	Max Channels (voices):				  32
[2026.09.16-17.12.19:685][656]LogAudioMixer: Display: 	Number of Async Source Workers:		  0
[2026.09.16-17.12.19:685][656]LogAudio: Display: AudioDevice MaxSources: 32
[2026.09.16-17.12.19:685][656]LogAudio: Display: Audio Spatialization Plugin: None (built-in).
[2026.09.16-17.12.19:685][656]LogAudio: Display: Audio Reverb Plugin: None (built-in).
[2026.09.16-17.12.19:685][656]LogAudio: Display: Audio Occlusion Plugin: None (built-in).
[2026.09.16-17.12.19:685][656]LogAudioMixer: Display: Initializing audio mixer.
[2026.09.16-17.12.19:689][656]LogAudioMixer: Display: 0: FrontLeft
[2026.09.16-17.12.19:689][656]LogAudioMixer: Display: 1: FrontRight
[2026.09.16-17.12.19:700][656]LogAudioMixer: Display: Using Audio Device Headphones (Intel® Smart Sound Technology for Bluetooth® Audio)
[2026.09.16-17.12.19:701][656]LogAudioMixer: Display: Initializing Sound Submixes...
[2026.09.16-17.12.19:701][656]LogAudioMixer: Display: Creating Master Submix 'MasterSubmixDefault'
[2026.09.16-17.12.19:701][656]LogAudioMixer: Display: Creating Master Submix 'MasterReverbSubmixDefault'
[2026.09.16-17.12.19:701][656]LogAudioMixer: Display: Creating Master Submix 'MasterEQSubmixDefault'
[2026.09.16-17.12.19:701][656]LogAudioMixer: FMixerPlatformXAudio2::StartAudioStream() called
[2026.09.16-17.12.19:701][656]LogAudioMixer: Display: Output buffers initialized: Frames=1024, Channels=2, Samples=2048
[2026.09.16-17.12.19:703][656]LogAudioMixer: Display: Starting AudioMixerPlatformInterface::RunInternal()
[2026.09.16-17.12.19:703][656]LogAudioMixer: Display: FMixerPlatformXAudio2::SubmitBuffer() called for the first time
[2026.09.16-17.12.19:703][656]LogInit: FAudioDevice initialized.
[2026.09.16-17.12.19:703][656]LogAudio: Display: Audio Device (ID: 21) registered with world 'V2'.
[2026.09.16-17.12.19:714][656]LogLoad: Game class is 'FirstPersonGameMode_C'
[2026.09.16-17.12.19:716][656]LogWorld: Bringing World /Game/FirstPersonBP/Maps/UEDPIE_0_V2.V2 up for play (max tick rate 60) at 2026.09.17-01.12.19
[2026.09.16-17.12.19:717][656]LogWorld: Bringing up level for play took: 0.002046
[2026.09.16-17.12.19:717][656]LogOnline: OSS: Creating online subsystem instance for: :Context_22
[2026.09.16-17.12.19:719][656]PIE: Server logged in
[2026.09.16-17.12.19:719][656]PIE: Play in editor total start time 0.082 seconds.
[2026.09.16-17.12.29:154][219]LogSlate: Updating window title bar state: overlay mode, drag disabled, window buttons hidden, title bar hidden
[2026.09.16-17.12.29:154][219]LogWorld: BeginTearingDown for /Game/FirstPersonBP/Maps/UEDPIE_0_V2
[2026.09.16-17.12.29:155][219]LogWorld: UWorld::CleanupWorld for V2, bSessionEnded=true, bCleanupResources=true
[2026.09.16-17.12.29:155][219]LogSlate: InvalidateAllWidgets triggered.  All widgets were invalidated
[2026.09.16-17.12.29:161][219]LogPlayLevel: Display: Shutting down PIE online subsystems
[2026.09.16-17.12.29:168][219]LogSlate: InvalidateAllWidgets triggered.  All widgets were invalidated
[2026.09.16-17.12.29:178][219]LogSlate: Updating window title bar state: overlay mode, drag disabled, window buttons hidden, title bar hidden
[2026.09.16-17.12.29:178][219]LogAudioMixer: FMixerPlatformXAudio2::StopAudioStream() called
[2026.09.16-17.12.29:179][219]LogAudioMixer: FMixerPlatformXAudio2::StopAudioStream() called
[2026.09.16-17.12.29:182][219]LogUObjectHash: Compacting FUObjectHashTables data took   0.95ms
[2026.09.16-17.12.29:224][221]LogPlayLevel: Display: Destroying online subsystem :Context_22
[2026.09.16-17.12.51:874][757]LogEditorViewport: Clicking on Actor (LMB): BP_Sky_Sphere_C (SkySphereBlueprint)
[2026.09.16-17.17.02:200][618]LogUObjectHash: Compacting FUObjectHashTables data took   0.81ms
[2026.09.16-17.17.02:203][618]Cmd: OBJ SAVEPACKAGE PACKAGE="/Game/FirstPersonBP/Maps/V2" FILE="D:/inGGIT/SteelEnclo_LD_BO/MyProject/Saved/Autosaves/Game/FirstPersonBP/Maps/V2_Auto7.umap" SILENT=true AUTOSAVING=true KEEPDIRTY=false
[2026.09.16-17.17.02:254][618]LogSavePackage: Moving 'D:/inGGIT/SteelEnclo_LD_BO/MyProject/Saved/V2_Auto7E84E478E47C0DF4B69882EA39E2F9C70.tmp' to 'D:/inGGIT/SteelEnclo_LD_BO/MyProject/Saved/Autosaves/Game/FirstPersonBP/Maps/V2_Auto7.umap'
[2026.09.16-17.17.02:255][618]LogFileHelpers: Editor autosave (incl. external actors) for '/Game/FirstPersonBP/Maps/V2' took 0.072
[2026.09.16-17.17.02:255][618]LogFileHelpers: Editor autosave (incl. sublevels & external actors) for all levels took 0.072
[2026.09.16-17.17.29:721][779]LogTemp: Repeating last play command: Selected Viewport
[2026.09.16-17.17.29:724][779]LogPlayLevel: PlayLevel: No blueprints needed recompiling
[2026.09.16-17.17.29:724][779]PIE: New page: PIE session: V2 (Sep 17, 2026, 9:17:29 AM)
[2026.09.16-17.17.29:725][779]LogPlayLevel: Creating play world package: /Game/FirstPersonBP/Maps/UEDPIE_0_V2
[2026.09.16-17.17.29:747][779]LogPlayLevel: PIE: StaticDuplicateObject took: (0.021820s)
[2026.09.16-17.17.29:748][779]LogAIModule: Creating AISystem for world V2
[2026.09.16-17.17.29:748][779]LogPlayLevel: PIE: World Init took: (0.000896s)
[2026.09.16-17.17.29:748][779]LogPlayLevel: PIE: Created PIE world by copying editor world from /Game/FirstPersonBP/Maps/V2.V2 to /Game/FirstPersonBP/Maps/UEDPIE_0_V2.V2 (0.022863s)
[2026.09.16-17.17.29:757][779]LogUObjectHash: Compacting FUObjectHashTables data took   0.67ms
[2026.09.16-17.17.29:759][779]LogAudio: Display: Creating Audio Device:                 Id: 22, Scope: Unique, Realtime: True
[2026.09.16-17.17.29:759][779]LogAudioMixer: Display: Audio Mixer Platform Settings:
[2026.09.16-17.17.29:759][779]LogAudioMixer: Display: 	Sample Rate:						  48000
[2026.09.16-17.17.29:759][779]LogAudioMixer: Display: 	Callback Buffer Frame Size Requested: 1024
[2026.09.16-17.17.29:759][779]LogAudioMixer: Display: 	Callback Buffer Frame Size To Use:	  1024
[2026.09.16-17.17.29:759][779]LogAudioMixer: Display: 	Number of buffers to queue:			  2
[2026.09.16-17.17.29:759][779]LogAudioMixer: Display: 	Max Channels (voices):				  32
[2026.09.16-17.17.29:759][779]LogAudioMixer: Display: 	Number of Async Source Workers:		  0
[2026.09.16-17.17.29:759][779]LogAudio: Display: AudioDevice MaxSources: 32
[2026.09.16-17.17.29:759][779]LogAudio: Display: Audio Spatialization Plugin: None (built-in).
[2026.09.16-17.17.29:759][779]LogAudio: Display: Audio Reverb Plugin: None (built-in).
[2026.09.16-17.17.29:759][779]LogAudio: Display: Audio Occlusion Plugin: None (built-in).
[2026.09.16-17.17.29:759][779]LogAudioMixer: Display: Initializing audio mixer.
[2026.09.16-17.17.29:763][779]LogAudioMixer: Display: 0: FrontLeft
[2026.09.16-17.17.29:763][779]LogAudioMixer: Display: 1: FrontRight
[2026.09.16-17.17.29:775][779]LogAudioMixer: Display: Using Audio Device Headphones (Intel® Smart Sound Technology for Bluetooth® Audio)
[2026.09.16-17.17.29:776][779]LogAudioMixer: Display: Initializing Sound Submixes...
[2026.09.16-17.17.29:776][779]LogAudioMixer: Display: Creating Master Submix 'MasterSubmixDefault'
[2026.09.16-17.17.29:776][779]LogAudioMixer: Display: Creating Master Submix 'MasterReverbSubmixDefault'
[2026.09.16-17.17.29:777][779]LogAudioMixer: Display: Creating Master Submix 'MasterEQSubmixDefault'
[2026.09.16-17.17.29:777][779]LogAudioMixer: FMixerPlatformXAudio2::StartAudioStream() called
[2026.09.16-17.17.29:777][779]LogAudioMixer: Display: Output buffers initialized: Frames=1024, Channels=2, Samples=2048
[2026.09.16-17.17.29:778][779]LogAudioMixer: Display: Starting AudioMixerPlatformInterface::RunInternal()
[2026.09.16-17.17.29:778][779]LogAudioMixer: Display: FMixerPlatformXAudio2::SubmitBuffer() called for the first time
[2026.09.16-17.17.29:778][779]LogInit: FAudioDevice initialized.
[2026.09.16-17.17.29:778][779]LogAudio: Display: Audio Device (ID: 22) registered with world 'V2'.
[2026.09.16-17.17.29:786][779]LogLoad: Game class is 'FirstPersonGameMode_C'
[2026.09.16-17.17.29:789][779]LogWorld: Bringing World /Game/FirstPersonBP/Maps/UEDPIE_0_V2.V2 up for play (max tick rate 60) at 2026.09.17-01.17.29
[2026.09.16-17.17.29:789][779]LogWorld: Bringing up level for play took: 0.002411
[2026.09.16-17.17.29:789][779]LogOnline: OSS: Creating online subsystem instance for: :Context_23
[2026.09.16-17.17.29:791][779]PIE: Server logged in
[2026.09.16-17.17.29:791][779]PIE: Play in editor total start time 0.068 seconds.
[2026.09.16-17.17.36:393][172]LogSlate: Updating window title bar state: overlay mode, drag disabled, window buttons hidden, title bar hidden
[2026.09.16-17.17.36:393][172]LogWorld: BeginTearingDown for /Game/FirstPersonBP/Maps/UEDPIE_0_V2
[2026.09.16-17.17.36:393][172]LogWorld: UWorld::CleanupWorld for V2, bSessionEnded=true, bCleanupResources=true
[2026.09.16-17.17.36:394][172]LogSlate: InvalidateAllWidgets triggered.  All widgets were invalidated
[2026.09.16-17.17.36:403][172]LogPlayLevel: Display: Shutting down PIE online subsystems
[2026.09.16-17.17.36:408][172]LogSlate: InvalidateAllWidgets triggered.  All widgets were invalidated
[2026.09.16-17.17.36:418][172]LogAudio: Display: Audio Device unregistered from world 'None'.
[2026.09.16-17.17.36:419][172]LogAudioMixer: FMixerPlatformXAudio2::StopAudioStream() called
[2026.09.16-17.17.36:420][172]LogAudioMixer: FMixerPlatformXAudio2::StopAudioStream() called
[2026.09.16-17.17.36:422][172]LogSlate: Updating window title bar state: overlay mode, drag disabled, window buttons hidden, title bar hidden
[2026.09.16-17.17.36:425][172]LogUObjectHash: Compacting FUObjectHashTables data took   0.83ms
[2026.09.16-17.17.36:468][174]LogPlayLevel: Display: Destroying online subsystem :Context_23
[2026.09.16-17.17.46:831][780]LogEditorViewport: Clicking on Actor (LMB): BP_Sky_Sphere_C (SkySphereBlueprint)
[2026.09.16-17.17.59:942][548]Cmd: CAMERA ALIGN ACTIVEVIEWPORTONLY
[2026.09.16-17.18.08:204][ 36]Cmd: CAMERA ALIGN ACTIVEVIEWPORTONLY
[2026.09.16-17.18.20:836][783]LogEditorViewport: Clicking on Actor (LMB): BP_Sky_Sphere_C (SkySphereBlueprint)
[2026.09.16-17.27.09:366][  7]LogUObjectHash: Compacting FUObjectHashTables data took   1.16ms
[2026.09.16-17.27.09:377][  7]Cmd: OBJ SAVEPACKAGE PACKAGE="/Game/FirstPersonBP/Maps/V2" FILE="D:/inGGIT/SteelEnclo_LD_BO/MyProject/Saved/Autosaves/Game/FirstPersonBP/Maps/V2_Auto8.umap" SILENT=true AUTOSAVING=true KEEPDIRTY=false
[2026.09.16-17.27.09:438][  7]LogSavePackage: Moving 'D:/inGGIT/SteelEnclo_LD_BO/MyProject/Saved/V2_Auto89805FB2747B8DB3A877C5ABC25856C22.tmp' to 'D:/inGGIT/SteelEnclo_LD_BO/MyProject/Saved/Autosaves/Game/FirstPersonBP/Maps/V2_Auto8.umap'
[2026.09.16-17.27.09:441][  7]LogFileHelpers: Editor autosave (incl. external actors) for '/Game/FirstPersonBP/Maps/V2' took 0.095
[2026.09.16-17.27.09:441][  7]LogFileHelpers: Editor autosave (incl. sublevels & external actors) for all levels took 0.095
[2026.09.16-17.41.26:152][ 97]Cmd: CAMERA ALIGN ACTIVEVIEWPORTONLY
[2026.09.16-17.41.40:911][982]LogTemp: Repeating last play command: Selected Viewport
[2026.09.16-17.41.40:914][982]LogPlayLevel: PlayLevel: No blueprints needed recompiling
[2026.09.16-17.41.40:914][982]PIE: New page: PIE session: V2 (Sep 17, 2026, 9:41:40 AM)
[2026.09.16-17.41.40:937][982]LogPlayLevel: Creating play world package: /Game/FirstPersonBP/Maps/UEDPIE_0_V2
[2026.09.16-17.41.40:957][982]LogPlayLevel: PIE: StaticDuplicateObject took: (0.020846s)
[2026.09.16-17.41.40:959][982]LogAIModule: Creating AISystem for world V2
[2026.09.16-17.41.40:959][982]LogPlayLevel: PIE: World Init took: (0.002232s)
[2026.09.16-17.41.40:959][982]LogPlayLevel: PIE: Created PIE world by copying editor world from /Game/FirstPersonBP/Maps/V2.V2 to /Game/FirstPersonBP/Maps/UEDPIE_0_V2.V2 (0.023269s)
[2026.09.16-17.41.40:971][982]LogUObjectHash: Compacting FUObjectHashTables data took   0.77ms
[2026.09.16-17.41.40:973][982]LogAudio: Display: Creating Audio Device:                 Id: 23, Scope: Unique, Realtime: True
[2026.09.16-17.41.40:973][982]LogAudioMixer: Display: Audio Mixer Platform Settings:
[2026.09.16-17.41.40:973][982]LogAudioMixer: Display: 	Sample Rate:						  48000
[2026.09.16-17.41.40:973][982]LogAudioMixer: Display: 	Callback Buffer Frame Size Requested: 1024
[2026.09.16-17.41.40:973][982]LogAudioMixer: Display: 	Callback Buffer Frame Size To Use:	  1024
[2026.09.16-17.41.40:973][982]LogAudioMixer: Display: 	Number of buffers to queue:			  2
[2026.09.16-17.41.40:973][982]LogAudioMixer: Display: 	Max Channels (voices):				  32
[2026.09.16-17.41.40:973][982]LogAudioMixer: Display: 	Number of Async Source Workers:		  0
[2026.09.16-17.41.40:973][982]LogAudio: Display: AudioDevice MaxSources: 32
[2026.09.16-17.41.40:973][982]LogAudio: Display: Audio Spatialization Plugin: None (built-in).
[2026.09.16-17.41.40:973][982]LogAudio: Display: Audio Reverb Plugin: None (built-in).
[2026.09.16-17.41.40:973][982]LogAudio: Display: Audio Occlusion Plugin: None (built-in).
[2026.09.16-17.41.40:973][982]LogAudioMixer: Display: Initializing audio mixer.
[2026.09.16-17.41.40:977][982]LogAudioMixer: Display: 0: FrontLeft
[2026.09.16-17.41.40:977][982]LogAudioMixer: Display: 1: FrontRight
[2026.09.16-17.41.40:989][982]LogAudioMixer: Display: Using Audio Device Headphones (Intel® Smart Sound Technology for Bluetooth® Audio)
[2026.09.16-17.41.40:990][982]LogAudioMixer: Display: Initializing Sound Submixes...
[2026.09.16-17.41.40:990][982]LogAudioMixer: Display: Creating Master Submix 'MasterSubmixDefault'
[2026.09.16-17.41.40:990][982]LogAudioMixer: Display: Creating Master Submix 'MasterReverbSubmixDefault'
[2026.09.16-17.41.40:990][982]LogAudioMixer: Display: Creating Master Submix 'MasterEQSubmixDefault'
[2026.09.16-17.41.40:990][982]LogAudioMixer: FMixerPlatformXAudio2::StartAudioStream() called
[2026.09.16-17.41.40:990][982]LogAudioMixer: Display: Output buffers initialized: Frames=1024, Channels=2, Samples=2048
[2026.09.16-17.41.40:991][982]LogAudioMixer: Display: Starting AudioMixerPlatformInterface::RunInternal()
[2026.09.16-17.41.40:991][982]LogAudioMixer: Display: FMixerPlatformXAudio2::SubmitBuffer() called for the first time
[2026.09.16-17.41.40:991][982]LogInit: FAudioDevice initialized.
[2026.09.16-17.41.40:991][982]LogAudio: Display: Audio Device (ID: 23) registered with world 'V2'.
[2026.09.16-17.41.41:000][982]LogLoad: Game class is 'FirstPersonGameMode_C'
[2026.09.16-17.41.41:002][982]LogWorld: Bringing World /Game/FirstPersonBP/Maps/UEDPIE_0_V2.V2 up for play (max tick rate 60) at 2026.09.17-01.41.41
[2026.09.16-17.41.41:004][982]LogWorld: Bringing up level for play took: 0.002617
[2026.09.16-17.41.41:004][982]LogOnline: OSS: Creating online subsystem instance for: :Context_24
[2026.09.16-17.41.41:005][982]PIE: Server logged in
[2026.09.16-17.41.41:006][982]PIE: Play in editor total start time 0.092 seconds.
[2026.09.16-17.41.48:627][437]LogSlate: Updating window title bar state: overlay mode, drag disabled, window buttons hidden, title bar hidden
[2026.09.16-17.41.48:627][437]LogWorld: BeginTearingDown for /Game/FirstPersonBP/Maps/UEDPIE_0_V2
[2026.09.16-17.41.48:627][437]LogWorld: UWorld::CleanupWorld for V2, bSessionEnded=true, bCleanupResources=true
[2026.09.16-17.41.48:628][437]LogSlate: InvalidateAllWidgets triggered.  All widgets were invalidated
[2026.09.16-17.41.48:645][437]LogPlayLevel: Display: Shutting down PIE online subsystems
[2026.09.16-17.41.48:652][437]LogSlate: InvalidateAllWidgets triggered.  All widgets were invalidated
[2026.09.16-17.41.48:662][437]LogSlate: Updating window title bar state: overlay mode, drag disabled, window buttons hidden, title bar hidden
[2026.09.16-17.41.48:663][437]LogAudioMixer: FMixerPlatformXAudio2::StopAudioStream() called
[2026.09.16-17.41.48:664][437]LogAudioMixer: FMixerPlatformXAudio2::StopAudioStream() called
[2026.09.16-17.41.48:667][437]LogUObjectHash: Compacting FUObjectHashTables data took   0.85ms
[2026.09.16-17.41.48:711][439]LogPlayLevel: Display: Destroying online subsystem :Context_24
[2026.09.16-17.41.51:421][600]Cmd: EDCALLBACK SURFPROPS
[2026.09.16-17.41.53:170][705]LogEditorViewport: Clicking on Actor (LMB): BP_Sky_Sphere_C (SkySphereBlueprint)
[2026.09.16-17.41.54:083][758]Cmd: DELETE
[2026.09.16-17.41.54:114][758]Cmd: ACTOR DELETE
[2026.09.16-17.41.54:123][758]LogEditorActor: Deleted Actor: Brush
[2026.09.16-17.41.54:132][758]LogUObjectHash: Compacting FUObjectHashTables data took   0.76ms
[2026.09.16-17.41.54:152][758]LogEditorActor: Deleted 1 Actors (0.037 secs)
[2026.09.16-17.41.55:371][830]Cmd: EDCALLBACK SURFPROPS
[2026.09.16-17.41.56:790][915]LogEditorViewport: Clicking on Actor (LMB): BP_Sky_Sphere_C (SkySphereBlueprint)
[2026.09.16-17.41.57:800][973]Cmd: DELETE
[2026.09.16-17.41.57:830][973]Cmd: ACTOR DELETE
[2026.09.16-17.41.57:839][973]LogEditorActor: Deleted Actor: Brush
[2026.09.16-17.41.57:848][973]LogUObjectHash: Compacting FUObjectHashTables data took   0.76ms
[2026.09.16-17.41.57:866][973]LogEditorActor: Deleted 1 Actors (0.034 secs)
[2026.09.16-17.42.24:044][220]LogUObjectHash: Compacting FUObjectHashTables data took   1.28ms
[2026.09.16-17.42.24:054][220]Cmd: OBJ SAVEPACKAGE PACKAGE="/Game/FirstPersonBP/Maps/V2" FILE="D:/inGGIT/SteelEnclo_LD_BO/MyProject/Saved/Autosaves/Game/FirstPersonBP/Maps/V2_Auto9.umap" SILENT=true AUTOSAVING=true KEEPDIRTY=false
[2026.09.16-17.42.24:108][220]LogSavePackage: Moving 'D:/inGGIT/SteelEnclo_LD_BO/MyProject/Saved/V2_Auto98F8813EE45B118EDD94FF18B9E0D9658.tmp' to 'D:/inGGIT/SteelEnclo_LD_BO/MyProject/Saved/Autosaves/Game/FirstPersonBP/Maps/V2_Auto9.umap'
[2026.09.16-17.42.24:109][220]LogFileHelpers: Editor autosave (incl. external actors) for '/Game/FirstPersonBP/Maps/V2' took 0.081
[2026.09.16-17.42.24:109][220]LogFileHelpers: Editor autosave (incl. sublevels & external actors) for all levels took 0.081
[2026.09.16-17.43.16:263][496]Cmd: CAMERA ALIGN ACTIVEVIEWPORTONLY
[2026.09.16-17.43.23:955][949]Cmd: DELETE
[2026.09.16-17.43.24:002][949]Cmd: ACTOR DELETE
[2026.09.16-17.43.24:018][949]LogEditorActor: Deleted Actor: Brush
[2026.09.16-17.43.24:034][949]LogUObjectHash: Compacting FUObjectHashTables data took   0.88ms
[2026.09.16-17.43.24:055][949]LogEditorActor: Deleted 1 Actors (0.051 secs)
[2026.09.16-17.43.48:503][388]Cmd: CAMERA ALIGN ACTIVEVIEWPORTONLY
[2026.09.16-17.44.08:826][587]Cmd: CAMERA ALIGN ACTIVEVIEWPORTONLY
[2026.09.16-17.44.12:997][837]LogGeometryMode: Warning: Unable to find BoxBrush102 Brush(s) in new BSP
[2026.09.16-17.44.12:997][837]LogGeometryMode: Warning: Unable to find all previously selected geometry data, resetting selection
[2026.09.16-17.44.26:853][644]Cmd: CAMERA ALIGN ACTIVEVIEWPORTONLY
[2026.09.16-17.44.28:273][729]LogTemp: Repeating last play command: Selected Viewport
[2026.09.16-17.44.28:277][729]LogPlayLevel: PlayLevel: No blueprints needed recompiling
[2026.09.16-17.44.28:277][729]PIE: New page: PIE session: V2 (Sep 17, 2026, 9:44:28 AM)
[2026.09.16-17.44.28:278][729]LogPlayLevel: Creating play world package: /Game/FirstPersonBP/Maps/UEDPIE_0_V2
[2026.09.16-17.44.28:298][729]LogPlayLevel: PIE: StaticDuplicateObject took: (0.020374s)
[2026.09.16-17.44.28:298][729]LogAIModule: Creating AISystem for world V2
[2026.09.16-17.44.28:299][729]LogPlayLevel: PIE: World Init took: (0.000826s)
[2026.09.16-17.44.28:299][729]LogPlayLevel: PIE: Created PIE world by copying editor world from /Game/FirstPersonBP/Maps/V2.V2 to /Game/FirstPersonBP/Maps/UEDPIE_0_V2.V2 (0.021481s)
[2026.09.16-17.44.28:315][729]LogUObjectHash: Compacting FUObjectHashTables data took   0.81ms
[2026.09.16-17.44.28:316][729]LogAudio: Display: Creating Audio Device:                 Id: 24, Scope: Unique, Realtime: True
[2026.09.16-17.44.28:316][729]LogAudioMixer: Display: Audio Mixer Platform Settings:
[2026.09.16-17.44.28:316][729]LogAudioMixer: Display: 	Sample Rate:						  48000
[2026.09.16-17.44.28:316][729]LogAudioMixer: Display: 	Callback Buffer Frame Size Requested: 1024
[2026.09.16-17.44.28:316][729]LogAudioMixer: Display: 	Callback Buffer Frame Size To Use:	  1024
[2026.09.16-17.44.28:316][729]LogAudioMixer: Display: 	Number of buffers to queue:			  2
[2026.09.16-17.44.28:316][729]LogAudioMixer: Display: 	Max Channels (voices):				  32
[2026.09.16-17.44.28:316][729]LogAudioMixer: Display: 	Number of Async Source Workers:		  0
[2026.09.16-17.44.28:316][729]LogAudio: Display: AudioDevice MaxSources: 32
[2026.09.16-17.44.28:316][729]LogAudio: Display: Audio Spatialization Plugin: None (built-in).
[2026.09.16-17.44.28:316][729]LogAudio: Display: Audio Reverb Plugin: None (built-in).
[2026.09.16-17.44.28:316][729]LogAudio: Display: Audio Occlusion Plugin: None (built-in).
[2026.09.16-17.44.28:316][729]LogAudioMixer: Display: Initializing audio mixer.
[2026.09.16-17.44.28:320][729]LogAudioMixer: Display: 0: FrontLeft
[2026.09.16-17.44.28:320][729]LogAudioMixer: Display: 1: FrontRight
[2026.09.16-17.44.28:330][729]LogAudioMixer: Display: Using Audio Device Headphones (Intel® Smart Sound Technology for Bluetooth® Audio)
[2026.09.16-17.44.28:331][729]LogAudioMixer: Display: Initializing Sound Submixes...
[2026.09.16-17.44.28:331][729]LogAudioMixer: Display: Creating Master Submix 'MasterSubmixDefault'
[2026.09.16-17.44.28:331][729]LogAudioMixer: Display: Creating Master Submix 'MasterReverbSubmixDefault'
[2026.09.16-17.44.28:331][729]LogAudioMixer: Display: Creating Master Submix 'MasterEQSubmixDefault'
[2026.09.16-17.44.28:331][729]LogAudioMixer: FMixerPlatformXAudio2::StartAudioStream() called
[2026.09.16-17.44.28:331][729]LogAudioMixer: Display: Output buffers initialized: Frames=1024, Channels=2, Samples=2048
[2026.09.16-17.44.28:332][729]LogAudioMixer: Display: Starting AudioMixerPlatformInterface::RunInternal()
[2026.09.16-17.44.28:332][729]LogAudioMixer: Display: FMixerPlatformXAudio2::SubmitBuffer() called for the first time
[2026.09.16-17.44.28:332][729]LogInit: FAudioDevice initialized.
[2026.09.16-17.44.28:332][729]LogAudio: Display: Audio Device (ID: 24) registered with world 'V2'.
[2026.09.16-17.44.28:342][729]LogLoad: Game class is 'FirstPersonGameMode_C'
[2026.09.16-17.44.28:345][729]LogWorld: Bringing World /Game/FirstPersonBP/Maps/UEDPIE_0_V2.V2 up for play (max tick rate 60) at 2026.09.17-01.44.28
[2026.09.16-17.44.28:345][729]LogWorld: Bringing up level for play took: 0.002184
[2026.09.16-17.44.28:345][729]LogOnline: OSS: Creating online subsystem instance for: :Context_25
[2026.09.16-17.44.28:346][729]PIE: Server logged in
[2026.09.16-17.44.28:347][729]PIE: Play in editor total start time 0.071 seconds.
[2026.09.16-17.44.31:316][905]LogSlate: Updating window title bar state: overlay mode, drag disabled, window buttons hidden, title bar hidden
[2026.09.16-17.44.31:317][905]LogWorld: BeginTearingDown for /Game/FirstPersonBP/Maps/UEDPIE_0_V2
[2026.09.16-17.44.31:317][905]LogWorld: UWorld::CleanupWorld for V2, bSessionEnded=true, bCleanupResources=true
[2026.09.16-17.44.31:317][905]LogSlate: InvalidateAllWidgets triggered.  All widgets were invalidated
[2026.09.16-17.44.31:322][905]LogPlayLevel: Display: Shutting down PIE online subsystems
[2026.09.16-17.44.31:330][905]LogSlate: InvalidateAllWidgets triggered.  All widgets were invalidated
[2026.09.16-17.44.31:340][905]LogAudio: Display: Audio Device unregistered from world 'None'.
[2026.09.16-17.44.31:341][905]LogAudioMixer: FMixerPlatformXAudio2::StopAudioStream() called
[2026.09.16-17.44.31:341][905]LogAudioMixer: FMixerPlatformXAudio2::StopAudioStream() called
[2026.09.16-17.44.31:342][905]LogSlate: Updating window title bar state: overlay mode, drag disabled, window buttons hidden, title bar hidden
[2026.09.16-17.44.31:345][905]LogUObjectHash: Compacting FUObjectHashTables data took   0.74ms
[2026.09.16-17.44.31:397][908]LogPlayLevel: Display: Destroying online subsystem :Context_25
[2026.09.16-17.44.36:676][222]Cmd: DELETE
[2026.09.16-17.44.36:728][222]Cmd: ACTOR DELETE
[2026.09.16-17.44.36:738][222]LogEditorActor: Deleted Actor: Brush
[2026.09.16-17.44.36:749][222]LogUObjectHash: Compacting FUObjectHashTables data took   0.82ms
[2026.09.16-17.44.36:769][222]LogEditorActor: Deleted 1 Actors (0.041 secs)
[2026.09.16-17.44.37:717][276]Cmd: DELETE
[2026.09.16-17.44.37:751][276]Cmd: ACTOR DELETE
[2026.09.16-17.44.37:759][276]LogEditorActor: Deleted Actor: Brush
[2026.09.16-17.44.37:771][276]LogUObjectHash: Compacting FUObjectHashTables data took   0.94ms
[2026.09.16-17.44.37:788][276]LogEditorActor: Deleted 1 Actors (0.036 secs)
[2026.09.16-17.44.45:377][717]LogEditorViewport: Clicking on Actor (LMB): BP_Sky_Sphere_C (SkySphereBlueprint)
[2026.09.16-17.44.47:124][816]LogEditorViewport: Clicking on Actor (LMB): BP_Sky_Sphere_C (SkySphereBlueprint)
[2026.09.16-17.44.49:115][931]LogEditorViewport: Clicking on Actor (LMB): StaticMeshActor (Cube2)
[2026.09.16-17.44.50:509][ 11]Cmd: DELETE
[2026.09.16-17.44.50:510][ 11]Cmd: ACTOR DELETE
[2026.09.16-17.44.50:518][ 11]LogEditorActor: Deleted Actor: StaticMeshActor
[2026.09.16-17.44.50:518][ 11]LogEditorActor: Deleted Actor: StaticMeshActor
[2026.09.16-17.44.50:532][ 11]LogUObjectHash: Compacting FUObjectHashTables data took   0.72ms
[2026.09.16-17.44.50:533][ 11]LogEditorActor: Deleted 2 Actors (0.024 secs)
[2026.09.16-17.44.52:178][110]Cmd: EDCALLBACK SURFPROPS
[2026.09.16-17.45.08:208][ 51]LogEditorViewport: Clicking on Actor (LMB): BP_Sky_Sphere_C (SkySphereBlueprint)
[2026.09.16-17.45.11:104][224]LogTemp: Repeating last play command: Selected Viewport
[2026.09.16-17.45.11:107][224]LogPlayLevel: PlayLevel: No blueprints needed recompiling
[2026.09.16-17.45.11:107][224]PIE: New page: PIE session: V2 (Sep 17, 2026, 9:45:11 AM)
[2026.09.16-17.45.11:107][224]LogPlayLevel: Creating play world package: /Game/FirstPersonBP/Maps/UEDPIE_0_V2
[2026.09.16-17.45.11:129][224]LogPlayLevel: PIE: StaticDuplicateObject took: (0.020747s)
[2026.09.16-17.45.11:129][224]LogAIModule: Creating AISystem for world V2
[2026.09.16-17.45.11:129][224]LogPlayLevel: PIE: World Init took: (0.000708s)
[2026.09.16-17.45.11:129][224]LogPlayLevel: PIE: Created PIE world by copying editor world from /Game/FirstPersonBP/Maps/V2.V2 to /Game/FirstPersonBP/Maps/UEDPIE_0_V2.V2 (0.021587s)
[2026.09.16-17.45.11:140][224]LogUObjectHash: Compacting FUObjectHashTables data took   0.77ms
[2026.09.16-17.45.11:142][224]LogAudio: Display: Creating Audio Device:                 Id: 25, Scope: Unique, Realtime: True
[2026.09.16-17.45.11:142][224]LogAudioMixer: Display: Audio Mixer Platform Settings:
[2026.09.16-17.45.11:142][224]LogAudioMixer: Display: 	Sample Rate:						  48000
[2026.09.16-17.45.11:142][224]LogAudioMixer: Display: 	Callback Buffer Frame Size Requested: 1024
[2026.09.16-17.45.11:142][224]LogAudioMixer: Display: 	Callback Buffer Frame Size To Use:	  1024
[2026.09.16-17.45.11:142][224]LogAudioMixer: Display: 	Number of buffers to queue:			  2
[2026.09.16-17.45.11:142][224]LogAudioMixer: Display: 	Max Channels (voices):				  32
[2026.09.16-17.45.11:142][224]LogAudioMixer: Display: 	Number of Async Source Workers:		  0
[2026.09.16-17.45.11:142][224]LogAudio: Display: AudioDevice MaxSources: 32
[2026.09.16-17.45.11:142][224]LogAudio: Display: Audio Spatialization Plugin: None (built-in).
[2026.09.16-17.45.11:142][224]LogAudio: Display: Audio Reverb Plugin: None (built-in).
[2026.09.16-17.45.11:142][224]LogAudio: Display: Audio Occlusion Plugin: None (built-in).
[2026.09.16-17.45.11:142][224]LogAudioMixer: Display: Initializing audio mixer.
[2026.09.16-17.45.11:146][224]LogAudioMixer: Display: 0: FrontLeft
[2026.09.16-17.45.11:146][224]LogAudioMixer: Display: 1: FrontRight
[2026.09.16-17.45.11:156][224]LogAudioMixer: Display: Using Audio Device Headphones (Intel® Smart Sound Technology for Bluetooth® Audio)
[2026.09.16-17.45.11:156][224]LogAudioMixer: Display: Initializing Sound Submixes...
[2026.09.16-17.45.11:156][224]LogAudioMixer: Display: Creating Master Submix 'MasterSubmixDefault'
[2026.09.16-17.45.11:156][224]LogAudioMixer: Display: Creating Master Submix 'MasterReverbSubmixDefault'
[2026.09.16-17.45.11:157][224]LogAudioMixer: Display: Creating Master Submix 'MasterEQSubmixDefault'
[2026.09.16-17.45.11:157][224]LogAudioMixer: FMixerPlatformXAudio2::StartAudioStream() called
[2026.09.16-17.45.11:157][224]LogAudioMixer: Display: Output buffers initialized: Frames=1024, Channels=2, Samples=2048
[2026.09.16-17.45.11:158][224]LogAudioMixer: Display: Starting AudioMixerPlatformInterface::RunInternal()
[2026.09.16-17.45.11:158][224]LogAudioMixer: Display: FMixerPlatformXAudio2::SubmitBuffer() called for the first time
[2026.09.16-17.45.11:158][224]LogInit: FAudioDevice initialized.
[2026.09.16-17.45.11:158][224]LogAudio: Display: Audio Device (ID: 25) registered with world 'V2'.
[2026.09.16-17.45.11:162][224]LogLoad: Game class is 'FirstPersonGameMode_C'
[2026.09.16-17.45.11:165][224]LogWorld: Bringing World /Game/FirstPersonBP/Maps/UEDPIE_0_V2.V2 up for play (max tick rate 60) at 2026.09.17-01.45.11
[2026.09.16-17.45.11:166][224]LogWorld: Bringing up level for play took: 0.002143
[2026.09.16-17.45.11:166][224]LogOnline: OSS: Creating online subsystem instance for: :Context_26
[2026.09.16-17.45.11:167][224]PIE: Server logged in
[2026.09.16-17.45.11:168][224]PIE: Play in editor total start time 0.061 seconds.
[2026.09.16-17.45.31:857][463]LogSlate: Updating window title bar state: overlay mode, drag disabled, window buttons hidden, title bar hidden
[2026.09.16-17.45.31:857][463]LogWorld: BeginTearingDown for /Game/FirstPersonBP/Maps/UEDPIE_0_V2
[2026.09.16-17.45.31:857][463]LogWorld: UWorld::CleanupWorld for V2, bSessionEnded=true, bCleanupResources=true
[2026.09.16-17.45.31:857][463]LogSlate: InvalidateAllWidgets triggered.  All widgets were invalidated
[2026.09.16-17.45.31:862][463]LogPlayLevel: Display: Shutting down PIE online subsystems
[2026.09.16-17.45.31:867][463]LogSlate: InvalidateAllWidgets triggered.  All widgets were invalidated
[2026.09.16-17.45.31:877][463]LogAudio: Display: Audio Device unregistered from world 'None'.
[2026.09.16-17.45.31:877][463]LogAudioMixer: FMixerPlatformXAudio2::StopAudioStream() called
[2026.09.16-17.45.31:878][463]LogAudioMixer: FMixerPlatformXAudio2::StopAudioStream() called
[2026.09.16-17.45.31:880][463]LogSlate: Updating window title bar state: overlay mode, drag disabled, window buttons hidden, title bar hidden
[2026.09.16-17.45.31:882][463]LogUObjectHash: Compacting FUObjectHashTables data took   0.70ms
[2026.09.16-17.45.31:941][466]LogPlayLevel: Display: Destroying online subsystem :Context_26
[2026.09.16-17.50.36:975][271]Cmd: CAMERA ALIGN ACTIVEVIEWPORTONLY
[2026.09.16-17.51.07:840][ 86]Cmd: DELETE
[2026.09.16-17.51.07:872][ 86]Cmd: ACTOR DELETE
[2026.09.16-17.51.07:882][ 86]LogEditorActor: Deleted Actor: Brush
[2026.09.16-17.51.07:898][ 86]LogUObjectHash: Compacting FUObjectHashTables data took   0.94ms
[2026.09.16-17.51.07:918][ 86]LogEditorActor: Deleted 1 Actors (0.046 secs)
[2026.09.16-17.51.08:215][102]Cmd: DELETE
[2026.09.16-17.51.08:249][102]Cmd: ACTOR DELETE
[2026.09.16-17.51.08:257][102]LogEditorActor: Deleted Actor: Brush
[2026.09.16-17.51.08:266][102]LogUObjectHash: Compacting FUObjectHashTables data took   0.70ms
[2026.09.16-17.51.08:285][102]LogEditorActor: Deleted 1 Actors (0.036 secs)
[2026.09.16-17.51.09:610][181]Cmd: EDCALLBACK SURFPROPS
[2026.09.16-17.51.10:944][260]Cmd: DELETE
[2026.09.16-17.51.10:988][260]Cmd: ACTOR DELETE
[2026.09.16-17.51.10:995][260]LogEditorActor: Deleted Actor: Brush
[2026.09.16-17.51.11:005][260]LogUObjectHash: Compacting FUObjectHashTables data took   0.76ms
[2026.09.16-17.51.11:027][260]LogEditorActor: Deleted 1 Actors (0.039 secs)
[2026.09.16-17.51.47:696][439]LogEditorViewport: Clicking on Actor (LMB): BP_Sky_Sphere_C (SkySphereBlueprint)
[2026.09.16-17.51.58:223][ 62]Cmd: CAMERA ALIGN ACTIVEVIEWPORTONLY
[2026.09.16-17.52.03:992][399]LogEditorViewport: Clicking on Actor (LMB): BP_Sky_Sphere_C (SkySphereBlueprint)
[2026.09.16-17.52.40:336][752]Cmd: CAMERA ALIGN ACTIVEVIEWPORTONLY
[2026.09.16-17.52.43:020][913]Cmd: DELETE
[2026.09.16-17.52.43:020][913]Cmd: ACTOR DELETE
[2026.09.16-17.52.43:028][913]LogEditorActor: Deleted Actor: Brush
[2026.09.16-17.52.43:043][913]LogUObjectHash: Compacting FUObjectHashTables data took   0.74ms
[2026.09.16-17.52.43:067][913]LogEditorActor: Deleted 1 Actors (0.047 secs)
[2026.09.16-17.52.43:854][960]Cmd: TRANSACTION UNDO
[2026.09.16-17.52.43:854][960]LogEditorTransaction: Undo Delete Actors
[2026.09.16-17.52.43:880][960]LogPhysics: Warning: UBodySetup::GetCookInfo: Triangle data from '/Game/FirstPersonBP/Maps/V2.V2:PersistentLevel.ModelComponent_4886' invalid (3899 verts, 0 indices).
[2026.09.16-17.52.43:880][960]LogPhysics: Warning: Attempt to build physics data for /Game/FirstPersonBP/Maps/V2.V2:PersistentLevel.ModelComponent_4886.BodySetup_0 when we are unable to.
[2026.09.16-17.52.43:881][960]LogPhysics: Warning: UBodySetup::GetCookInfo: Triangle data from '/Game/FirstPersonBP/Maps/V2.V2:PersistentLevel.ModelComponent_4887' invalid (3899 verts, 0 indices).
[2026.09.16-17.52.43:881][960]LogPhysics: Warning: Attempt to build physics data for /Game/FirstPersonBP/Maps/V2.V2:PersistentLevel.ModelComponent_4887.BodySetup_0 when we are unable to.
[2026.09.16-17.52.43:881][960]LogPhysics: Warning: UBodySetup::GetCookInfo: Triangle data from '/Game/FirstPersonBP/Maps/V2.V2:PersistentLevel.ModelComponent_4888' invalid (3899 verts, 0 indices).
[2026.09.16-17.52.43:881][960]LogPhysics: Warning: Attempt to build physics data for /Game/FirstPersonBP/Maps/V2.V2:PersistentLevel.ModelComponent_4888.BodySetup_0 when we are unable to.
[2026.09.16-17.52.43:881][960]LogPhysics: Warning: UBodySetup::GetCookInfo: Triangle data from '/Game/FirstPersonBP/Maps/V2.V2:PersistentLevel.ModelComponent_4889' invalid (3899 verts, 0 indices).
[2026.09.16-17.52.43:881][960]LogPhysics: Warning: Attempt to build physics data for /Game/FirstPersonBP/Maps/V2.V2:PersistentLevel.ModelComponent_4889.BodySetup_0 when we are unable to.
[2026.09.16-17.52.43:881][960]LogPhysics: Warning: UBodySetup::GetCookInfo: Triangle data from '/Game/FirstPersonBP/Maps/V2.V2:PersistentLevel.ModelComponent_4890' invalid (3899 verts, 0 indices).
[2026.09.16-17.52.43:881][960]LogPhysics: Warning: Attempt to build physics data for /Game/FirstPersonBP/Maps/V2.V2:PersistentLevel.ModelComponent_4890.BodySetup_0 when we are unable to.
[2026.09.16-17.52.43:881][960]LogPhysics: Warning: UBodySetup::GetCookInfo: Triangle data from '/Game/FirstPersonBP/Maps/V2.V2:PersistentLevel.ModelComponent_4891' invalid (3899 verts, 0 indices).
[2026.09.16-17.52.43:881][960]LogPhysics: Warning: Attempt to build physics data for /Game/FirstPersonBP/Maps/V2.V2:PersistentLevel.ModelComponent_4891.BodySetup_0 when we are unable to.
[2026.09.16-17.52.43:881][960]LogPhysics: Warning: UBodySetup::GetCookInfo: Triangle data from '/Game/FirstPersonBP/Maps/V2.V2:PersistentLevel.ModelComponent_4892' invalid (3899 verts, 0 indices).
[2026.09.16-17.52.43:881][960]LogPhysics: Warning: Attempt to build physics data for /Game/FirstPersonBP/Maps/V2.V2:PersistentLevel.ModelComponent_4892.BodySetup_0 when we are unable to.
[2026.09.16-17.52.43:881][960]LogPhysics: Warning: UBodySetup::GetCookInfo: Triangle data from '/Game/FirstPersonBP/Maps/V2.V2:PersistentLevel.ModelComponent_4893' invalid (3899 verts, 0 indices).
[2026.09.16-17.52.43:881][960]LogPhysics: Warning: Attempt to build physics data for /Game/FirstPersonBP/Maps/V2.V2:PersistentLevel.ModelComponent_4893.BodySetup_0 when we are unable to.
[2026.09.16-17.52.43:881][960]LogPhysics: Warning: UBodySetup::GetCookInfo: Triangle data from '/Game/FirstPersonBP/Maps/V2.V2:PersistentLevel.ModelComponent_4894' invalid (3899 verts, 0 indices).
[2026.09.16-17.52.43:881][960]LogPhysics: Warning: Attempt to build physics data for /Game/FirstPersonBP/Maps/V2.V2:PersistentLevel.ModelComponent_4894.BodySetup_0 when we are unable to.
[2026.09.16-17.52.43:881][960]LogPhysics: Warning: UBodySetup::GetCookInfo: Triangle data from '/Game/FirstPersonBP/Maps/V2.V2:PersistentLevel.ModelComponent_4895' invalid (3899 verts, 0 indices).
[2026.09.16-17.52.43:881][960]LogPhysics: Warning: Attempt to build physics data for /Game/FirstPersonBP/Maps/V2.V2:PersistentLevel.ModelComponent_4895.BodySetup_0 when we are unable to.
[2026.09.16-17.52.43:881][960]LogPhysics: Warning: UBodySetup::GetCookInfo: Triangle data from '/Game/FirstPersonBP/Maps/V2.V2:PersistentLevel.ModelComponent_4896' invalid (3899 verts, 0 indices).
[2026.09.16-17.52.43:881][960]LogPhysics: Warning: Attempt to build physics data for /Game/FirstPersonBP/Maps/V2.V2:PersistentLevel.ModelComponent_4896.BodySetup_0 when we are unable to.
[2026.09.16-17.52.43:881][960]LogPhysics: Warning: UBodySetup::GetCookInfo: Triangle data from '/Game/FirstPersonBP/Maps/V2.V2:PersistentLevel.ModelComponent_4897' invalid (3899 verts, 0 indices).
[2026.09.16-17.52.43:881][960]LogPhysics: Warning: Attempt to build physics data for /Game/FirstPersonBP/Maps/V2.V2:PersistentLevel.ModelComponent_4897.BodySetup_0 when we are unable to.
[2026.09.16-17.52.43:881][960]LogPhysics: Warning: UBodySetup::GetCookInfo: Triangle data from '/Game/FirstPersonBP/Maps/V2.V2:PersistentLevel.ModelComponent_4898' invalid (3899 verts, 0 indices).
[2026.09.16-17.52.43:881][960]LogPhysics: Warning: Attempt to build physics data for /Game/FirstPersonBP/Maps/V2.V2:PersistentLevel.ModelComponent_4898.BodySetup_0 when we are unable to.
[2026.09.16-17.52.43:881][960]LogPhysics: Warning: UBodySetup::GetCookInfo: Triangle data from '/Game/FirstPersonBP/Maps/V2.V2:PersistentLevel.ModelComponent_4899' invalid (3899 verts, 0 indices).
[2026.09.16-17.52.43:881][960]LogPhysics: Warning: Attempt to build physics data for /Game/FirstPersonBP/Maps/V2.V2:PersistentLevel.ModelComponent_4899.BodySetup_0 when we are unable to.
[2026.09.16-17.53.43:138][438]LogEditorViewport: Clicking on Actor (LMB): BP_Sky_Sphere_C (SkySphereBlueprint)
[2026.09.16-17.53.44:649][528]LogTemp: Repeating last play command: Selected Viewport
[2026.09.16-17.53.44:651][528]LogPlayLevel: PlayLevel: No blueprints needed recompiling
[2026.09.16-17.53.44:651][528]PIE: New page: PIE session: V2 (Sep 17, 2026, 9:53:44 AM)
[2026.09.16-17.53.44:651][528]LogPlayLevel: Creating play world package: /Game/FirstPersonBP/Maps/UEDPIE_0_V2
[2026.09.16-17.53.44:679][528]LogPlayLevel: PIE: StaticDuplicateObject took: (0.027739s)
[2026.09.16-17.53.44:681][528]LogAIModule: Creating AISystem for world V2
[2026.09.16-17.53.44:681][528]LogPlayLevel: PIE: World Init took: (0.000829s)
[2026.09.16-17.53.44:681][528]LogPlayLevel: PIE: Created PIE world by copying editor world from /Game/FirstPersonBP/Maps/V2.V2 to /Game/FirstPersonBP/Maps/UEDPIE_0_V2.V2 (0.028701s)
[2026.09.16-17.53.44:693][528]LogUObjectHash: Compacting FUObjectHashTables data took   0.81ms
[2026.09.16-17.53.44:695][528]LogAudio: Display: Creating Audio Device:                 Id: 26, Scope: Unique, Realtime: True
[2026.09.16-17.53.44:695][528]LogAudioMixer: Display: Audio Mixer Platform Settings:
[2026.09.16-17.53.44:695][528]LogAudioMixer: Display: 	Sample Rate:						  48000
[2026.09.16-17.53.44:695][528]LogAudioMixer: Display: 	Callback Buffer Frame Size Requested: 1024
[2026.09.16-17.53.44:695][528]LogAudioMixer: Display: 	Callback Buffer Frame Size To Use:	  1024
[2026.09.16-17.53.44:695][528]LogAudioMixer: Display: 	Number of buffers to queue:			  2
[2026.09.16-17.53.44:695][528]LogAudioMixer: Display: 	Max Channels (voices):				  32
[2026.09.16-17.53.44:695][528]LogAudioMixer: Display: 	Number of Async Source Workers:		  0
[2026.09.16-17.53.44:695][528]LogAudio: Display: AudioDevice MaxSources: 32
[2026.09.16-17.53.44:695][528]LogAudio: Display: Audio Spatialization Plugin: None (built-in).
[2026.09.16-17.53.44:695][528]LogAudio: Display: Audio Reverb Plugin: None (built-in).
[2026.09.16-17.53.44:695][528]LogAudio: Display: Audio Occlusion Plugin: None (built-in).
[2026.09.16-17.53.44:695][528]LogAudioMixer: Display: Initializing audio mixer.
[2026.09.16-17.53.44:699][528]LogAudioMixer: Display: 0: FrontLeft
[2026.09.16-17.53.44:699][528]LogAudioMixer: Display: 1: FrontRight
[2026.09.16-17.53.44:711][528]LogAudioMixer: Display: Using Audio Device Headphones (Intel® Smart Sound Technology for Bluetooth® Audio)
[2026.09.16-17.53.44:712][528]LogAudioMixer: Display: Initializing Sound Submixes...
[2026.09.16-17.53.44:712][528]LogAudioMixer: Display: Creating Master Submix 'MasterSubmixDefault'
[2026.09.16-17.53.44:712][528]LogAudioMixer: Display: Creating Master Submix 'MasterReverbSubmixDefault'
[2026.09.16-17.53.44:712][528]LogAudioMixer: Display: Creating Master Submix 'MasterEQSubmixDefault'
[2026.09.16-17.53.44:712][528]LogAudioMixer: FMixerPlatformXAudio2::StartAudioStream() called
[2026.09.16-17.53.44:712][528]LogAudioMixer: Display: Output buffers initialized: Frames=1024, Channels=2, Samples=2048
[2026.09.16-17.53.44:713][528]LogAudioMixer: Display: Starting AudioMixerPlatformInterface::RunInternal()
[2026.09.16-17.53.44:713][528]LogAudioMixer: Display: FMixerPlatformXAudio2::SubmitBuffer() called for the first time
[2026.09.16-17.53.44:713][528]LogInit: FAudioDevice initialized.
[2026.09.16-17.53.44:713][528]LogAudio: Display: Audio Device (ID: 26) registered with world 'V2'.
[2026.09.16-17.53.44:721][528]LogLoad: Game class is 'FirstPersonGameMode_C'
[2026.09.16-17.53.44:724][528]LogWorld: Bringing World /Game/FirstPersonBP/Maps/UEDPIE_0_V2.V2 up for play (max tick rate 60) at 2026.09.17-01.53.44
[2026.09.16-17.53.44:724][528]LogWorld: Bringing up level for play took: 0.002393
[2026.09.16-17.53.44:725][528]LogOnline: OSS: Creating online subsystem instance for: :Context_27
[2026.09.16-17.53.44:727][528]PIE: Server logged in
[2026.09.16-17.53.44:727][528]PIE: Play in editor total start time 0.076 seconds.
[2026.09.16-17.53.55:634][179]LogSlate: Updating window title bar state: overlay mode, drag disabled, window buttons hidden, title bar hidden
[2026.09.16-17.53.55:634][179]LogWorld: BeginTearingDown for /Game/FirstPersonBP/Maps/UEDPIE_0_V2
[2026.09.16-17.53.55:634][179]LogWorld: UWorld::CleanupWorld for V2, bSessionEnded=true, bCleanupResources=true
[2026.09.16-17.53.55:635][179]LogSlate: InvalidateAllWidgets triggered.  All widgets were invalidated
[2026.09.16-17.53.55:645][179]LogPlayLevel: Display: Shutting down PIE online subsystems
[2026.09.16-17.53.55:649][179]LogSlate: InvalidateAllWidgets triggered.  All widgets were invalidated
[2026.09.16-17.53.55:658][179]LogAudio: Display: Audio Device unregistered from world 'None'.
[2026.09.16-17.53.55:658][179]LogAudioMixer: FMixerPlatformXAudio2::StopAudioStream() called
[2026.09.16-17.53.55:659][179]LogAudioMixer: FMixerPlatformXAudio2::StopAudioStream() called
[2026.09.16-17.53.55:660][179]LogSlate: Updating window title bar state: overlay mode, drag disabled, window buttons hidden, title bar hidden
[2026.09.16-17.53.55:663][179]LogUObjectHash: Compacting FUObjectHashTables data took   0.71ms
[2026.09.16-17.53.55:714][181]LogPlayLevel: Display: Destroying online subsystem :Context_27
[2026.09.16-17.54.12:956][194]Cmd: TRANSACTION UNDO
[2026.09.16-17.54.12:956][194]LogEditorTransaction: Undo Move Actors
[2026.09.16-17.54.13:176][202]Cmd: TRANSACTION UNDO
[2026.09.16-17.54.13:176][202]LogEditorTransaction: Undo Move Actors
[2026.09.16-17.54.13:461][213]Cmd: TRANSACTION UNDO
[2026.09.16-17.54.13:461][213]LogEditorTransaction: Undo Move Actors
[2026.09.16-17.54.14:336][260]Cmd: CAMERA ALIGN ACTIVEVIEWPORTONLY
[2026.09.16-17.54.16:245][373]LogTemp: Warning: Select a mesh. Switch tools to paint vertex colors, blend between textures, or paint directly onto a texture file.
[2026.09.16-17.54.19:781][582]LogEditorBookmarks: Warning: FBookmarkTypeToolsImpl::JumpToBookmark - Null Bookmark at index 4
[2026.09.16-17.54.49:652][320]Cmd: CAMERA ALIGN ACTIVEVIEWPORTONLY
[2026.09.16-17.55.03:795][144]LogTemp: Repeating last play command: Selected Viewport
[2026.09.16-17.55.03:799][144]LogPlayLevel: PlayLevel: No blueprints needed recompiling
[2026.09.16-17.55.03:799][144]PIE: New page: PIE session: V2 (Sep 17, 2026, 9:55:03 AM)
[2026.09.16-17.55.03:801][144]LogPlayLevel: Creating play world package: /Game/FirstPersonBP/Maps/UEDPIE_0_V2
[2026.09.16-17.55.03:832][144]LogPlayLevel: PIE: StaticDuplicateObject took: (0.032038s)
[2026.09.16-17.55.03:833][144]LogAIModule: Creating AISystem for world V2
[2026.09.16-17.55.03:833][144]LogPlayLevel: PIE: World Init took: (0.000834s)
[2026.09.16-17.55.03:833][144]LogPlayLevel: PIE: Created PIE world by copying editor world from /Game/FirstPersonBP/Maps/V2.V2 to /Game/FirstPersonBP/Maps/UEDPIE_0_V2.V2 (0.033038s)
[2026.09.16-17.55.03:853][144]LogUObjectHash: Compacting FUObjectHashTables data took   1.14ms
[2026.09.16-17.55.03:855][144]LogAudio: Display: Creating Audio Device:                 Id: 27, Scope: Unique, Realtime: True
[2026.09.16-17.55.03:855][144]LogAudioMixer: Display: Audio Mixer Platform Settings:
[2026.09.16-17.55.03:855][144]LogAudioMixer: Display: 	Sample Rate:						  48000
[2026.09.16-17.55.03:855][144]LogAudioMixer: Display: 	Callback Buffer Frame Size Requested: 1024
[2026.09.16-17.55.03:855][144]LogAudioMixer: Display: 	Callback Buffer Frame Size To Use:	  1024
[2026.09.16-17.55.03:855][144]LogAudioMixer: Display: 	Number of buffers to queue:			  2
[2026.09.16-17.55.03:855][144]LogAudioMixer: Display: 	Max Channels (voices):				  32
[2026.09.16-17.55.03:855][144]LogAudioMixer: Display: 	Number of Async Source Workers:		  0
[2026.09.16-17.55.03:855][144]LogAudio: Display: AudioDevice MaxSources: 32
[2026.09.16-17.55.03:855][144]LogAudio: Display: Audio Spatialization Plugin: None (built-in).
[2026.09.16-17.55.03:855][144]LogAudio: Display: Audio Reverb Plugin: None (built-in).
[2026.09.16-17.55.03:855][144]LogAudio: Display: Audio Occlusion Plugin: None (built-in).
[2026.09.16-17.55.03:855][144]LogAudioMixer: Display: Initializing audio mixer.
[2026.09.16-17.55.03:859][144]LogAudioMixer: Display: 0: FrontLeft
[2026.09.16-17.55.03:859][144]LogAudioMixer: Display: 1: FrontRight
[2026.09.16-17.55.03:872][144]LogAudioMixer: Display: Using Audio Device Headphones (Intel® Smart Sound Technology for Bluetooth® Audio)
[2026.09.16-17.55.03:872][144]LogAudioMixer: Display: Initializing Sound Submixes...
[2026.09.16-17.55.03:872][144]LogAudioMixer: Display: Creating Master Submix 'MasterSubmixDefault'
[2026.09.16-17.55.03:872][144]LogAudioMixer: Display: Creating Master Submix 'MasterReverbSubmixDefault'
[2026.09.16-17.55.03:872][144]LogAudioMixer: Display: Creating Master Submix 'MasterEQSubmixDefault'
[2026.09.16-17.55.03:873][144]LogAudioMixer: FMixerPlatformXAudio2::StartAudioStream() called
[2026.09.16-17.55.03:873][144]LogAudioMixer: Display: Output buffers initialized: Frames=1024, Channels=2, Samples=2048
[2026.09.16-17.55.03:873][144]LogAudioMixer: Display: Starting AudioMixerPlatformInterface::RunInternal()
[2026.09.16-17.55.03:873][144]LogAudioMixer: Display: FMixerPlatformXAudio2::SubmitBuffer() called for the first time
[2026.09.16-17.55.03:873][144]LogInit: FAudioDevice initialized.
[2026.09.16-17.55.03:873][144]LogAudio: Display: Audio Device (ID: 27) registered with world 'V2'.
[2026.09.16-17.55.03:881][144]LogLoad: Game class is 'FirstPersonGameMode_C'
[2026.09.16-17.55.03:884][144]LogWorld: Bringing World /Game/FirstPersonBP/Maps/UEDPIE_0_V2.V2 up for play (max tick rate 60) at 2026.09.17-01.55.03
[2026.09.16-17.55.03:884][144]LogWorld: Bringing up level for play took: 0.002388
[2026.09.16-17.55.03:884][144]LogOnline: OSS: Creating online subsystem instance for: :Context_28
[2026.09.16-17.55.03:886][144]PIE: Server logged in
[2026.09.16-17.55.03:886][144]PIE: Play in editor total start time 0.089 seconds.
[2026.09.16-17.55.09:723][492]LogSlate: Updating window title bar state: overlay mode, drag disabled, window buttons hidden, title bar hidden
[2026.09.16-17.55.09:724][492]LogWorld: BeginTearingDown for /Game/FirstPersonBP/Maps/UEDPIE_0_V2
[2026.09.16-17.55.09:724][492]LogWorld: UWorld::CleanupWorld for V2, bSessionEnded=true, bCleanupResources=true
[2026.09.16-17.55.09:724][492]LogSlate: InvalidateAllWidgets triggered.  All widgets were invalidated
[2026.09.16-17.55.09:730][492]LogPlayLevel: Display: Shutting down PIE online subsystems
[2026.09.16-17.55.09:738][492]LogSlate: InvalidateAllWidgets triggered.  All widgets were invalidated
[2026.09.16-17.55.09:749][492]LogAudio: Display: Audio Device unregistered from world 'None'.
[2026.09.16-17.55.09:751][492]LogAudioMixer: FMixerPlatformXAudio2::StopAudioStream() called
[2026.09.16-17.55.09:752][492]LogAudioMixer: FMixerPlatformXAudio2::StopAudioStream() called
[2026.09.16-17.55.09:754][492]LogSlate: Updating window title bar state: overlay mode, drag disabled, window buttons hidden, title bar hidden
[2026.09.16-17.55.09:756][492]LogUObjectHash: Compacting FUObjectHashTables data took   0.85ms
[2026.09.16-17.55.09:796][494]LogPlayLevel: Display: Destroying online subsystem :Context_28
[2026.09.16-17.55.17:807][958]Cmd: DELETE
[2026.09.16-17.55.17:807][958]Cmd: ACTOR DELETE
[2026.09.16-17.55.17:817][958]LogEditorActor: Deleted Actor: Brush
[2026.09.16-17.55.17:817][958]LogEditorActor: Deleted Actor: Brush
[2026.09.16-17.55.17:817][958]LogEditorActor: Deleted Actor: Brush
[2026.09.16-17.55.17:817][958]LogEditorActor: Deleted Actor: Brush
[2026.09.16-17.55.17:817][958]LogEditorActor: Deleted Actor: Brush
[2026.09.16-17.55.17:817][958]LogEditorActor: Deleted Actor: Brush
[2026.09.16-17.55.17:830][958]LogUObjectHash: Compacting FUObjectHashTables data took   0.82ms
[2026.09.16-17.55.17:859][958]LogEditorActor: Deleted 6 Actors (0.052 secs)
[2026.09.16-17.55.18:828][ 14]Cmd: CAMERA ALIGN ACTIVEVIEWPORTONLY
[2026.09.16-17.55.21:748][188]LogActorComponent: UnregisterComponent: (/Engine/Transient.SphereBrushComponent) Not registered. Aborting.
[2026.09.16-17.55.29:969][664]Cmd: CAMERA ALIGN ACTIVEVIEWPORTONLY
[2026.09.16-17.55.40:132][248]Cmd: CAMERA ALIGN ACTIVEVIEWPORTONLY
[2026.09.16-17.55.43:036][420]Cmd: EDCALLBACK SURFPROPS
[2026.09.16-17.55.43:686][458]Cmd: EDCALLBACK SURFPROPS
[2026.09.16-17.55.44:452][503]Cmd: EDCALLBACK SURFPROPS
[2026.09.16-17.55.44:814][524]Cmd: EDCALLBACK SURFPROPS
[2026.09.16-17.55.45:815][584]LogActorComponent: UnregisterComponent: (/Engine/Transient.SphereBrushComponent) Not registered. Aborting.
[2026.09.16-17.55.46:867][645]LogEditorViewport: Clicking on Actor (double click): Brush (Box Brush197)
[2026.09.16-17.55.47:317][672]LogEditorViewport: Clicking on Actor (double click): Brush (Box Brush197)
[2026.09.16-17.55.49:705][812]LogEditorViewport: Clicking on Actor (LMB): BP_Sky_Sphere_C (SkySphereBlueprint)
[2026.09.16-17.55.58:482][329]Cmd: CAMERA ALIGN ACTIVEVIEWPORTONLY
[2026.09.16-17.56.18:884][510]Cmd: TRANSACTION UNDO
[2026.09.16-17.56.18:884][510]LogEditorTransaction: Undo Move Actors
[2026.09.16-17.56.25:713][888]LogTemp: Repeating last play command: Selected Viewport
[2026.09.16-17.56.25:718][888]LogPlayLevel: PlayLevel: No blueprints needed recompiling
[2026.09.16-17.56.25:718][888]PIE: New page: PIE session: V2 (Sep 17, 2026, 9:56:25 AM)
[2026.09.16-17.56.25:718][888]LogPlayLevel: Creating play world package: /Game/FirstPersonBP/Maps/UEDPIE_0_V2
[2026.09.16-17.56.25:748][888]LogPlayLevel: PIE: StaticDuplicateObject took: (0.029476s)
[2026.09.16-17.56.25:749][888]LogAIModule: Creating AISystem for world V2
[2026.09.16-17.56.25:749][888]LogPlayLevel: PIE: World Init took: (0.000796s)
[2026.09.16-17.56.25:749][888]LogPlayLevel: PIE: Created PIE world by copying editor world from /Game/FirstPersonBP/Maps/V2.V2 to /Game/FirstPersonBP/Maps/UEDPIE_0_V2.V2 (0.030405s)
[2026.09.16-17.56.25:770][888]LogUObjectHash: Compacting FUObjectHashTables data took   1.10ms
[2026.09.16-17.56.25:772][888]LogAudio: Display: Creating Audio Device:                 Id: 28, Scope: Unique, Realtime: True
[2026.09.16-17.56.25:772][888]LogAudioMixer: Display: Audio Mixer Platform Settings:
[2026.09.16-17.56.25:772][888]LogAudioMixer: Display: 	Sample Rate:						  48000
[2026.09.16-17.56.25:772][888]LogAudioMixer: Display: 	Callback Buffer Frame Size Requested: 1024
[2026.09.16-17.56.25:772][888]LogAudioMixer: Display: 	Callback Buffer Frame Size To Use:	  1024
[2026.09.16-17.56.25:772][888]LogAudioMixer: Display: 	Number of buffers to queue:			  2
[2026.09.16-17.56.25:772][888]LogAudioMixer: Display: 	Max Channels (voices):				  32
[2026.09.16-17.56.25:772][888]LogAudioMixer: Display: 	Number of Async Source Workers:		  0
[2026.09.16-17.56.25:772][888]LogAudio: Display: AudioDevice MaxSources: 32
[2026.09.16-17.56.25:773][888]LogAudio: Display: Audio Spatialization Plugin: None (built-in).
[2026.09.16-17.56.25:773][888]LogAudio: Display: Audio Reverb Plugin: None (built-in).
[2026.09.16-17.56.25:773][888]LogAudio: Display: Audio Occlusion Plugin: None (built-in).
[2026.09.16-17.56.25:773][888]LogAudioMixer: Display: Initializing audio mixer.
[2026.09.16-17.56.25:776][888]LogAudioMixer: Display: 0: FrontLeft
[2026.09.16-17.56.25:776][888]LogAudioMixer: Display: 1: FrontRight
[2026.09.16-17.56.25:789][888]LogAudioMixer: Display: Using Audio Device Headphones (Intel® Smart Sound Technology for Bluetooth® Audio)
[2026.09.16-17.56.25:790][888]LogAudioMixer: Display: Initializing Sound Submixes...
[2026.09.16-17.56.25:790][888]LogAudioMixer: Display: Creating Master Submix 'MasterSubmixDefault'
[2026.09.16-17.56.25:790][888]LogAudioMixer: Display: Creating Master Submix 'MasterReverbSubmixDefault'
[2026.09.16-17.56.25:790][888]LogAudioMixer: Display: Creating Master Submix 'MasterEQSubmixDefault'
[2026.09.16-17.56.25:790][888]LogAudioMixer: FMixerPlatformXAudio2::StartAudioStream() called
[2026.09.16-17.56.25:790][888]LogAudioMixer: Display: Output buffers initialized: Frames=1024, Channels=2, Samples=2048
[2026.09.16-17.56.25:791][888]LogAudioMixer: Display: Starting AudioMixerPlatformInterface::RunInternal()
[2026.09.16-17.56.25:791][888]LogAudioMixer: Display: FMixerPlatformXAudio2::SubmitBuffer() called for the first time
[2026.09.16-17.56.25:791][888]LogInit: FAudioDevice initialized.
[2026.09.16-17.56.25:791][888]LogAudio: Display: Audio Device (ID: 28) registered with world 'V2'.
[2026.09.16-17.56.25:796][888]LogLoad: Game class is 'FirstPersonGameMode_C'
[2026.09.16-17.56.25:799][888]LogWorld: Bringing World /Game/FirstPersonBP/Maps/UEDPIE_0_V2.V2 up for play (max tick rate 60) at 2026.09.17-01.56.25
[2026.09.16-17.56.25:799][888]LogWorld: Bringing up level for play took: 0.002879
[2026.09.16-17.56.25:799][888]LogOnline: OSS: Creating online subsystem instance for: :Context_29
[2026.09.16-17.56.25:802][888]PIE: Server logged in
[2026.09.16-17.56.25:802][888]PIE: Play in editor total start time 0.084 seconds.
[2026.09.16-17.56.32:724][300]LogSlate: Updating window title bar state: overlay mode, drag disabled, window buttons hidden, title bar hidden
[2026.09.16-17.56.32:724][300]LogWorld: BeginTearingDown for /Game/FirstPersonBP/Maps/UEDPIE_0_V2
[2026.09.16-17.56.32:724][300]LogWorld: UWorld::CleanupWorld for V2, bSessionEnded=true, bCleanupResources=true
[2026.09.16-17.56.32:725][300]LogSlate: InvalidateAllWidgets triggered.  All widgets were invalidated
[2026.09.16-17.56.32:743][300]LogPlayLevel: Display: Shutting down PIE online subsystems
[2026.09.16-17.56.32:762][300]LogSlate: InvalidateAllWidgets triggered.  All widgets were invalidated
[2026.09.16-17.56.32:780][300]LogAudio: Display: Audio Device unregistered from world 'None'.
[2026.09.16-17.56.32:781][300]LogAudioMixer: FMixerPlatformXAudio2::StopAudioStream() called
[2026.09.16-17.56.32:782][300]LogAudioMixer: FMixerPlatformXAudio2::StopAudioStream() called
[2026.09.16-17.56.32:784][300]LogSlate: Updating window title bar state: overlay mode, drag disabled, window buttons hidden, title bar hidden
[2026.09.16-17.56.32:787][300]LogUObjectHash: Compacting FUObjectHashTables data took   0.81ms
[2026.09.16-17.56.32:804][301]LogPlayLevel: Display: Destroying online subsystem :Context_29
[2026.09.16-17.56.44:108][966]Cmd: CAMERA ALIGN ACTIVEVIEWPORTONLY
[2026.09.16-17.57.11:520][523]LogTemp: Repeating last play command: Selected Viewport
[2026.09.16-17.57.11:527][523]LogPlayLevel: PlayLevel: No blueprints needed recompiling
[2026.09.16-17.57.11:527][523]PIE: New page: PIE session: V2 (Sep 17, 2026, 9:57:11 AM)
[2026.09.16-17.57.11:527][523]LogPlayLevel: Creating play world package: /Game/FirstPersonBP/Maps/UEDPIE_0_V2
[2026.09.16-17.57.11:565][523]LogPlayLevel: PIE: StaticDuplicateObject took: (0.037379s)
[2026.09.16-17.57.11:565][523]LogAIModule: Creating AISystem for world V2
[2026.09.16-17.57.11:566][523]LogPlayLevel: PIE: World Init took: (0.000908s)
[2026.09.16-17.57.11:566][523]LogPlayLevel: PIE: Created PIE world by copying editor world from /Game/FirstPersonBP/Maps/V2.V2 to /Game/FirstPersonBP/Maps/UEDPIE_0_V2.V2 (0.038432s)
[2026.09.16-17.57.11:586][523]LogUObjectHash: Compacting FUObjectHashTables data took   1.16ms
[2026.09.16-17.57.11:588][523]LogAudio: Display: Creating Audio Device:                 Id: 29, Scope: Unique, Realtime: True
[2026.09.16-17.57.11:588][523]LogAudioMixer: Display: Audio Mixer Platform Settings:
[2026.09.16-17.57.11:588][523]LogAudioMixer: Display: 	Sample Rate:						  48000
[2026.09.16-17.57.11:588][523]LogAudioMixer: Display: 	Callback Buffer Frame Size Requested: 1024
[2026.09.16-17.57.11:588][523]LogAudioMixer: Display: 	Callback Buffer Frame Size To Use:	  1024
[2026.09.16-17.57.11:588][523]LogAudioMixer: Display: 	Number of buffers to queue:			  2
[2026.09.16-17.57.11:588][523]LogAudioMixer: Display: 	Max Channels (voices):				  32
[2026.09.16-17.57.11:588][523]LogAudioMixer: Display: 	Number of Async Source Workers:		  0
[2026.09.16-17.57.11:588][523]LogAudio: Display: AudioDevice MaxSources: 32
[2026.09.16-17.57.11:588][523]LogAudio: Display: Audio Spatialization Plugin: None (built-in).
[2026.09.16-17.57.11:588][523]LogAudio: Display: Audio Reverb Plugin: None (built-in).
[2026.09.16-17.57.11:588][523]LogAudio: Display: Audio Occlusion Plugin: None (built-in).
[2026.09.16-17.57.11:588][523]LogAudioMixer: Display: Initializing audio mixer.
[2026.09.16-17.57.11:592][523]LogAudioMixer: Display: 0: FrontLeft
[2026.09.16-17.57.11:592][523]LogAudioMixer: Display: 1: FrontRight
[2026.09.16-17.57.11:605][523]LogAudioMixer: Display: Using Audio Device Headphones (Intel® Smart Sound Technology for Bluetooth® Audio)
[2026.09.16-17.57.11:606][523]LogAudioMixer: Display: Initializing Sound Submixes...
[2026.09.16-17.57.11:606][523]LogAudioMixer: Display: Creating Master Submix 'MasterSubmixDefault'
[2026.09.16-17.57.11:606][523]LogAudioMixer: Display: Creating Master Submix 'MasterReverbSubmixDefault'
[2026.09.16-17.57.11:606][523]LogAudioMixer: Display: Creating Master Submix 'MasterEQSubmixDefault'
[2026.09.16-17.57.11:606][523]LogAudioMixer: FMixerPlatformXAudio2::StartAudioStream() called
[2026.09.16-17.57.11:606][523]LogAudioMixer: Display: Output buffers initialized: Frames=1024, Channels=2, Samples=2048
[2026.09.16-17.57.11:607][523]LogAudioMixer: Display: Starting AudioMixerPlatformInterface::RunInternal()
[2026.09.16-17.57.11:607][523]LogAudioMixer: Display: FMixerPlatformXAudio2::SubmitBuffer() called for the first time
[2026.09.16-17.57.11:607][523]LogInit: FAudioDevice initialized.
[2026.09.16-17.57.11:607][523]LogAudio: Display: Audio Device (ID: 29) registered with world 'V2'.
[2026.09.16-17.57.11:616][523]LogLoad: Game class is 'FirstPersonGameMode_C'
[2026.09.16-17.57.11:619][523]LogWorld: Bringing World /Game/FirstPersonBP/Maps/UEDPIE_0_V2.V2 up for play (max tick rate 60) at 2026.09.17-01.57.11
[2026.09.16-17.57.11:619][523]LogWorld: Bringing up level for play took: 0.002445
[2026.09.16-17.57.11:619][523]LogOnline: OSS: Creating online subsystem instance for: :Context_30
[2026.09.16-17.57.11:621][523]PIE: Server logged in
[2026.09.16-17.57.11:622][523]PIE: Play in editor total start time 0.096 seconds.
[2026.09.16-17.57.16:923][837]LogSlate: Updating window title bar state: overlay mode, drag disabled, window buttons hidden, title bar hidden
[2026.09.16-17.57.16:923][837]LogWorld: BeginTearingDown for /Game/FirstPersonBP/Maps/UEDPIE_0_V2
[2026.09.16-17.57.16:924][837]LogWorld: UWorld::CleanupWorld for V2, bSessionEnded=true, bCleanupResources=true
[2026.09.16-17.57.16:924][837]LogSlate: InvalidateAllWidgets triggered.  All widgets were invalidated
[2026.09.16-17.57.16:934][837]LogPlayLevel: Display: Shutting down PIE online subsystems
[2026.09.16-17.57.16:941][837]LogSlate: InvalidateAllWidgets triggered.  All widgets were invalidated
[2026.09.16-17.57.16:958][837]LogAudio: Display: Audio Device unregistered from world 'None'.
[2026.09.16-17.57.16:958][837]LogAudioMixer: FMixerPlatformXAudio2::StopAudioStream() called
[2026.09.16-17.57.16:958][837]LogAudioMixer: FMixerPlatformXAudio2::StopAudioStream() called
[2026.09.16-17.57.16:961][837]LogSlate: Updating window title bar state: overlay mode, drag disabled, window buttons hidden, title bar hidden
[2026.09.16-17.57.16:964][837]LogUObjectHash: Compacting FUObjectHashTables data took   1.02ms
[2026.09.16-17.57.16:982][838]LogPlayLevel: Display: Destroying online subsystem :Context_30
[2026.09.16-17.57.21:822][121]Cmd: CAMERA ALIGN ACTIVEVIEWPORTONLY
[2026.09.16-17.57.24:697][293]LogActorComponent: UnregisterComponent: (/Engine/Transient.SphereBrushComponent) Not registered. Aborting.
[2026.09.16-17.57.34:578][874]LogEditorViewport: Clicking on Actor (LMB): BP_Sky_Sphere_C (SkySphereBlueprint)
[2026.09.16-17.57.37:584][ 52]Cmd: OBJ SAVEPACKAGE PACKAGE="/Game/FirstPersonBP/Maps/V2" FILE="D:/inGGIT/SteelEnclo_LD_BO/MyProject/Content/FirstPersonBP/Maps/V2.umap" SILENT=true AUTOSAVING=false KEEPDIRTY=false
[2026.09.16-17.57.37:600][ 52]LogUObjectHash: Compacting FUObjectHashTables data took   0.88ms
[2026.09.16-17.57.37:692][ 52]LogSavePackage: Moving 'D:/inGGIT/SteelEnclo_LD_BO/MyProject/Saved/V2807A537A4311FDF599A73CA28C28DE3F.tmp' to 'D:/inGGIT/SteelEnclo_LD_BO/MyProject/Content/FirstPersonBP/Maps/V2.umap'
[2026.09.16-17.57.37:849][ 52]AssetCheck: New page: Asset Save: V2
[2026.09.16-17.57.37:849][ 52]LogContentValidation: Display: Validating World /Game/FirstPersonBP/Maps/V2.V2
[2026.09.16-17.57.38:633][ 98]Cmd: OBJ SAVEPACKAGE PACKAGE="/Game/FirstPersonBP/Maps/V2" FILE="D:/inGGIT/SteelEnclo_LD_BO/MyProject/Content/FirstPersonBP/Maps/V2.umap" SILENT=true AUTOSAVING=false KEEPDIRTY=false
[2026.09.16-17.57.38:648][ 98]LogUObjectHash: Compacting FUObjectHashTables data took   1.01ms
[2026.09.16-17.57.38:729][ 98]LogSavePackage: Moving 'D:/inGGIT/SteelEnclo_LD_BO/MyProject/Saved/V28453572548F286A87C9F6E877516E743.tmp' to 'D:/inGGIT/SteelEnclo_LD_BO/MyProject/Content/FirstPersonBP/Maps/V2.umap'
[2026.09.16-17.57.38:747][ 98]AssetCheck: New page: Asset Save: V2
[2026.09.16-17.57.38:747][ 98]LogContentValidation: Display: Validating World /Game/FirstPersonBP/Maps/V2.V2
[2026.09.16-17.57.39:082][118]LogUObjectHash: Compacting FUObjectHashTables data took   0.19ms
[2026.09.16-17.57.41:755][278]LogUObjectHash: Compacting FUObjectHashTables data took   0.21ms
[2026.09.16-17.57.41:782][278]LogSlate: Window 'MyProject - Unreal Editor' being destroyed
[2026.09.16-17.57.41:974][279]Cmd: QUIT_EDITOR
[2026.09.16-17.57.41:975][279]LogCore: Engine exit requested (reason: UUnrealEdEngine::CloseEditor())
[2026.09.16-17.57.41:994][279]LogCore: Engine exit requested (reason: EngineExit() was called; note: exit was already requested)
[2026.09.16-17.57.42:376][279]LogAudio: Display: Beginning Audio Device Manager Shutdown (Module: AudioMixerXAudio2)...
[2026.09.16-17.57.42:376][279]LogAudio: Display: Destroying 1 Remaining Audio Device(s)...
[2026.09.16-17.57.42:376][279]LogAudio: Display: Audio Device unregistered from world 'V2'.
[2026.09.16-17.57.42:376][279]LogAudioMixer: FMixerPlatformXAudio2::StopAudioStream() called
[2026.09.16-17.57.42:382][279]LogAudioMixer: FMixerPlatformXAudio2::StopAudioStream() called
[2026.09.16-17.57.42:486][279]LogAudio: Display: Audio Device Manager Shutdown
[2026.09.16-17.57.42:490][279]LogWindowsTextInputMethodSystem: Display: IME system deactivated.
[2026.09.16-17.57.42:508][279]LogExit: Preparing to exit.
[2026.09.16-17.57.43:197][279]LogUObjectHash: Compacting FUObjectHashTables data took   1.48ms
[2026.09.16-17.57.44:282][279]LogWorld: UWorld::CleanupWorld for World_0, bSessionEnded=true, bCleanupResources=true
[2026.09.16-17.57.44:282][279]LogWorld: UWorld::CleanupWorld for World_1, bSessionEnded=true, bCleanupResources=true
[2026.09.16-17.57.44:805][279]LogDemo: Cleaned up 0 splitscreen connections with owner deletion
[2026.09.16-17.57.44:995][279]LogExit: Editor shut down
[2026.09.16-17.57.45:007][279]LogExit: Transaction tracking system shut down
[2026.09.16-17.57.46:769][279]LogExit: Object subsystem successfully closed.
[2026.09.16-17.57.46:820][279]LogShaderCompilers: Display: === FShaderJobCache stats ===
[2026.09.16-17.57.46:821][279]LogShaderCompilers: Display: Total job queries 368, among them cache hits 0 (0.00%)
[2026.09.16-17.57.46:821][279]LogShaderCompilers: Display: Tracking 368 distinct input hashes that result in 154 distinct outputs (41.85%)
[2026.09.16-17.57.46:821][279]LogShaderCompilers: Display: RAM used: 0.82 MB (0.00 GB) of 1638.40 MB (1.60 GB) budget. Usage: 0.05%
[2026.09.16-17.57.46:821][279]LogShaderCompilers: Display: ================================================
[2026.09.16-17.57.46:857][279]LogShaderCompilers: Display: Shaders left to compile 0
[2026.09.16-17.57.47:058][279]LogModuleManager: Shutting down and abandoning module MovieSceneCapture (874)
[2026.09.16-17.57.47:058][279]LogModuleManager: Shutting down and abandoning module Voice (872)
[2026.09.16-17.57.47:059][279]LogModuleManager: Shutting down and abandoning module HierarchicalLODOutliner (870)
[2026.09.16-17.57.47:059][279]LogModuleManager: Shutting down and abandoning module SceneOutliner (868)
[2026.09.16-17.57.47:059][279]LogModuleManager: Shutting down and abandoning module AddContentDialog (866)
[2026.09.16-17.57.47:077][279]LogModuleManager: Shutting down and abandoning module WidgetCarousel (865)
[2026.09.16-17.57.47:077][279]LogModuleManager: Shutting down and abandoning module EditorWidgets (862)
[2026.09.16-17.57.47:077][279]LogModuleManager: Shutting down and abandoning module StatsViewer (860)
[2026.09.16-17.57.47:077][279]LogModuleManager: Shutting down and abandoning module PIEPreviewDeviceProfileSelector (858)
[2026.09.16-17.57.47:078][279]LogModuleManager: Shutting down and abandoning module SequenceRecorderSections (856)
[2026.09.16-17.57.47:078][279]LogModuleManager: Shutting down and abandoning module AutomationWorker (854)
[2026.09.16-17.57.47:078][279]LogModuleManager: Shutting down and abandoning module SteamVREditor (852)
[2026.09.16-17.57.47:078][279]LogModuleManager: Shutting down and abandoning module OculusMR (850)
[2026.09.16-17.57.47:078][279]LogModuleManager: Shutting down and abandoning module TakeRecorderSources (848)
[2026.09.16-17.57.47:080][279]LogModuleManager: Shutting down and abandoning module TakeRecorder (847)
[2026.09.16-17.57.47:082][279]LogModuleManager: Shutting down and abandoning module TakeTrackRecorders (844)
[2026.09.16-17.57.47:083][279]LogModuleManager: Shutting down and abandoning module TakesCore (842)
[2026.09.16-17.57.47:083][279]LogModuleManager: Shutting down and abandoning module OpenXRInput (840)
[2026.09.16-17.57.47:083][279]LogModuleManager: Shutting down and abandoning module GooglePADEditor (838)
[2026.09.16-17.57.47:083][279]LogModuleManager: Shutting down and abandoning module AudioCaptureEditor (836)
[2026.09.16-17.57.47:083][279]LogModuleManager: Shutting down and abandoning module MatineeToLevelSequence (834)
[2026.09.16-17.57.47:083][279]LogModuleManager: Shutting down and abandoning module TemplateSequenceEditor (832)
[2026.09.16-17.57.47:085][279]LogModuleManager: Shutting down and abandoning module LevelSequenceEditor (830)
[2026.09.16-17.57.47:088][279]LogModuleManager: Shutting down and abandoning module ActorSequenceEditor (828)
[2026.09.16-17.57.47:088][279]LogModuleManager: Shutting down and abandoning module MagicLeapMediaCodecFactory (826)
[2026.09.16-17.57.47:088][279]LogModuleManager: Shutting down and abandoning module MagicLeapMediaFactory (824)
[2026.09.16-17.57.47:088][279]LogModuleManager: Shutting down and abandoning module MagicLeapMediaEditor (822)
[2026.09.16-17.57.47:088][279]LogModuleManager: Shutting down and abandoning module AndroidMediaFactory (820)
[2026.09.16-17.57.47:088][279]LogModuleManager: Shutting down and abandoning module AndroidMediaEditor (818)
[2026.09.16-17.57.47:088][279]LogModuleManager: Shutting down and abandoning module AvfMediaFactory (816)
[2026.09.16-17.57.47:088][279]LogModuleManager: Shutting down and abandoning module AvfMediaEditor (814)
[2026.09.16-17.57.47:088][279]LogModuleManager: Shutting down and abandoning module WmfMediaFactory (812)
[2026.09.16-17.57.47:088][279]LogModuleManager: Shutting down and abandoning module WmfMediaEditor (810)
[2026.09.16-17.57.47:088][279]LogModuleManager: Shutting down and abandoning module WebMMediaFactory (808)
[2026.09.16-17.57.47:088][279]LogModuleManager: Shutting down and abandoning module WebMMediaEditor (806)
[2026.09.16-17.57.47:088][279]LogModuleManager: Shutting down and abandoning module WebMMedia (804)
[2026.09.16-17.57.47:089][279]LogModuleManager: Shutting down and abandoning module MediaCompositingEditor (802)
[2026.09.16-17.57.47:089][279]LogModuleManager: Shutting down and abandoning module SequenceRecorder (801)
[2026.09.16-17.57.47:090][279]LogModuleManager: Shutting down and abandoning module MediaPlayerEditor (798)
[2026.09.16-17.57.47:090][279]LogModuleManager: Shutting down and abandoning module OpenExrWrapper (796)
[2026.09.16-17.57.47:090][279]LogModuleManager: Shutting down and abandoning module ImgMediaFactory (794)
[2026.09.16-17.57.47:090][279]LogModuleManager: Shutting down and abandoning module ImgMediaEditor (792)
[2026.09.16-17.57.47:090][279]LogModuleManager: Shutting down and abandoning module PlanarCut (790)
[2026.09.16-17.57.47:091][279]LogModuleManager: Shutting down and abandoning module CharacterAI (788)
[2026.09.16-17.57.47:091][279]LogModuleManager: Shutting down and abandoning module TextureAlignMode (786)
[2026.09.16-17.57.47:091][279]LogModuleManager: Shutting down and abandoning module BspMode (784)
[2026.09.16-17.57.47:091][279]LogModuleManager: Shutting down and abandoning module GeometryMode (782)
[2026.09.16-17.57.47:091][279]LogModuleManager: Shutting down and abandoning module CameraShakePreviewer (780)
[2026.09.16-17.57.47:091][279]LogModuleManager: Shutting down and abandoning module SmartSnapping (778)
[2026.09.16-17.57.47:091][279]LogModuleManager: Shutting down and abandoning module SessionServices (776)
[2026.09.16-17.57.47:093][279]LogModuleManager: Shutting down and abandoning module MeshPaint (774)
[2026.09.16-17.57.47:093][279]LogModuleManager: Shutting down and abandoning module VirtualTexturingEditor (772)
[2026.09.16-17.57.47:093][279]LogModuleManager: Shutting down and abandoning module FoliageEdit (770)
[2026.09.16-17.57.47:093][279]LogModuleManager: Shutting down and abandoning module LandscapeEditor (768)
[2026.09.16-17.57.47:094][279]LogModuleManager: Shutting down and abandoning module MeshPaintMode (766)
[2026.09.16-17.57.47:095][279]LogModuleManager: Shutting down and abandoning module SceneDepthPickerMode (764)
[2026.09.16-17.57.47:095][279]LogModuleManager: Shutting down and abandoning module ActorPickerMode (762)
[2026.09.16-17.57.47:095][279]LogModuleManager: Shutting down and abandoning module PlacementMode (760)
[2026.09.16-17.57.47:095][279]LogModuleManager: Shutting down and abandoning module ViewportSnapping (758)
[2026.09.16-17.57.47:095][279]LogModuleManager: Shutting down and abandoning module ViewportInteraction (756)
[2026.09.16-17.57.47:095][279]LogModuleManager: Shutting down and abandoning module ClothPainter (754)
[2026.09.16-17.57.47:097][279]LogModuleManager: Shutting down and abandoning module SkeletalMeshEditor (753)
[2026.09.16-17.57.47:097][279]LogModuleManager: Shutting down and abandoning module LogVisualizer (750)
[2026.09.16-17.57.47:098][279]LogModuleManager: Shutting down and abandoning module IntroTutorials (748)
[2026.09.16-17.57.47:099][279]LogModuleManager: Shutting down and abandoning module GameProjectGeneration (747)
[2026.09.16-17.57.47:099][279]LogModuleManager: Shutting down and abandoning module LuminPlatformEditor (744)
[2026.09.16-17.57.47:099][279]LogModuleManager: Shutting down and abandoning module IOSPlatformEditor (742)
[2026.09.16-17.57.47:099][279]LogModuleManager: Shutting down and abandoning module AndroidPlatformEditor (740)
[2026.09.16-17.57.47:099][279]LogModuleManager: Shutting down and abandoning module AndroidDeviceDetection (739)
[2026.09.16-17.57.47:928][279]LogModuleManager: Shutting down and abandoning module WindowsPlatformEditor (736)
[2026.09.16-17.57.47:928][279]LogModuleManager: Shutting down and abandoning module LuminRuntimeSettings (734)
[2026.09.16-17.57.47:928][279]LogModuleManager: Shutting down and abandoning module IOSRuntimeSettings (732)
[2026.09.16-17.57.47:928][279]LogModuleManager: Shutting down and abandoning module AndroidRuntimeSettings (730)
[2026.09.16-17.57.47:928][279]LogModuleManager: Shutting down and abandoning module TraceInsights (728)
[2026.09.16-17.57.47:930][279]MemoryProfiler: Shutdown
[2026.09.16-17.57.47:930][279]NetworkingProfiler: Shutdown
[2026.09.16-17.57.47:930][279]LoadingProfiler: Shutdown
[2026.09.16-17.57.47:931][279]TimingProfiler: Shutdown
[2026.09.16-17.57.47:933][279]LogModuleManager: Shutting down and abandoning module TraceServices (727)
[2026.09.16-17.57.47:933][279]LogModuleManager: Shutting down and abandoning module EditorInteractiveToolsFramework (724)
[2026.09.16-17.57.47:933][279]LogModuleManager: Shutting down and abandoning module TimeManagementEditor (722)
[2026.09.16-17.57.47:933][279]LogModuleManager: Shutting down and abandoning module InputBindingEditor (720)
[2026.09.16-17.57.47:934][279]LogModuleManager: Shutting down and abandoning module MergeActors (718)
[2026.09.16-17.57.47:934][279]LogModuleManager: Shutting down and abandoning module LocalizationDashboard (716)
[2026.09.16-17.57.47:935][279]LogModuleManager: Shutting down and abandoning module LocalizationService (715)
[2026.09.16-17.57.47:935][279]LogModuleManager: Shutting down and abandoning module HardwareTargeting (712)
[2026.09.16-17.57.47:935][279]LogModuleManager: Shutting down and abandoning module DeviceProfileEditor (710)
[2026.09.16-17.57.47:935][279]LogModuleManager: Shutting down and abandoning module UndoHistory (708)
[2026.09.16-17.57.47:936][279]LogModuleManager: Shutting down and abandoning module XmlParser (706)
[2026.09.16-17.57.47:936][279]LogModuleManager: Shutting down and abandoning module Blutility (704)
[2026.09.16-17.57.47:936][279]LogModuleManager: Shutting down and abandoning module ProjectSettingsViewer (702)
[2026.09.16-17.57.47:936][279]LogModuleManager: Shutting down and abandoning module ProjectTargetPlatformEditor (701)
[2026.09.16-17.57.47:936][279]LogModuleManager: Shutting down and abandoning module EditorSettingsViewer (698)
[2026.09.16-17.57.47:936][279]LogModuleManager: Shutting down and abandoning module InternationalizationSettings (697)
[2026.09.16-17.57.47:936][279]LogModuleManager: Shutting down and abandoning module SettingsEditor (694)
[2026.09.16-17.57.47:937][279]LogModuleManager: Shutting down and abandoning module ProjectLauncher (692)
[2026.09.16-17.57.47:937][279]LogModuleManager: Shutting down and abandoning module SessionFrontend (690)
[2026.09.16-17.57.47:937][279]LogModuleManager: Shutting down and abandoning module ProfilerClient (688)
[2026.09.16-17.57.47:937][279]LogModuleManager: Shutting down and abandoning module DeviceManager (686)
[2026.09.16-17.57.47:938][279]LogModuleManager: Shutting down and abandoning module TargetDeviceServices (685)
[2026.09.16-17.57.47:971][279]LogModuleManager: Shutting down and abandoning module AutomationController (682)
[2026.09.16-17.57.47:971][279]LogModuleManager: Shutting down and abandoning module AutomationWindow (680)
[2026.09.16-17.57.47:971][279]LogModuleManager: Shutting down and abandoning module Layers (678)
[2026.09.16-17.57.47:972][279]LogModuleManager: Shutting down and abandoning module ComponentVisualizers (676)
[2026.09.16-17.57.47:972][279]LogModuleManager: Shutting down and abandoning module DetailCustomizations (674)
[2026.09.16-17.57.47:973][279]LogModuleManager: Shutting down and abandoning module PackagesDialog (672)
[2026.09.16-17.57.47:973][279]LogModuleManager: Shutting down and abandoning module AnimationBlueprintEditor (670)
[2026.09.16-17.57.47:974][279]LogModuleManager: Shutting down and abandoning module Persona (668)
[2026.09.16-17.57.47:975][279]LogModuleManager: Shutting down and abandoning module AdvancedPreviewScene (667)
[2026.09.16-17.57.47:975][279]LogModuleManager: Shutting down and abandoning module AnimGraph (665)
[2026.09.16-17.57.47:976][279]LogModuleManager: Shutting down and abandoning module Kismet (662)
[2026.09.16-17.57.47:978][279]LogModuleManager: Shutting down and abandoning module KismetWidgets (661)
[2026.09.16-17.57.47:978][279]LogModuleManager: Shutting down and abandoning module GraphEditor (658)
[2026.09.16-17.57.47:979][279]LogModuleManager: Shutting down and abandoning module StructViewer (656)
[2026.09.16-17.57.47:979][279]LogModuleManager: Shutting down and abandoning module ClassViewer (654)
[2026.09.16-17.57.47:986][279]LogModuleManager: Shutting down and abandoning module Toolbox (652)
[2026.09.16-17.57.47:986][279]LogModuleManager: Shutting down and abandoning module ModuleUI (650)
[2026.09.16-17.57.47:987][279]LogModuleManager: Shutting down and abandoning module OutputLog (648)
[2026.09.16-17.57.47:996][279]LogModuleManager: Shutting down and abandoning module GammaUI (646)
[2026.09.16-17.57.47:997][279]LogModuleManager: Shutting down and abandoning module Documentation (644)
[2026.09.16-17.57.47:997][279]LogModuleManager: Shutting down and abandoning module LiveCoding (642)
[2026.09.16-17.57.47:998][279]LogModuleManager: Shutting down and abandoning module LevelSequence (640)
[2026.09.16-17.57.47:998][279]LogModuleManager: Shutting down and abandoning module MovieSceneTracks (638)
[2026.09.16-17.57.47:998][279]LogModuleManager: Shutting down and abandoning module MovieScene (636)
[2026.09.16-17.57.47:998][279]LogModuleManager: Shutting down and abandoning module StreamingPauseRendering (634)
[2026.09.16-17.57.47:998][279]LogModuleManager: Shutting down and abandoning module LauncherPlatform (632)
[2026.09.16-17.57.47:998][279]LogModuleManager: Shutting down and abandoning module AnalyticsET (630)
[2026.09.16-17.57.47:998][279]LogModuleManager: Shutting down and abandoning module PortalServices (628)
[2026.09.16-17.57.47:998][279]LogModuleManager: Shutting down and abandoning module PortalRpc (626)
[2026.09.16-17.57.47:998][279]LogModuleManager: Shutting down and abandoning module MessagingRpc (624)
[2026.09.16-17.57.47:998][279]LogModuleManager: Shutting down and abandoning module AudioMixerXAudio2 (622)
[2026.09.16-17.57.47:999][279]LogModuleManager: Shutting down and abandoning module AudioMixerCore (621)
[2026.09.16-17.57.47:999][279]LogModuleManager: Shutting down and abandoning module AIModule (618)
[2026.09.16-17.57.47:999][279]LogModuleManager: Shutting down and abandoning module GameplayDebugger (617)
[2026.09.16-17.57.47:999][279]LogModuleManager: Shutting down and abandoning module AITestSuite (615)
[2026.09.16-17.57.47:999][279]LogModuleManager: Shutting down and abandoning module NavigationSystem (613)
[2026.09.16-17.57.47:999][279]LogModuleManager: Shutting down and abandoning module ImageWriteQueue (610)
[2026.09.16-17.57.48:018][279]LogModuleManager: Shutting down and abandoning module ProfilerService (608)
[2026.09.16-17.57.48:113][279]LogModuleManager: Shutting down and abandoning module TaskGraph (606)
[2026.09.16-17.57.48:114][279]LogModuleManager: Shutting down and abandoning module AudioSynesthesiaEditor (604)
[2026.09.16-17.57.48:114][279]LogModuleManager: Shutting down and abandoning module OculusEditor (602)
[2026.09.16-17.57.48:119][279]LogModuleManager: Shutting down and abandoning module OculusInput (600)
[2026.09.16-17.57.48:119][279]LogModuleManager: Shutting down and abandoning module ContentBrowserClassDataSource (598)
[2026.09.16-17.57.48:119][279]LogModuleManager: Shutting down and abandoning module ContentBrowserFileDataSource (596)
[2026.09.16-17.57.48:119][279]LogModuleManager: Shutting down and abandoning module ContentBrowserAssetDataSource (594)
[2026.09.16-17.57.48:119][279]LogModuleManager: Shutting down and abandoning module CollectionManager (593)
[2026.09.16-17.57.48:121][279]LogModuleManager: Shutting down and abandoning module TakeSequencer (590)
[2026.09.16-17.57.48:121][279]LogModuleManager: Shutting down and abandoning module TakeMovieScene (588)
[2026.09.16-17.57.48:121][279]LogModuleManager: Shutting down and abandoning module ScreenshotTools (586)
[2026.09.16-17.57.48:121][279]LogModuleManager: Shutting down and abandoning module SynthesisEditor (584)
[2026.09.16-17.57.48:121][279]LogModuleManager: Shutting down and abandoning module Synthesis (582)
[2026.09.16-17.57.48:122][279]LogModuleManager: Shutting down and abandoning module ProceduralMeshComponentEditor (580)
[2026.09.16-17.57.48:122][279]LogModuleManager: Shutting down and abandoning module ProceduralMeshComponent (578)
[2026.09.16-17.57.48:122][279]LogModuleManager: Shutting down and abandoning module OpenXREditor (576)
[2026.09.16-17.57.48:124][279]LogModuleManager: Shutting down and abandoning module MobilePatchingUtils (574)
[2026.09.16-17.57.48:124][279]LogModuleManager: Shutting down and abandoning module GooglePAD (572)
[2026.09.16-17.57.48:124][279]LogModuleManager: Shutting down and abandoning module EditableMesh (570)
[2026.09.16-17.57.48:124][279]LogModuleManager: Shutting down and abandoning module CustomMeshComponent (568)
[2026.09.16-17.57.48:124][279]LogModuleManager: Shutting down and abandoning module CableComponent (566)
[2026.09.16-17.57.48:124][279]LogModuleManager: Shutting down and abandoning module AudioCapture (564)
[2026.09.16-17.57.48:124][279]LogModuleManager: Shutting down and abandoning module AudioCaptureRtAudio (563)
[2026.09.16-17.57.48:125][279]LogModuleManager: Shutting down and abandoning module AppleImageUtilsBlueprintSupport (560)
[2026.09.16-17.57.48:125][279]LogModuleManager: Shutting down and abandoning module AppleImageUtils (558)
[2026.09.16-17.57.48:125][279]LogModuleManager: Shutting down and abandoning module AssetTags (556)
[2026.09.16-17.57.48:125][279]LogModuleManager: Shutting down and abandoning module ArchVisCharacter (554)
[2026.09.16-17.57.48:125][279]LogModuleManager: Shutting down and abandoning module MagicLeapLightEstimation (552)
[2026.09.16-17.57.48:125][279]LogModuleManager: Shutting down and abandoning module MagicLeapSharedWorld (550)
[2026.09.16-17.57.48:125][279]LogModuleManager: Shutting down and abandoning module AndroidPermission (548)
[2026.09.16-17.57.48:125][279]LogModuleManager: Shutting down and abandoning module ActorLayerUtilitiesEditor (546)
[2026.09.16-17.57.48:125][279]LogModuleManager: Shutting down and abandoning module ActorLayerUtilities (544)
[2026.09.16-17.57.48:126][279]LogModuleManager: Shutting down and abandoning module TemplateSequence (542)
[2026.09.16-17.57.48:126][279]LogModuleManager: Shutting down and abandoning module MagicLeapHelperVulkan (540)
[2026.09.16-17.57.48:126][279]LogModuleManager: Shutting down and abandoning module MagicLeapHelperOpenGL (538)
[2026.09.16-17.57.48:126][279]LogModuleManager: Shutting down and abandoning module MagicLeapAudio (536)
[2026.09.16-17.57.48:126][279]LogModuleManager: Shutting down and abandoning module MediaCompositing (534)
[2026.09.16-17.57.48:126][279]LogModuleManager: Shutting down and abandoning module ImgMedia (532)
[2026.09.16-17.57.48:126][279]LogModuleManager: Shutting down and abandoning module NiagaraEditorWidgets (530)
[2026.09.16-17.57.48:130][279]LogModuleManager: Shutting down and abandoning module OpenImageDenoise (528)
[2026.09.16-17.57.48:130][279]LogOpenImageDenoise: OIDN shutting down
[2026.09.16-17.57.48:131][279]LogModuleManager: Shutting down and abandoning module FractureEditor (526)
[2026.09.16-17.57.48:131][279]LogModuleManager: Shutting down and abandoning module ChaosClothEditor (524)
[2026.09.16-17.57.48:132][279]LogModuleManager: Shutting down and abandoning module MeshConversion (522)
[2026.09.16-17.57.48:132][279]LogModuleManager: Shutting down and abandoning module DynamicMesh (520)
[2026.09.16-17.57.48:133][279]LogModuleManager: Shutting down and abandoning module GeometryAlgorithms (518)
[2026.09.16-17.57.48:134][279]LogModuleManager: Shutting down and abandoning module GeometricObjects (516)
[2026.09.16-17.57.48:134][279]LogModuleManager: Shutting down and abandoning module MotoSynthEditor (514)
[2026.09.16-17.57.48:134][279]LogModuleManager: Shutting down and abandoning module MotoSynth (512)
[2026.09.16-17.57.48:134][279]LogModuleManager: Shutting down and abandoning module ChaosSolverEditor (510)
[2026.09.16-17.57.48:134][279]LogModuleManager: Shutting down and abandoning module SpeedTreeImporter (508)
[2026.09.16-17.57.48:134][279]LogModuleManager: Shutting down and abandoning module GeometryCacheTracks (506)
[2026.09.16-17.57.48:134][279]LogModuleManager: Shutting down and abandoning module GeometryCacheStreamer (504)
[2026.09.16-17.57.48:134][279]LogModuleManager: Shutting down and abandoning module GeometryCacheSequencer (502)
[2026.09.16-17.57.48:135][279]LogModuleManager: Shutting down and abandoning module GeometryCollectionTracks (500)
[2026.09.16-17.57.48:135][279]LogModuleManager: Shutting down and abandoning module GeometryCollectionSequencer (499)
[2026.09.16-17.57.48:135][279]LogModuleManager: Shutting down and abandoning module GeometryCollectionEditor (496)
[2026.09.16-17.57.48:135][279]LogModuleManager: Shutting down and abandoning module ChaosNiagara (494)
[2026.09.16-17.57.48:136][279]LogModuleManager: Shutting down and abandoning module FieldSystemEngine (493)
[2026.09.16-17.57.48:136][279]LogModuleManager: Shutting down and abandoning module AutomationUtilsEditor (490)
[2026.09.16-17.57.48:136][279]LogModuleManager: Shutting down and abandoning module AutomationUtils (488)
[2026.09.16-17.57.48:136][279]LogModuleManager: Shutting down and abandoning module BackChannel (486)
[2026.09.16-17.57.48:136][279]LogModuleManager: Shutting down and abandoning module CryptoKeysOpenSSL (484)
[2026.09.16-17.57.48:136][279]LogModuleManager: Shutting down and abandoning module CryptoKeys (482)
[2026.09.16-17.57.48:136][279]LogModuleManager: Shutting down and abandoning module AlembicImporter (480)
[2026.09.16-17.57.48:136][279]LogModuleManager: Shutting down and abandoning module AlembicLibrary (479)
[2026.09.16-17.57.48:136][279]LogModuleManager: Shutting down and abandoning module GeometryCache (478)
[2026.09.16-17.57.48:136][279]LogModuleManager: Shutting down and abandoning module GeometryCacheEd (477)
[2026.09.16-17.57.48:136][279]LogModuleManager: Shutting down and abandoning module PluginBrowser (472)
[2026.09.16-17.57.48:141][279]LogModuleManager: Shutting down and abandoning module PlasticSourceControl (470)
[2026.09.16-17.57.48:144][279]LogModuleManager: Shutting down and abandoning module MobileLauncherProfileWizard (468)
[2026.09.16-17.57.48:145][279]LogModuleManager: Shutting down and abandoning module MaterialAnalyzer (466)
[2026.09.16-17.57.48:146][279]LogModuleManager: Shutting down and abandoning module VariantManagerContentEditor (464)
[2026.09.16-17.57.48:146][279]LogModuleManager: Shutting down and abandoning module CurveEditorTools (462)
[2026.09.16-17.57.48:147][279]LogModuleManager: Shutting down and abandoning module GitSourceControl (460)
[2026.09.16-17.57.48:149][279]LogModuleManager: Shutting down and abandoning module PerforceSourceControl (458)
[2026.09.16-17.57.48:150][279]LogModuleManager: Shutting down and abandoning module DatasmithContentEditor (456)
[2026.09.16-17.57.48:151][279]LogModuleManager: Shutting down and abandoning module VisualStudioCodeSourceCodeAccess (454)
[2026.09.16-17.57.48:151][279]LogModuleManager: Shutting down and abandoning module PluginUtils (452)
[2026.09.16-17.57.48:151][279]LogModuleManager: Shutting down and abandoning module VisualStudioSourceCodeAccess (450)
[2026.09.16-17.57.48:151][279]LogModuleManager: Shutting down and abandoning module CLionSourceCodeAccess (448)
[2026.09.16-17.57.48:151][279]LogModuleManager: Shutting down and abandoning module UObjectPlugin (446)
[2026.09.16-17.57.48:151][279]LogModuleManager: Shutting down and abandoning module SubversionSourceControl (444)
[2026.09.16-17.57.48:152][279]LogModuleManager: Shutting down and abandoning module SourceControl (443)
[2026.09.16-17.57.48:152][279]LogModuleManager: Shutting down and abandoning module RiderSourceCodeAccess (440)
[2026.09.16-17.57.48:153][279]LogModuleManager: Shutting down and abandoning module AnimationSharingEd (438)
[2026.09.16-17.57.48:153][279]LogModuleManager: Shutting down and abandoning module LightPropagationVolumeEditor (436)
[2026.09.16-17.57.48:153][279]LogModuleManager: Shutting down and abandoning module OodleNetworkHandlerComponent (434)
[2026.09.16-17.57.48:153][279]LogModuleManager: Shutting down and abandoning module LiveLinkSequencer (432)
[2026.09.16-17.57.48:153][279]LogModuleManager: Shutting down and abandoning module LiveLinkMovieScene (430)
[2026.09.16-17.57.48:153][279]LogModuleManager: Shutting down and abandoning module LiveLinkGraphNode (428)
[2026.09.16-17.57.48:153][279]LogModuleManager: Shutting down and abandoning module LiveLinkEditor (426)
[2026.09.16-17.57.48:154][279]LogModuleManager: Shutting down and abandoning module LiveLinkComponents (424)
[2026.09.16-17.57.48:154][279]LogModuleManager: Shutting down and abandoning module LiveLink (422)
[2026.09.16-17.57.49:006][279]LogModuleManager: Shutting down and abandoning module PaperTiledImporter (420)
[2026.09.16-17.57.49:006][279]LogModuleManager: Shutting down and abandoning module PaperSpriteSheetImporter (418)
[2026.09.16-17.57.49:006][279]LogModuleManager: Shutting down and abandoning module Paper2DEditor (416)
[2026.09.16-17.57.49:007][279]LogModuleManager: Shutting down and abandoning module MeshPaintingToolset (414)
[2026.09.16-17.57.49:007][279]LogModuleManager: Shutting down and abandoning module MeshPaintEditorMode (412)
[2026.09.16-17.57.49:007][279]LogModuleManager: Shutting down and abandoning module PropertyAccessEditor (410)
[2026.09.16-17.57.49:007][279]LogModuleManager: Shutting down and abandoning module SoundFields (408)
[2026.09.16-17.57.49:007][279]LogModuleManager: Shutting down and abandoning module SignificanceManager (406)
[2026.09.16-17.57.49:007][279]LogModuleManager: Shutting down and abandoning module RuntimePhysXCooking (404)
[2026.09.16-17.57.49:007][279]LogModuleManager: Shutting down and abandoning module PhysXVehiclesEditor (402)
[2026.09.16-17.57.49:007][279]LogModuleManager: Shutting down and abandoning module LocationServicesBPLibrary (398)
[2026.09.16-17.57.49:007][279]LogModuleManager: Shutting down and abandoning module AudioSynesthesia (396)
[2026.09.16-17.57.49:007][279]LogModuleManager: Shutting down and abandoning module AudioSynesthesiaCore (394)
[2026.09.16-17.57.49:007][279]LogModuleManager: Shutting down and abandoning module MagicLeapARPin (392)
[2026.09.16-17.57.49:007][279]LogModuleManager: Shutting down and abandoning module ActorSequence (390)
[2026.09.16-17.57.49:007][279]LogModuleManager: Shutting down and abandoning module UdpMessaging (388)
[2026.09.16-17.57.49:110][279]LogModuleManager: Shutting down and abandoning module TcpMessaging (386)
[2026.09.16-17.57.49:211][279]LogModuleManager: Shutting down and abandoning module MagicLeapHandMeshing (384)
[2026.09.16-17.57.49:211][279]LogModuleManager: Shutting down and abandoning module MagicLeapSecureStorage (382)
[2026.09.16-17.57.49:211][279]LogModuleManager: Shutting down and abandoning module MagicLeapPrivileges (380)
[2026.09.16-17.57.49:211][279]LogModuleManager: Shutting down and abandoning module MagicLeapPlanes (378)
[2026.09.16-17.57.49:211][279]LogMagicLeapPlanes: Planes tracker already destroyed.
[2026.09.16-17.57.49:212][279]LogModuleManager: Shutting down and abandoning module MagicLeapImageTracker (376)
[2026.09.16-17.57.49:212][279]LogModuleManager: Shutting down and abandoning module MagicLeapIdentity (374)
[2026.09.16-17.57.49:212][279]LogModuleManager: Shutting down and abandoning module MagicLeapHandTracking (372)
[2026.09.16-17.57.49:212][279]LogModuleManager: Shutting down and abandoning module MagicLeapEyeTracker (370)
[2026.09.16-17.57.49:212][279]LogModuleManager: Shutting down and abandoning module MagicLeapController (368)
[2026.09.16-17.57.49:212][279]LogModuleManager: Shutting down and abandoning module MagicLeapARPinImpl (366)
[2026.09.16-17.57.49:212][279]LogModuleManager: Shutting down and abandoning module MagicLeapAR (364)
[2026.09.16-17.57.49:212][279]LogModuleManager: Shutting down and abandoning module ImgMediaEngine (362)
[2026.09.16-17.57.49:212][279]LogModuleManager: Shutting down and abandoning module NiagaraAnimNotifies (360)
[2026.09.16-17.57.49:212][279]LogModuleManager: Shutting down and abandoning module Niagara (358)
[2026.09.16-17.57.49:214][279]LogModuleManager: Shutting down and abandoning module SignalProcessing (357)
[2026.09.16-17.57.49:215][279]LogModuleManager: Shutting down and abandoning module NiagaraEditor (355)
[2026.09.16-17.57.49:216][279]LogModuleManager: Shutting down and abandoning module NiagaraCore (352)
[2026.09.16-17.57.49:216][279]LogModuleManager: Shutting down and abandoning module PythonScriptPlugin (350)
[2026.09.16-17.57.49:217][279]LogModuleManager: Shutting down and abandoning module DataValidation (348)
[2026.09.16-17.57.49:217][279]LogModuleManager: Shutting down and abandoning module GameplayTagsEditor (346)
[2026.09.16-17.57.49:217][279]LogModuleManager: Shutting down and abandoning module FacialAnimationEditor (344)
[2026.09.16-17.57.49:217][279]LogModuleManager: Shutting down and abandoning module FacialAnimation (342)
[2026.09.16-17.57.49:217][279]LogModuleManager: Shutting down and abandoning module AssetManagerEditor (340)
[2026.09.16-17.57.49:218][279]LogModuleManager: Shutting down and abandoning module LevelEditor (339)
[2026.09.16-17.57.49:231][279]LogModuleManager: Shutting down and abandoning module PixelInspectorModule (338)
[2026.09.16-17.57.49:232][279]LogModuleManager: Shutting down and abandoning module CommonMenuExtensions (336)
[2026.09.16-17.57.49:233][279]LogModuleManager: Shutting down and abandoning module MainFrame (334)
[2026.09.16-17.57.49:234][279]LogModuleManager: Shutting down and abandoning module HotReload (333)
[2026.09.16-17.57.49:235][279]LogModuleManager: Shutting down and abandoning module ToolMenus (329)
[2026.09.16-17.57.49:235][279]LogModuleManager: Shutting down and abandoning module ContentBrowser (327)
[2026.09.16-17.57.49:235][279]LogModuleManager: Shutting down and abandoning module ContentBrowserData (326)
[2026.09.16-17.57.49:235][279]LogModuleManager: Shutting down and abandoning module TreeMap (323)
[2026.09.16-17.57.49:236][279]LogModuleManager: Shutting down and abandoning module PropertyAccessNode (320)
[2026.09.16-17.57.49:236][279]LogModuleManager: Shutting down and abandoning module AnimationSharing (318)
[2026.09.16-17.57.49:236][279]LogModuleManager: Shutting down and abandoning module LightPropagationVolumeRuntime (316)
[2026.09.16-17.57.49:236][279]LogModuleManager: Shutting down and abandoning module GameplayCameras (314)
[2026.09.16-17.57.49:236][279]LogModuleManager: Shutting down and abandoning module EnvironmentQueryEditor (312)
[2026.09.16-17.57.49:236][279]LogModuleManager: Shutting down and abandoning module Paper2D (310)
[2026.09.16-17.57.49:236][279]LogModuleManager: Shutting down and abandoning module WebMMoviePlayer (308)
[2026.09.16-17.57.49:236][279]LogModuleManager: Shutting down and abandoning module WindowsMoviePlayer (306)
[2026.09.16-17.57.49:237][279]LogModuleManager: Shutting down and abandoning module NetworkReplayStreaming (304)
[2026.09.16-17.57.49:237][279]LogModuleManager: Shutting down and abandoning module PacketHandler (302)
[2026.09.16-17.57.49:237][279]LogModuleManager: Shutting down and abandoning module ClothingSystemEditor (300)
[2026.09.16-17.57.49:237][279]LogModuleManager: Shutting down and abandoning module ClothingSystemRuntimeNv (298)
[2026.09.16-17.57.49:238][279]LogModuleManager: Shutting down and abandoning module MediaAssets (296)
[2026.09.16-17.57.49:238][279]LogModuleManager: Shutting down and abandoning module Overlay (294)
[2026.09.16-17.57.49:238][279]LogModuleManager: Shutting down and abandoning module OverlayEditor (293)
[2026.09.16-17.57.49:238][279]LogModuleManager: Shutting down and abandoning module VREditor (290)
[2026.09.16-17.57.49:238][279]LogModuleManager: Shutting down and abandoning module StringTableEditor (288)
[2026.09.16-17.57.49:239][279]LogModuleManager: Shutting down and abandoning module GameplayTasksEditor (286)
[2026.09.16-17.57.49:239][279]LogModuleManager: Shutting down and abandoning module BehaviorTreeEditor (284)
[2026.09.16-17.57.49:239][279]LogModuleManager: Shutting down and abandoning module FunctionalTesting (282)
[2026.09.16-17.57.49:239][279]LogModuleManager: Shutting down and abandoning module CollisionAnalyzer (280)
[2026.09.16-17.57.49:240][279]LogModuleManager: Shutting down and abandoning module WorkspaceMenuStructure (279)
[2026.09.16-17.57.49:241][279]LogModuleManager: Shutting down and abandoning module UMG (276)
[2026.09.16-17.57.49:241][279]LogModuleManager: Shutting down and abandoning module UMGEditor (275)
[2026.09.16-17.57.49:242][279]LogModuleManager: Shutting down and abandoning module MessageLog (273)
[2026.09.16-17.57.49:242][279]LogModuleManager: Shutting down and abandoning module SlateReflector (268)
[2026.09.16-17.57.49:244][279]LogModuleManager: Shutting down and abandoning module Slate (266)
[2026.09.16-17.57.49:244][279]LogModuleManager: Shutting down and abandoning module SlateCore (264)
[2026.09.16-17.57.49:244][279]LogModuleManager: Shutting down and abandoning module LandscapeEditorUtilities (262)
[2026.09.16-17.57.49:244][279]LogModuleManager: Shutting down and abandoning module UnrealEd (260)
[2026.09.16-17.57.49:244][279]LogModuleManager: Shutting down and abandoning module MRMesh (258)
[2026.09.16-17.57.49:244][279]LogModuleManager: Shutting down and abandoning module SourceCodeAccess (256)
[2026.09.16-17.57.49:244][279]LogModuleManager: Shutting down and abandoning module HeadMountedDisplay (254)
[2026.09.16-17.57.49:244][279]LogModuleManager: Shutting down and abandoning module XAudio2 (252)
[2026.09.16-17.57.49:244][279]LogModuleManager: Shutting down and abandoning module Networking (250)
[2026.09.16-17.57.49:244][279]LogModuleManager: Shutting down and abandoning module Core (248)
[2026.09.16-17.57.49:244][279]LogModuleManager: Shutting down and abandoning module MaterialEditor (246)
[2026.09.16-17.57.49:246][279]LogModuleManager: Shutting down and abandoning module MovieSceneTools (244)
[2026.09.16-17.57.49:247][279]LogModuleManager: Shutting down and abandoning module CurveEditor (243)
[2026.09.16-17.57.49:247][279]LogModuleManager: Shutting down and abandoning module Sequencer (241)
[2026.09.16-17.57.49:249][279]LogModuleManager: Shutting down and abandoning module EditorStyle (240)
[2026.09.16-17.57.49:253][279]LogModuleManager: Shutting down and abandoning module KismetCompiler (236)
[2026.09.16-17.57.49:253][279]LogModuleManager: Shutting down and abandoning module MeshBuilder (234)
[2026.09.16-17.57.49:253][279]LogModuleManager: Shutting down and abandoning module MeshUtilities (232)
[2026.09.16-17.57.49:253][279]LogModuleManager: Shutting down and abandoning module MeshMergeUtilities (231)
[2026.09.16-17.57.49:254][279]LogModuleManager: Shutting down and abandoning module MeshReductionInterface (230)
[2026.09.16-17.57.49:254][279]LogModuleManager: Shutting down and abandoning module MeshBoneReduction (229)
[2026.09.16-17.57.49:254][279]LogModuleManager: Shutting down and abandoning module SkeletalMeshReduction (227)
[2026.09.16-17.57.49:254][279]LogModuleManager: Shutting down and abandoning module ProxyLODMeshReduction (225)
[2026.09.16-17.57.49:255][279]LogModuleManager: Shutting down and abandoning module QuadricMeshReduction (223)
[2026.09.16-17.57.49:255][279]LogModuleManager: Shutting down and abandoning module MaterialBaking (219)
[2026.09.16-17.57.49:256][279]LogModuleManager: Shutting down and abandoning module NullInstallBundleManager (214)
[2026.09.16-17.57.49:256][279]LogModuleManager: Shutting down and abandoning module DerivedDataCache (212)
[2026.09.16-17.57.49:256][279]LogModuleManager: Shutting down and abandoning module TargetPlatform (210)
[2026.09.16-17.57.49:258][279]LogModuleManager: Shutting down and abandoning module VulkanShaderFormat (209)
[2026.09.16-17.57.49:260][279]LogModuleManager: Shutting down and abandoning module ShaderFormatVectorVM (207)
[2026.09.16-17.57.49:260][279]LogModuleManager: Shutting down and abandoning module ShaderFormatOpenGL (205)
[2026.09.16-17.57.49:260][279]LogModuleManager: Shutting down and abandoning module ShaderFormatD3D (203)
[2026.09.16-17.57.49:260][279]LogModuleManager: Shutting down and abandoning module MetalShaderFormat (201)
[2026.09.16-17.57.49:260][279]LogModuleManager: Shutting down and abandoning module TextureFormatOodle (199)
[2026.09.16-17.57.49:261][279]LogModuleManager: Shutting down and abandoning module TextureFormatUncompressed (197)
[2026.09.16-17.57.49:261][279]LogModuleManager: Shutting down and abandoning module TextureFormatPVR (195)
[2026.09.16-17.57.49:261][279]LogModuleManager: Shutting down and abandoning module TextureFormatETC2 (193)
[2026.09.16-17.57.49:261][279]LogModuleManager: Shutting down and abandoning module TextureFormatDXT (191)
[2026.09.16-17.57.49:261][279]LogModuleManager: Shutting down and abandoning module TextureFormatIntelISPCTexComp (189)
[2026.09.16-17.57.49:262][279]LogModuleManager: Shutting down and abandoning module TextureFormatASTC (187)
[2026.09.16-17.57.49:262][279]LogModuleManager: Shutting down and abandoning module ImageWrapper (186)
[2026.09.16-17.57.49:262][279]LogModuleManager: Shutting down and abandoning module AudioFormatOpus (183)
[2026.09.16-17.57.49:262][279]LogModuleManager: Shutting down and abandoning module AudioFormatOgg (181)
[2026.09.16-17.57.49:262][279]LogModuleManager: Shutting down and abandoning module AudioFormatADPCM (179)
[2026.09.16-17.57.49:262][279]LogModuleManager: Shutting down and abandoning module WindowsServerTargetPlatform (177)
[2026.09.16-17.57.49:263][279]LogModuleManager: Shutting down and abandoning module WindowsClientTargetPlatform (175)
[2026.09.16-17.57.49:263][279]LogModuleManager: Shutting down and abandoning module WindowsTargetPlatform (173)
[2026.09.16-17.57.49:263][279]LogModuleManager: Shutting down and abandoning module WindowsNoEditorTargetPlatform (171)
[2026.09.16-17.57.49:263][279]LogModuleManager: Shutting down and abandoning module TVOSTargetPlatform (169)
[2026.09.16-17.57.49:275][279]LogModuleManager: Shutting down and abandoning module MacServerTargetPlatform (167)
[2026.09.16-17.57.49:275][279]LogModuleManager: Shutting down and abandoning module MacClientTargetPlatform (165)
[2026.09.16-17.57.49:275][279]LogModuleManager: Shutting down and abandoning module MacTargetPlatform (163)
[2026.09.16-17.57.49:276][279]LogModuleManager: Shutting down and abandoning module MacNoEditorTargetPlatform (161)
[2026.09.16-17.57.49:276][279]LogModuleManager: Shutting down and abandoning module LuminTargetPlatform (159)
[2026.09.16-17.57.49:299][279]LogModuleManager: Shutting down and abandoning module LinuxAArch64ServerTargetPlatform (157)
[2026.09.16-17.57.49:299][279]LogModuleManager: Shutting down and abandoning module LinuxAArch64ClientTargetPlatform (155)
[2026.09.16-17.57.49:299][279]LogModuleManager: Shutting down and abandoning module LinuxAArch64NoEditorTargetPlatform (153)
[2026.09.16-17.57.49:299][279]LogModuleManager: Shutting down and abandoning module LinuxServerTargetPlatform (151)
[2026.09.16-17.57.49:300][279]LogModuleManager: Shutting down and abandoning module LinuxClientTargetPlatform (149)
[2026.09.16-17.57.49:300][279]LogModuleManager: Shutting down and abandoning module LinuxNoEditorTargetPlatform (147)
[2026.09.16-17.57.49:300][279]LogModuleManager: Shutting down and abandoning module LinuxTargetPlatform (145)
[2026.09.16-17.57.49:300][279]LogModuleManager: Shutting down and abandoning module Messaging (143)
[2026.09.16-17.57.49:300][279]LogModuleManager: Shutting down and abandoning module IOSTargetPlatform (141)
[2026.09.16-17.57.49:306][279]LogModuleManager: Shutting down and abandoning module AndroidTargetPlatform (139)
[2026.09.16-17.57.49:323][279]LogModuleManager: Shutting down and abandoning module AllDesktopTargetPlatform (137)
[2026.09.16-17.57.49:324][279]LogModuleManager: Shutting down and abandoning module D3D11RHI (134)
[2026.09.16-17.57.49:324][279]LogModuleManager: Shutting down and abandoning module InputCore (132)
[2026.09.16-17.57.49:324][279]LogModuleManager: Shutting down and abandoning module Settings (130)
[2026.09.16-17.57.49:324][279]LogModuleManager: Shutting down and abandoning module DirectoryWatcher (128)
[2026.09.16-17.57.49:326][279]LogModuleManager: Shutting down and abandoning module PhysXCooking (126)
[2026.09.16-17.57.49:326][279]LogModuleManager: Shutting down and abandoning module Chaos (124)
[2026.09.16-17.57.49:326][279]LogModuleManager: Shutting down and abandoning module WindowsPlatformFeatures (122)
[2026.09.16-17.57.49:326][279]LogModuleManager: Shutting down and abandoning module GameplayMediaEncoder (121)
[2026.09.16-17.57.49:326][279]LogModuleManager: Shutting down and abandoning module AVEncoder (120)
[2026.09.16-17.57.49:327][279]LogModuleManager: Shutting down and abandoning module SteamVRInputDevice (116)
[2026.09.16-17.57.49:327][279]LogModuleManager: Shutting down and abandoning module SteamVRInput (114)
[2026.09.16-17.57.49:327][279]LogModuleManager: Shutting down and abandoning module SteamVR (112)
[2026.09.16-17.57.49:327][279]LogHMD: Freeing OpenVRDLLHandle.
[2026.09.16-17.57.49:327][279]LogModuleManager: Shutting down and abandoning module OculusHMD (110)
[2026.09.16-17.57.49:327][279]LogModuleManager: Shutting down and abandoning module OnlineBlueprintSupport (108)
[2026.09.16-17.57.49:327][279]LogModuleManager: Shutting down and abandoning module OnlineSubsystem (104)
[2026.09.16-17.57.49:329][279]LogModuleManager: Shutting down and abandoning module XMPP (99)
[2026.09.16-17.57.49:330][279]LogModuleManager: Shutting down and abandoning module WebSockets (98)
[2026.09.16-17.57.49:334][279]LogModuleManager: Shutting down and abandoning module HTTP (95)
[2026.09.16-17.57.49:335][279]LogHttp: Display: Http module shutting down, but needs to wait on 1 outstanding Http requests:
[2026.09.16-17.57.49:335][279]LogHttp: Display: 	verb=[POST] url=[https://datarouter.ol.epicgames.com/datarouter/api/v1/public/data?SessionID=%7B47E8AD90-409E-809F-FDEC-70B26DD42A16%7D&AppID=UEEditor.Rocket.Release&AppVersion=4.27.2-18319896%2B%2B%2BUE4%2BRelease-4.27&UserID=de22c3ba43decee7743c7b82d2bba046%7C74750d08f8da47ffa3cb3b6fa054bc8a%7C80cb520e-b2d7-4b07-b694-d314960107a6&AppEnvironment=datacollector-binary&UploadType=eteventstream] refs=[1] status=Processing
[2026.09.16-17.57.49:335][279]LogHttp: Display: cleaning up 1 outstanding Http requests.
[2026.09.16-17.57.49:365][279]LogModuleManager: Shutting down and abandoning module SSL (94)
[2026.09.16-17.57.49:375][279]LogModuleManager: Shutting down and abandoning module OpenXRHandTracking (90)
[2026.09.16-17.57.49:377][279]LogSlate: Slate User Destroyed.  User Index 0, Is Virtual User: 0
[2026.09.16-17.57.49:378][279]LogModuleManager: Shutting down and abandoning module OpenXREyeTracker (88)
[2026.09.16-17.57.49:378][279]LogModuleManager: Shutting down and abandoning module LauncherChunkInstaller (86)
[2026.09.16-17.57.49:378][279]LogModuleManager: Shutting down and abandoning module OpenXRAR (84)
[2026.09.16-17.57.49:378][279]LogModuleManager: Shutting down and abandoning module AugmentedReality (83)
[2026.09.16-17.57.49:378][279]LogModuleManager: Shutting down and abandoning module OpenXRHMD (80)
[2026.09.16-17.57.49:382][279]LogModuleManager: Shutting down and abandoning module ExampleDeviceProfileSelector (78)
[2026.09.16-17.57.49:382][279]LogModuleManager: Shutting down and abandoning module ChunkDownloader (76)
[2026.09.16-17.57.49:382][279]LogModuleManager: Shutting down and abandoning module MLSDK (74)
[2026.09.16-17.57.49:382][279]LogModuleManager: Shutting down and abandoning module MagicLeap (72)
[2026.09.16-17.57.49:382][279]LogModuleManager: Shutting down and abandoning module WmfMedia (70)
[2026.09.16-17.57.49:386][279]LogModuleManager: Shutting down and abandoning module Media (69)
[2026.09.16-17.57.49:389][279]LogModuleManager: Shutting down and abandoning module MediaInfo (68)
[2026.09.16-17.57.49:389][279]LogModuleManager: Shutting down and abandoning module ExrReaderGpu (64)
[2026.09.16-17.57.49:389][279]LogModuleManager: Shutting down and abandoning module NiagaraVertexFactories (62)
[2026.09.16-17.57.49:389][279]LogModuleManager: Shutting down and abandoning module NiagaraShader (60)
[2026.09.16-17.57.49:390][279]LogModuleManager: Shutting down and abandoning module ChaosCloth (58)
[2026.09.16-17.57.49:390][279]LogModuleManager: Shutting down and abandoning module VariantManagerContent (56)
[2026.09.16-17.57.49:390][279]LogModuleManager: Shutting down and abandoning module PixWinPlugin (54)
[2026.09.16-17.57.49:390][279]LogModuleManager: Shutting down and abandoning module DatasmithContent (52)
[2026.09.16-17.57.49:391][279]LogModuleManager: Shutting down and abandoning module AISupportModule (50)
[2026.09.16-17.57.49:391][279]LogModuleManager: Shutting down and abandoning module DesktopPlatform (48)
[2026.09.16-17.57.49:392][279]LogModuleManager: Shutting down and abandoning module PythonScriptPluginPreload (46)
[2026.09.16-17.57.49:392][279]LogModuleManager: Shutting down and abandoning module PlatformCryptoOpenSSL (44)
[2026.09.16-17.57.49:393][279]LogModuleManager: Shutting down and abandoning module PlatformCryptoTypes (42)
[2026.09.16-17.57.49:393][279]LogModuleManager: Shutting down and abandoning module PlatformCrypto (40)
[2026.09.16-17.57.49:393][279]LogModuleManager: Shutting down and abandoning module OodleDataCompressionFormat (38)
[2026.09.16-17.57.49:393][279]LogModuleManager: Shutting down and abandoning module XGEController (36)
[2026.09.16-17.57.49:394][279]LogXGEController: Cleaning working directory: C:/Users/jeffr/AppData/Local/Temp/UnrealXGEWorkingDir/
[2026.09.16-17.57.49:394][279]LogModuleManager: Shutting down and abandoning module AnimationModifiers (34)
[2026.09.16-17.57.49:394][279]LogModuleManager: Shutting down and abandoning module AudioEditor (32)
[2026.09.16-17.57.49:399][279]LogModuleManager: Shutting down and abandoning module PropertyEditor (31)
[2026.09.16-17.57.49:401][279]LogModuleManager: Shutting down and abandoning module TextureCompressor (28)
[2026.09.16-17.57.49:402][279]LogModuleManager: Shutting down and abandoning module RenderCore (26)
[2026.09.16-17.57.49:402][279]LogModuleManager: Shutting down and abandoning module Landscape (24)
[2026.09.16-17.57.49:402][279]LogModuleManager: Shutting down and abandoning module SlateRHIRenderer (22)
[2026.09.16-17.57.49:407][279]LogModuleManager: Shutting down and abandoning module AnimGraphRuntime (20)
[2026.09.16-17.57.49:407][279]LogModuleManager: Shutting down and abandoning module Renderer (18)
[2026.09.16-17.57.49:407][279]LogModuleManager: Shutting down and abandoning module Engine (16)
[2026.09.16-17.57.49:407][279]LogModuleManager: Shutting down and abandoning module CoreUObject (14)
[2026.09.16-17.57.49:407][279]LogModuleManager: Shutting down and abandoning module NetworkFile (12)
[2026.09.16-17.57.49:408][279]LogModuleManager: Shutting down and abandoning module CookedIterativeFile (10)
[2026.09.16-17.57.49:408][279]LogModuleManager: Shutting down and abandoning module StreamingFile (8)
[2026.09.16-17.57.49:408][279]LogModuleManager: Shutting down and abandoning module SandboxFile (6)
[2026.09.16-17.57.49:408][279]LogModuleManager: Shutting down and abandoning module PakFile (4)
[2026.09.16-17.57.49:409][279]LogModuleManager: Shutting down and abandoning module RSA (3)
[2026.09.16-17.57.49:409][279]LogContentStreaming: Display: There are 1 unreleased StreamingManagers
[2026.09.16-17.57.49:486][279]LogD3D11RHI: Shutdown
[2026.09.16-17.57.49:486][279]LogD3D11RHI: CleanupD3DDevice
[2026.09.16-17.57.49:510][279]LogExit: Exiting.
[2026.09.16-17.57.49:528][279]Log file closed, 09/17/26 01:57:49
